date,precip_mm,prcp_d99,prcp_dur_hr,prcp_60m_max,prcp_60m_max_time,prcp_10m_max,prcp_10m_max_time,prcp_intensity_max,prcp_intensity_max_time,temp_min,temp_max,temp_avg,station_id
2001-01-01,1.2,1.2,2.38,,-9,,-9,-99.9,-999,-9.5,-0.8,-4.5,108
2001-01-02,,,-9.0,,-9,,-9,,-9,-9.1,-0.2,-4.3,108
2001-01-03,,,-9.0,,-9,,-9,,-9,-10.4,-5.2,-8.3,108
2001-01-04,,,-9.0,,-9,,-9,,-9,-12.5,-6.7,-9.8,108
2001-01-05,0.0,0.0,0.53,,-9,,-9,-99.9,-999,-11.0,-2.2,-6.8,108
2001-01-06,,3.8,-9.0,,-9,,-9,-99.9,-999,-8.8,0.9,-2.9,108
2001-01-07,21.7,17.9,13.17,,-9,,-9,-99.9,-999,-0.9,1.1,0.4,108
2001-01-08,,0.7,-9.0,,-9,,-9,-99.9,-999,-0.2,4.9,2.0,108
2001-01-09,8.9,8.2,9.15,,-9,,-9,-99.9,-999,-6.0,3.0,-0.4,108
2001-01-10,0.3,0.5,0.88,,-9,,-9,-99.9,-999,-9.1,-1.5,-5.0,108
2001-01-11,0.2,,0.6,,-9,,-9,-99.9,-999,-14.4,-2.2,-8.0,108
2001-01-12,,,-9.0,,-9,,-9,,-9,-15.0,-7.6,-10.7,108
2001-01-13,,,-9.0,,-9,,-9,,-9,-15.0,-6.7,-10.2,108
2001-01-14,,,-9.0,,-9,,-9,,-9,-17.7,-11.3,-15.3,108
2001-01-15,,,-9.0,,-9,,-9,,-9,-18.6,-12.4,-15.5,108
2001-01-16,,,-9.0,,-9,,-9,,-9,-16.8,-10.0,-13.4,108
2001-01-17,0.0,0.0,3.23,,-9,,-9,-99.9,-999,-15.1,-4.0,-8.4,108
2001-01-18,0.0,,3.5,,-9,,-9,-99.9,-999,-4.4,2.5,-0.9,108
2001-01-19,0.0,1.2,0.58,,-9,,-9,-99.9,-999,-3.3,3.8,0.3,108
2001-01-20,1.2,,6.95,,-9,,-9,-99.9,-999,-2.1,3.5,0.4,108
2001-01-21,,,-9.0,,-9,,-9,,-9,-3.9,1.0,-1.5,108
2001-01-22,,,-9.0,,-9,,-9,,-9,-3.9,2.5,-1.4,108
2001-01-23,,,-9.0,,-9,,-9,,-9,-6.7,1.7,-2.8,108
2001-01-24,,,-9.0,,-9,,-9,,-9,-4.3,3.9,0.3,108
2001-01-25,,,-9.0,,-9,,-9,,-9,-0.2,6.8,3.0,108
2001-01-26,0.0,1.8,0.73,,-9,,-9,-99.9,-999,0.0,2.8,1.2,108
2001-01-27,1.9,0.1,11.18,,-9,,-9,-99.9,-999,-1.8,1.8,0.0,108
2001-01-28,,,-9.0,,-9,,-9,,-9,-6.9,0.5,-3.0,108
2001-01-29,0.0,0.0,0.93,,-9,,-9,-99.9,-999,-8.0,1.8,-2.6,108
2001-01-30,,,-9.0,,-9,,-9,,-9,-2.7,2.6,-0.5,108
2001-01-31,4.0,4.0,7.35,,-9,,-9,-99.9,-999,-2.8,1.9,-0.3,108
2001-02-01,,,-9.0,,-9,,-9,,-9,-9.1,0.6,-5.8,108
2001-02-02,0.1,0.1,3.23,,-9,,-9,-99.9,-999,-10.4,-0.9,-4.9,108
2001-02-03,,,-9.0,,-9,,-9,,-9,-3.4,3.7,0.1,108
2001-02-04,,,-9.0,,-9,,-9,,-9,-1.2,5.2,1.3,108
2001-02-05,,,-9.0,,-9,,-9,,-9,-2.1,5.7,1.5,108
2001-02-06,,,-9.0,,-9,,-9,,-9,-0.7,6.3,2.6,108
2001-02-07,,,-9.0,,-9,,-9,,-9,-8.1,1.7,-2.6,108
2001-02-08,0.1,0.4,3.28,,-9,,-9,-99.9,-999,,-0.8,-4.9,108
2001-02-09,0.5,0.2,2.63,,-9,,-9,-99.9,-999,-4.7,4.0,-0.9,108
2001-02-10,,,-9.0,,-9,,-9,,-9,-3.8,1.7,-1.4,108
2001-02-11,,,-9.0,,-9,,-9,,-9,-6.5,0.1,-3.5,108
2001-02-12,,,-9.0,,-9,,-9,,-9,-6.6,0.0,-4.2,108
2001-02-13,,,-9.0,,-9,,-9,,-9,-6.4,-0.1,-3.9,108
2001-02-14,,0.7,-9.0,,-9,,-9,-99.9,-999,-6.7,-0.1,-3.6,108
2001-02-15,23.2,22.5,11.92,,-9,,-9,-99.9,-999,-5.2,0.1,-3.4,108
2001-02-16,,,-9.0,,-9,,-9,,-9,-8.6,-3.6,-6.1,108
2001-02-17,,0.0,-9.0,,-9,,-9,-99.9,-999,-7.0,0.7,-2.3,108
2001-02-18,0.0,,0.67,,-9,,-9,-99.9,-999,-0.6,5.6,2.7,108
2001-02-19,,,-9.0,,-9,,-9,,-9,1.3,7.1,3.5,108
2001-02-20,,,-9.0,,-9,,-9,,-9,-0.7,9.8,4.1,108
2001-02-21,,,-9.0,,-9,,-9,,-9,3.7,9.2,5.9,108
2001-02-22,,,-9.0,,-9,,-9,,-9,1.7,12.2,6.4,108
2001-02-23,8.2,11.7,12.87,,-9,,-9,-99.9,-999,0.4,6.2,3.5,108
2001-02-24,4.9,1.4,15.23,,-9,,-9,-99.9,-999,-2.2,2.3,0.0,108
2001-02-25,,,-9.0,,-9,,-9,,-9,-4.7,3.8,-0.5,108
2001-02-26,,,-9.0,,-9,,-9,,-9,-3.1,6.9,1.9,108
2001-02-27,7.7,8.7,6.72,,-9,,-9,-99.9,-999,-0.8,8.1,3.0,108
2001-02-28,1.0,,2.75,,-9,,-9,-99.9,-999,0.1,8.5,3.4,108
2001-03-01,,,-9.0,,-9,,-9,,-9,1.7,8.5,4.9,108
2001-03-02,,,-9.0,,-9,,-9,,-9,0.6,8.4,4.2,108
2001-03-03,11.2,11.3,5.1,,-9,,-9,-99.9,-999,-0.1,9.3,3.4,108
2001-03-04,0.8,0.7,4.63,,-9,,-9,-99.9,-999,-3.5,0.2,-1.4,108
2001-03-05,,,-9.0,,-9,,-9,,-9,-1.8,5.5,1.9,108
2001-03-06,,,-9.0,,-9,,-9,,-9,0.5,8.1,3.4,108
2001-03-07,,,-9.0,,-9,,-9,,-9,-4.0,1.7,-1.6,108
2001-03-08,,,-9.0,,-9,,-9,,-9,-6.1,-0.9,-3.6,108
2001-03-09,,,-9.0,,-9,,-9,,-9,-5.3,3.6,-0.1,108
2001-03-10,,,-9.0,,-9,,-9,,-9,-1.3,4.9,2.1,108
2001-03-11,,,-9.0,,-9,,-9,,-9,-3.6,5.4,0.6,108
2001-03-12,,,-9.0,,-9,,-9,,-9,-2.2,6.4,2.1,108
2001-03-13,,,-9.0,,-9,,-9,,-9,-1.5,11.5,4.9,108
2001-03-14,1.0,1.0,2.23,,-9,,-9,-99.9,-999,3.3,12.5,8.0,108
2001-03-15,,,-9.0,,-9,,-9,,-9,0.1,9.2,4.0,108
2001-03-16,,0.0,-9.0,,-9,,-9,-99.9,-999,-0.5,12.0,6.0,108
2001-03-17,0.0,0.0,1.87,,-9,,-9,-99.9,-999,5.1,10.3,7.5,108
2001-03-18,,,-9.0,,-9,,-9,,-9,3.5,12.5,7.7,108
2001-03-19,,,-9.0,,-9,,-9,,-9,4.3,12.9,8.2,108
2001-03-20,,,-9.0,,-9,,-9,,-9,7.3,15.7,11.3,108
2001-03-21,,0.0,-9.0,,-9,,-9,-99.9,-999,5.6,19.4,12.6,108
2001-03-22,0.0,,0.72,,-9,,-9,-99.9,-999,6.9,15.2,11.3,108
2001-03-23,,,-9.0,,-9,,-9,,-9,4.7,17.1,10.6,108
2001-03-24,,,-9.0,,-9,,-9,,-9,6.2,21.0,13.4,108
2001-03-25,,,-9.0,,-9,,-9,,-9,3.2,14.3,9.9,108
2001-03-26,,,-9.0,,-9,,-9,,-9,0.4,7.9,3.5,108
2001-03-27,2.4,5.1,4.77,,-9,,-9,-99.9,-999,0.2,7.5,2.9,108
2001-03-28,2.7,0.0,5.67,,-9,,-9,-99.9,-999,0.4,9.5,3.9,108
2001-03-29,0.0,0.0,2.1,,-9,,-9,-99.9,-999,0.2,8.1,3.3,108
2001-03-30,0.0,0.0,0.53,,-9,,-9,-99.9,-999,2.0,9.4,4.5,108
2001-03-31,,,-9.0,,-9,,-9,,-9,1.1,11.3,5.2,108
2001-04-01,,,-9.0,,-9,,-9,,-9,2.3,11.7,6.7,108
2001-04-02,0.0,0.0,3.87,0.0,-9,0.0,-9,,-9,4.9,8.8,7.0,108
2001-04-03,,,-9.0,,-9,,-9,,-9,2.1,15.0,8.9,108
2001-04-04,,,-9.0,,-9,,-9,,-9,5.0,16.6,10.4,108
2001-04-05,,,-9.0,,-9,,-9,,-9,5.0,14.2,9.4,108
2001-04-06,,,-9.0,,-9,,-9,,-9,6.8,17.5,12.1,108
2001-04-07,,,-9.0,,-9,,-9,,-9,10.6,16.7,13.6,108
2001-04-08,,,-9.0,,-9,,-9,,-9,10.2,21.5,16.3,108
2001-04-09,,,-9.0,,-9,,-9,,-9,13.2,28.2,20.8,108
2001-04-10,,0.0,-9.0,,-9,,-9,-99.9,-999,13.0,23.8,17.9,108
2001-04-11,6.5,6.5,11.28,1.6,1800,0.6,1800,10.0,32,5.9,13.4,9.3,108
2001-04-12,,,-9.0,,-9,,-9,,-9,5.4,14.3,9.1,108
2001-04-13,0.8,5.1,1.3,0.7,2300,0.3,2320,,-9,6.0,16.3,10.7,108
2001-04-14,4.3,,2.5,3.5,5,1.1,55,,-9,5.1,13.7,9.1,108
2001-04-15,,,-9.0,,-9,,-9,,-9,8.2,19.7,12.9,108
2001-04-16,,,-9.0,,-9,,-9,,-9,9.9,21.0,15.0,108
2001-04-17,,,-9.0,,-9,,-9,,-9,8.0,24.0,15.9,108
2001-04-18,,,-9.0,,-9,,-9,,-9,10.3,24.1,16.7,108
2001-04-19,,,-9.0,,-9,,-9,,-9,10.5,20.0,13.2,108
2001-04-20,,,-9.0,,-9,,-9,,-9,10.2,20.6,14.5,108
2001-04-21,,,-9.0,,-9,,-9,,-9,9.6,21.3,14.1,108
2001-04-22,,,-9.0,,-9,,-9,,-9,9.6,20.5,14.6,108
2001-04-23,,,-9.0,,-9,,-9,,-9,8.9,18.2,12.4,108
2001-04-24,,,-9.0,,-9,,-9,,-9,9.2,20.0,13.3,108
2001-04-25,,,-9.0,,-9,,-9,,-9,8.8,18.9,14.0,108
2001-04-26,,,-9.0,,-9,,-9,,-9,9.7,20.2,14.1,108
2001-04-27,,,-9.0,,-9,,-9,,-9,8.4,22.7,16.3,108
2001-04-28,0.0,0.0,0.88,0.0,-9,0.0,-9,,-9,12.9,20.6,17.3,108
2001-04-29,0.0,0.7,1.02,0.0,-9,0.0,-9,,-9,16.1,26.7,20.5,108
2001-04-30,0.7,,1.5,0.7,347,0.3,356,,-9,15.5,27.2,20.8,108
2001-05-01,0.1,0.1,0.18,0.1,-9,0.1,-9,,-9,15.1,19.4,17.2,108
2001-05-02,,,-9.0,,-9,,-9,,-9,13.7,20.3,16.2,108
2001-05-03,,0.0,-9.0,,-9,,-9,-99.9,-999,11.7,22.0,16.1,108
2001-05-04,0.8,0.8,3.0,0.8,920,0.4,930,,-9,12.5,19.1,15.0,108
2001-05-05,,,-9.0,,-9,,-9,,-9,12.4,23.9,17.5,108
2001-05-06,0.0,5.3,1.12,0.0,-9,0.0,-9,,-9,14.1,25.9,19.9,108
2001-05-07,5.4,0.1,9.58,2.4,420,0.6,540,,-9,16.1,22.5,18.3,108
2001-05-08,,1.5,-9.0,,-9,,-9,-99.9,-999,15.3,27.9,20.4,108
2001-05-09,1.5,,3.1,1.1,520,1.1,554,,-9,11.0,18.0,13.4,108
2001-05-10,,,-9.0,,-9,,-9,,-9,10.4,21.1,15.2,108
2001-05-11,,,-9.0,,-9,,-9,,-9,11.2,21.8,15.7,108
2001-05-12,,,-9.0,,-9,,-9,,-9,11.3,24.4,17.1,108
2001-05-13,,,-9.0,,-9,,-9,,-9,11.9,26.6,18.9,108
2001-05-14,,,-9.0,,-9,,-9,,-9,13.7,27.1,19.7,108
2001-05-15,0.7,0.7,6.68,0.6,1500,0.2,1515,0.1,0,13.1,19.0,16.1,108
2001-05-16,,,-9.0,,-9,,-9,,-9,11.8,23.1,17.7,108
2001-05-17,,,-9.0,,-9,,-9,,-9,14.2,27.7,20.2,108
2001-05-18,0.1,0.1,5.17,0.1,-9,0.1,-9,0.1,0,16.3,20.1,17.9,108
2001-05-19,0.0,,2.33,0.0,-9,0.0,-9,,-9,17.1,27.3,20.8,108
2001-05-20,,,-9.0,,-9,,-9,,-9,17.6,28.2,22.1,108
2001-05-21,,0.2,-9.0,,-9,,-9,-99.9,-999,18.6,31.5,24.6,108
2001-05-22,7.9,7.7,14.18,2.3,1700,0.7,920,0.8,2,18.0,24.8,20.3,108
2001-05-23,,,-9.0,,-9,,-9,,-9,17.9,29.4,23.2,108
2001-05-24,,,-9.0,,-9,,-9,,-9,18.0,27.7,22.6,108
2001-05-25,0.0,0.0,0.12,0.0,-9,0.0,-9,,-9,18.6,26.9,21.4,108
2001-05-26,,,-9.0,,-9,,-9,,-9,17.4,25.4,20.2,108
2001-05-27,,,-9.0,,-9,,-9,,-9,15.6,27.0,20.5,108
2001-05-28,,,-9.0,,-9,,-9,,-9,15.1,29.0,21.5,108
2001-05-29,,,-9.0,,-9,,-9,,-9,17.7,30.7,23.2,108
2001-05-30,,,-9.0,,-9,,-9,,-9,17.1,21.5,19.5,108
2001-05-31,,,-9.0,,-9,,-9,,-9,15.5,26.4,19.7,108
2001-06-01,0.0,0.0,2.88,0.0,-9,0.0,-9,,-9,15.6,22.5,18.8,108
2001-06-02,,,-9.0,,-9,,-9,,-9,16.3,28.8,22.0,108
2001-06-03,,,-9.0,,-9,,-9,,-9,17.0,31.2,23.8,108
2001-06-04,,,-9.0,,-9,,-9,,-9,18.8,30.1,22.4,108
2001-06-05,,,-9.0,,-9,,-9,,-9,18.6,25.3,20.9,108
2001-06-06,,,-9.0,,-9,,-9,,-9,17.5,30.8,23.2,108
2001-06-07,,,-9.0,,-9,,-9,,-9,18.8,32.6,25.3,108
2001-06-08,,,-9.0,,-9,,-9,,-9,20.4,31.3,24.9,108
2001-06-09,,,-9.0,,-9,,-9,,-9,19.8,31.7,24.8,108
2001-06-10,,,-9.0,,-9,,-9,,-9,20.8,32.7,25.8,108
2001-06-11,,0.0,-9.0,,-9,,-9,-99.9,-999,20.5,29.6,24.0,108
2001-06-12,0.1,0.1,2.03,0.1,-9,0.1,-9,0.0,-9,20.0,27.1,22.4,108
2001-06-13,0.2,1.7,8.95,0.1,-9,0.1,-9,,-9,19.8,22.5,21.3,108
2001-06-14,1.5,,1.83,1.5,215,1.4,250,,-9,18.6,27.4,22.5,108
2001-06-15,,,-9.0,,-9,,-9,,-9,17.1,28.3,22.4,108
2001-06-16,0.0,0.0,0.88,0.0,-9,0.0,-9,,-9,18.7,25.1,21.9,108
2001-06-17,6.5,18.1,4.95,3.4,2050,3.3,2050,,1,19.6,29.6,23.5,108
2001-06-18,36.0,24.9,22.28,8.8,1350,3.0,46,2.6,10,19.3,21.4,20.2,108
2001-06-19,0.5,,1.3,0.5,0,0.2,20,,-9,18.5,26.8,21.7,108
2001-06-20,2.9,2.9,0.77,2.9,1602,1.6,1623,,-9,18.7,29.3,23.3,108
2001-06-21,0.0,1.8,1.37,0.0,-9,0.0,-9,,-9,20.3,24.8,22.3,108
2001-06-22,1.8,2.4,1.9,1.0,-9,0.6,326,,-9,19.9,25.4,21.9,108
2001-06-23,2.4,0.0,4.72,1.3,453,0.5,500,,-9,19.8,23.9,21.6,108
2001-06-24,7.8,7.8,6.77,2.5,1500,0.5,1530,3.8,2,19.2,22.5,20.6,108
2001-06-25,,,-9.0,,-9,,-9,,-9,18.3,27.2,22.6,108
2001-06-26,0.0,0.8,0.95,0.0,-9,0.0,-9,,-9,19.6,26.6,22.6,108
2001-06-27,1.1,0.3,9.8,0.4,626,0.2,626,,-9,20.7,22.8,21.6,108
2001-06-28,0.0,0.0,2.15,0.0,-9,0.0,-9,,-9,21.1,26.9,23.8,108
2001-06-29,42.7,96.1,12.55,10.0,2300,4.5,2250,49.0,360,21.3,24.1,22.6,108
2001-06-30,53.9,0.5,13.97,38.0,130,9.0,140,,-9,20.1,23.5,21.3,108
2001-07-01,0.0,0.0,0.7,0.0,-9,0.0,-9,,-9,21.4,29.6,25.1,108
2001-07-02,,0.6,-9.0,,-9,,-9,-99.9,-999,24.4,30.9,27.2,108
2001-07-03,2.2,1.6,5.77,1.6,1224,1.1,1230,,-9,23.5,26.5,25.2,108
2001-07-04,,2.0,-9.0,,-9,,-9,-99.9,-999,23.3,30.9,26.0,108
2001-07-05,21.1,19.1,7.12,15.2,930,10.0,950,,-9,21.5,25.4,23.4,108
2001-07-06,0.0,0.0,0.22,0.0,-9,0.0,-9,,-9,21.1,31.8,26.1,108
2001-07-07,0.0,,0.08,0.0,-9,0.0,-9,,-9,22.6,31.5,25.9,108
2001-07-08,,,-9.0,,-9,,-9,,-9,22.0,30.9,25.3,108
2001-07-09,,,-9.0,,-9,,-9,,-9,21.7,30.3,25.1,108
2001-07-10,16.0,16.8,13.7,8.8,1400,3.5,1410,0.8,18,20.3,24.8,21.8,108
2001-07-11,1.0,0.2,10.7,0.3,100,0.1,10,,2,20.6,30.3,25.0,108
2001-07-12,0.0,0.0,4.95,0.0,-9,0.0,-9,,-9,24.2,31.8,26.7,108
2001-07-13,,,-9.0,,-9,,-9,,-9,22.3,31.4,26.7,108
2001-07-14,36.7,285.6,10.03,15.0,2300,7.5,1920,22.5,1000,21.8,28.9,24.3,108
2001-07-15,273.4,24.5,12.0,99.5,210,21.0,247,,-9,21.3,27.3,23.2,108
2001-07-16,0.0,0.0,0.15,0.0,-9,0.0,-9,,-9,21.8,30.1,25.5,108
2001-07-17,,,-9.0,,-9,,-9,,-9,20.7,32.4,26.7,108
2001-07-18,0.0,0.0,0.52,0.0,-9,0.0,-9,,-9,22.3,31.4,26.4,108
2001-07-19,,3.5,-9.0,,-9,,-9,-99.9,-999,22.7,31.7,26.4,108
2001-07-20,3.5,1.3,2.27,3.3,728,2.7,737,,-9,22.6,30.5,26.5,108
2001-07-21,24.3,23.5,9.67,17.4,1250,8.7,1259,,-9,24.1,27.5,25.9,108
2001-07-22,19.7,24.9,13.65,6.5,2256,4.7,1024,22.0,28,24.8,27.8,26.4,108
2001-07-23,26.5,21.7,11.43,17.5,917,5.0,942,,-9,24.4,30.9,25.9,108
2001-07-24,1.2,0.3,8.67,0.9,640,0.4,640,,-9,24.0,29.0,26.0,108
2001-07-25,,,-9.0,,-9,,-9,,-9,24.8,32.3,28.1,108
2001-07-26,,,-9.0,,-9,,-9,,-9,25.6,32.8,28.5,108
2001-07-27,,,-9.0,,-9,,-9,,-9,25.3,31.3,28.1,108
2001-07-28,,59.6,-9.0,,-9,,-9,-99.9,-999,25.8,31.6,28.3,108
2001-07-29,147.6,138.1,18.02,42.5,1421,13.5,1609,9.1,218,22.3,28.1,24.9,108
2001-07-30,69.6,65.6,16.4,21.5,713,7.0,623,,-9,23.6,26.8,25.2,108
2001-07-31,55.6,19.2,10.15,30.0,411,13.0,446,,-9,23.9,30.3,26.1,108
2001-08-01,48.2,38.5,7.77,23.9,1059,13.9,1102,92.5,5,23.6,31.0,26.8,108
2001-08-02,0.0,0.0,0.35,0.0,-9,0.0,-9,,-9,24.7,34.0,28.7,108
2001-08-03,,,-9.0,,-9,,-9,,-9,25.1,32.6,28.8,108
2001-08-04,,0.1,-9.0,,-9,,-9,-99.9,-999,24.3,33.8,29.5,108
2001-08-05,0.1,0.3,3.87,0.1,-9,0.1,-9,,-9,25.6,31.0,27.3,108
2001-08-06,0.3,4.5,0.93,0.2,-9,0.2,-9,,-9,24.4,32.6,28.3,108
2001-08-07,17.7,18.2,10.9,5.0,1327,3.5,1342,4.0,5,25.1,31.3,26.7,108
2001-08-08,5.0,,1.83,4.0,249,1.5,320,,-9,22.9,30.2,26.3,108
2001-08-09,,,-9.0,,-9,,-9,,-9,21.5,30.6,25.5,108
2001-08-10,,,-9.0,,-9,,-9,,-9,22.3,30.9,26.6,108
2001-08-11,,,-9.0,,-9,,-9,,-9,23.7,29.0,25.6,108
2001-08-12,0.3,3.9,1.57,0.3,1439,0.2,-9,,-9,22.2,26.3,23.9,108
2001-08-13,84.5,106.8,13.92,24.3,1107,7.7,1123,0.0,60,19.4,23.6,21.2,108
2001-08-14,25.9,37.6,6.33,19.0,28,7.1,107,,-9,20.6,29.6,25.2,108
2001-08-15,51.6,14.0,9.53,19.5,4,7.5,1948,,980,22.9,29.8,25.2,108
2001-08-16,,,-9.0,,-9,,-9,,-9,22.9,34.2,28.1,108
2001-08-17,,,-9.0,,-9,,-9,,-9,24.9,35.3,30.0,108
2001-08-18,,,-9.0,,-9,,-9,,-9,25.8,32.7,28.9,108
2001-08-19,,,-9.0,,-9,,-9,,-9,23.7,31.7,28.0,108
2001-08-20,,,-9.0,,-9,,-9,,-9,23.6,31.8,27.8,108
2001-08-21,,,-9.0,,-9,,-9,,-9,24.4,31.3,27.4,108
2001-08-22,,,-9.0,,-9,,-9,,-9,23.7,31.2,26.8,108
2001-08-23,,,-9.0,,-9,,-9,,-9,23.1,30.4,26.6,108
2001-08-24,,,-9.0,,-9,,-9,,-9,21.1,31.8,26.5,108
2001-08-25,0.0,0.0,1.9,0.0,-9,0.0,-9,,-9,22.6,28.5,25.3,108
2001-08-26,,,-9.0,,-9,,-9,,-9,20.4,30.7,25.7,108
2001-08-27,,,-9.0,,-9,,-9,,-9,21.0,31.2,25.9,108
2001-08-28,,,-9.0,,-9,,-9,,-9,19.8,30.3,25.2,108
2001-08-29,18.4,18.4,1.6,17.6,1540,8.0,1550,,-9,21.2,27.8,23.6,108
2001-08-30,,,-9.0,,-9,,-9,,-9,20.3,29.3,24.4,108
2001-08-31,,,-9.0,,-9,,-9,,-9,19.6,30.0,25.0,108
2001-09-01,,,-9.0,,-9,,-9,,-9,21.0,31.4,26.1,108
2001-09-02,,,-9.0,,-9,,-9,,-9,21.5,31.5,26.3,108
2001-09-03,,,-9.0,,-9,,-9,,-9,21.8,31.7,26.9,108
2001-09-04,,,-9.0,,-9,,-9,,-9,22.0,29.4,25.7,108
2001-09-05,,6.8,-9.0,,-9,,-9,-99.9,-999,22.0,28.6,25.3,108
2001-09-06,43.4,36.6,3.07,35.4,1416,15.5,1435,,-9,20.0,28.2,22.7,108
2001-09-07,,,-9.0,,-9,,-9,,-9,19.6,29.6,24.4,108
2001-09-08,,,-9.0,,-9,,-9,,-9,21.1,29.2,25.0,108
2001-09-09,0.0,0.0,1.32,0.0,-9,0.0,-9,,-9,22.2,27.3,24.3,108
2001-09-10,,,-9.0,,-9,,-9,,-9,20.4,28.9,24.4,108
2001-09-11,,,-9.0,,-9,,-9,,-9,19.6,27.9,23.2,108
2001-09-12,,,-9.0,,-9,,-9,,-9,17.0,27.2,22.1,108
2001-09-13,,,-9.0,,-9,,-9,,-9,17.1,28.0,22.9,108
2001-09-14,,,-9.0,,-9,,-9,,-9,17.9,26.0,21.9,108
2001-09-15,,,-9.0,,-9,,-9,,-9,17.4,30.4,23.6,108
2001-09-16,,,-9.0,,-9,,-9,,-9,18.5,30.7,24.3,108
2001-09-17,0.3,0.3,1.08,0.3,2316,0.1,-9,,-9,20.0,27.8,23.6,108
2001-09-18,0.0,,0.1,0.0,-9,0.0,-9,,-9,18.2,28.3,23.0,108
2001-09-19,,0.0,-9.0,,-9,,-9,-99.9,-999,13.9,26.8,21.0,108
2001-09-20,0.0,0.0,3.93,0.0,-9,0.0,-9,,-9,19.0,25.8,21.7,108
2001-09-21,,,-9.0,,-9,,-9,,-9,13.4,24.4,18.8,108
2001-09-22,,,-9.0,,-9,,-9,,-9,11.0,23.9,17.7,108
2001-09-23,,,-9.0,,-9,,-9,,-9,13.2,24.4,18.7,108
2001-09-24,0.2,0.2,2.95,0.2,-9,0.2,-9,4.2,26,13.7,24.8,19.0,108
2001-09-25,,,-9.0,,-9,,-9,,-9,17.3,26.9,21.3,108
2001-09-26,,,-9.0,,-9,,-9,,-9,15.3,26.2,21.1,108
2001-09-27,,,-9.0,,-9,,-9,,-9,17.6,26.5,21.4,108
2001-09-28,,,-9.0,,-9,,-9,,-9,14.7,27.8,21.1,108
2001-09-29,0.0,1.2,0.8,0.0,-9,0.0,-9,,-9,17.3,24.1,20.5,108
2001-09-30,5.4,13.0,17.32,1.6,1030,0.7,1052,,-9,14.4,20.2,15.7,108
2001-10-01,13.5,4.7,15.58,3.2,211,1.2,209,,-9,13.2,18.1,15.4,108
2001-10-02,,,-9.0,,-9,,-9,,-9,11.2,24.6,17.6,108
2001-10-03,0.1,4.9,4.43,0.1,-9,0.1,-9,,-9,16.1,21.7,18.9,108
2001-10-04,8.0,3.2,4.35,3.6,700,2.0,904,-99.9,-999,13.7,18.4,16.6,108
2001-10-05,,,-9.0,,-9,,-9,,-9,10.8,20.0,15.1,108
2001-10-06,,,-9.0,,-9,,-9,,-9,10.3,23.2,17.1,108
2001-10-07,,,-9.0,,-9,,-9,,-9,14.3,22.1,18.3,108
2001-10-08,,0.1,-9.0,,-9,,-9,-99.9,-999,15.0,24.6,19.0,108
2001-10-09,38.0,39.7,15.02,8.5,2047,2.5,2120,19.5,360,14.9,17.4,16.0,108
2001-10-10,8.3,6.5,5.38,3.4,1304,1.1,837,,-9,12.4,15.3,13.8,108
2001-10-11,,,-9.0,,-9,,-9,,-9,12.1,20.5,16.1,108
2001-10-12,,,-9.0,,-9,,-9,,-9,12.1,20.4,16.1,108
2001-10-13,,,-9.0,,-9,,-9,,-9,11.0,23.2,16.9,108
2001-10-14,,,-9.0,,-9,,-9,,-9,10.9,25.3,17.9,108
2001-10-15,0.0,0.0,2.33,0.0,-9,0.0,-9,,-9,14.7,19.1,17.1,108
2001-10-16,,,-9.0,,-9,,-9,,-9,13.4,21.1,16.9,108
2001-10-17,,,-9.0,,-9,,-9,,-9,9.0,17.8,12.9,108
2001-10-18,,,-9.0,,-9,,-9,,-9,8.8,19.6,14.0,108
2001-10-19,,,-9.0,,-9,,-9,,-9,8.8,20.6,14.7,108
2001-10-20,,,-9.0,,-9,,-9,,-9,10.0,21.0,15.7,108
2001-10-21,,0.0,-9.0,,-9,,-9,-99.9,-999,10.5,23.7,17.0,108
2001-10-22,0.0,,0.95,0.0,-9,0.0,-9,,-9,14.9,23.5,18.4,108
2001-10-23,,,-9.0,,-9,,-9,,-9,12.0,22.3,16.8,108
2001-10-24,,,-9.0,,-9,,-9,,-9,11.2,22.4,16.5,108
2001-10-25,,,-9.0,,-9,,-9,,-9,12.4,22.9,17.6,108
2001-10-26,,,-9.0,,-9,,-9,,-9,14.0,22.6,17.8,108
2001-10-27,0.0,0.3,0.42,0.0,-9,0.0,-9,-99.9,-999,12.8,20.4,17.0,108
2001-10-28,0.3,,4.45,0.2,-9,0.1,-9,,-9,14.9,23.0,18.1,108
2001-10-29,,,-9.0,,-9,,-9,,-9,13.5,19.8,15.8,108
2001-10-30,,,-9.0,,-9,,-9,,-9,11.7,19.4,15.5,108
2001-10-31,0.0,7.0,0.33,0.0,-9,0.0,-9,,-9,12.7,17.0,15.2,108
2001-11-01,7.0,,3.67,,-9,,-9,-99.9,-999,5.4,15.9,11.5,108
2001-11-02,,,-9.0,,-9,,-9,,-9,2.7,13.4,8.4,108
2001-11-03,,,-9.0,,-9,,-9,,-9,7.0,15.6,9.9,108
2001-11-04,,0.0,-9.0,,-9,,-9,-99.9,-999,2.9,13.9,8.9,108
2001-11-05,3.3,3.3,6.8,,-9,,-9,-99.9,-999,5.3,10.3,8.5,108
2001-11-06,,,-9.0,,-9,,-9,,-9,0.8,8.9,4.5,108
2001-11-07,,,-9.0,,-9,,-9,,-9,-0.3,12.3,5.9,108
2001-11-08,0.1,0.2,0.33,,-9,,-9,-99.9,-999,3.2,15.3,9.6,108
2001-11-09,0.1,,0.75,,-9,,-9,-99.9,-999,7.2,16.0,10.6,108
2001-11-10,,,-9.0,,-9,,-9,,-9,4.2,14.4,9.2,108
2001-11-11,,,-9.0,,-9,,-9,,-9,5.4,14.0,9.3,108
2001-11-12,,,-9.0,,-9,,-9,,-9,3.6,11.6,7.5,108
2001-11-13,,,-9.0,,-9,,-9,,-9,2.0,8.9,4.7,108
2001-11-14,,,-9.0,,-9,,-9,,-9,-0.2,9.6,4.4,108
2001-11-15,,,-9.0,,-9,,-9,,-9,0.7,9.9,5.1,108
2001-11-16,,,-9.0,,-9,,-9,,-9,3.0,10.5,7.1,108
2001-11-17,,,-9.0,,-9,,-9,,-9,3.1,11.5,7.2,108
2001-11-18,,,-9.0,,-9,,-9,,-9,1.4,12.7,6.7,108
2001-11-19,,,-9.0,,-9,,-9,,-9,2.2,14.3,7.9,108
2001-11-20,,,-9.0,,-9,,-9,,-9,3.2,13.9,8.6,108
2001-11-21,,,-9.0,,-9,,-9,,-9,6.4,14.2,9.5,108
2001-11-22,,,-9.0,,-9,,-9,,-9,4.6,12.6,8.2,108
2001-11-23,,,-9.0,,-9,,-9,,-9,6.8,13.0,9.2,108
2001-11-24,1.0,1.0,0.92,,-9,,-9,-99.9,-999,6.1,12.7,9.4,108
2001-11-25,,,-9.0,,-9,,-9,,-9,-0.5,9.3,3.1,108
2001-11-26,,,-9.0,,-9,,-9,,-9,-2.0,3.4,0.2,108
2001-11-27,0.0,0.0,1.9,,-9,,-9,-99.9,-999,-3.1,4.4,0.9,108
2001-11-28,0.0,1.0,1.52,,-9,,-9,-99.9,-999,3.4,9.6,7.3,108
2001-11-29,1.5,0.5,9.0,,-9,,-9,-99.9,-999,4.0,8.2,6.5,108
2001-11-30,,,-9.0,,-9,,-9,,-9,-1.2,4.9,1.6,108
2001-12-01,2.0,2.0,3.58,,-9,,-9,-99.9,-999,-3.4,8.0,2.1,108
2001-12-02,,,-9.0,,-9,,-9,,-9,-1.0,4.8,1.4,108
2001-12-03,,,-9.0,,-9,,-9,,-9,0.2,3.6,2.1,108
2001-12-04,,,-9.0,,-9,,-9,,-9,-1.3,8.4,2.7,108
2001-12-05,,,-9.0,,-9,,-9,,-9,0.1,4.6,1.8,108
2001-12-06,,,-9.0,,-9,,-9,,-9,-2.4,3.2,0.1,108
2001-12-07,,,-9.0,,-9,,-9,,-9,-5.0,3.8,-0.7,108
2001-12-08,,,-9.0,,-9,,-9,,-9,-2.0,6.3,2.0,108
2001-12-09,,,-9.0,,-9,,-9,,-9,-1.2,5.4,2.0,108
2001-12-10,,,-9.0,,-9,,-9,,-9,-2.0,8.1,2.9,108
2001-12-11,,,-9.0,,-9,,-9,,-9,1.5,10.9,5.9,108
2001-12-12,5.5,5.7,9.47,,-9,,-9,-99.9,-999,3.9,8.0,5.4,108
2001-12-13,0.2,,0.75,,-9,,-9,-99.9,-999,-5.6,4.2,-2.6,108
2001-12-14,,,-9.0,,-9,,-9,,-9,-6.9,-2.3,-5.1,108
2001-12-15,,,-9.0,,-9,,-9,,-9,-7.9,-2.6,-5.5,108
2001-12-16,,0.1,-9.0,,-9,,-9,-99.9,-999,-8.6,1.0,-3.3,108
2001-12-17,0.1,,3.4,,-9,,-9,-99.9,-999,-6.8,1.3,-2.6,108
2001-12-18,,,-9.0,,-9,,-9,,-9,-8.8,-1.0,-4.9,108
2001-12-19,,,-9.0,,-9,,-9,,-9,-7.5,0.9,-3.6,108
2001-12-20,,0.0,-9.0,,-9,,-9,-99.9,-999,-5.4,2.6,-1.6,108
2001-12-21,0.0,0.0,2.5,,-9,,-9,-99.9,-999,-3.9,1.1,-1.6,108
2001-12-22,,,-9.0,,-9,,-9,,-9,-6.2,0.8,-2.9,108
2001-12-23,,0.0,-9.0,,-9,,-9,-99.9,-999,-7.1,2.6,-2.1,108
2001-12-24,0.0,0.0,2.28,,-9,,-9,-99.9,-999,-3.3,3.3,-0.2,108
2001-12-25,0.0,,0.85,,-9,,-9,-99.9,-999,-2.6,6.8,1.4,108
2001-12-26,,,-9.0,,-9,,-9,,-9,-2.4,3.1,-0.4,108
2001-12-27,,,-9.0,,-9,,-9,,-9,-4.7,2.7,-1.4,108
2001-12-28,,0.2,-9.0,,-9,,-9,-99.9,-999,-5.1,3.0,-1.5,108
2001-12-29,1.2,1.0,7.8,,-9,,-9,-99.9,-999,-3.8,3.3,-1.5,108
2001-12-30,,,-9.0,,-9,,-9,,-9,-7.3,-0.6,-4.6,108
2001-12-31,6.7,6.7,8.05,,-9,,-9,-99.9,-999,-6.8,1.3,-2.1,108
2002-01-01,,,-9.0,,-9,,-9,,-9,-7.5,1.3,-4.8,108
2002-01-02,,,-9.0,,-9,,-9,,-9,-11.4,-7.3,-9.9,108
2002-01-03,,0.0,-9.0,,-9,,-9,-99.9,-999,-12.0,-2.0,-6.5,108
2002-01-04,0.0,0.0,3.45,,-9,,-9,-99.9,-999,-3.4,5.7,1.5,108
2002-01-05,,,-9.0,,-9,,-9,,-9,-3.0,1.9,-0.7,108
2002-01-06,,1.5,-9.0,,-9,,-9,-99.9,-999,-5.4,5.2,0.0,108
2002-01-07,1.5,0.0,5.08,,-9,,-9,-99.9,-999,-6.9,3.7,-2.5,108
2002-01-08,,,-9.0,,-9,,-9,,-9,-8.0,-3.9,-6.6,108
2002-01-09,,,-9.0,,-9,,-9,,-9,-8.3,1.0,-3.5,108
2002-01-10,,,-9.0,,-9,,-9,,-9,-1.1,5.7,2.2,108
2002-01-11,,,-9.0,,-9,,-9,,-9,0.8,8.1,3.7,108
2002-01-12,,,-9.0,,-9,,-9,,-9,0.5,9.6,4.9,108
2002-01-13,,1.0,-9.0,,-9,,-9,-99.9,-999,4.0,11.1,7.4,108
2002-01-14,1.0,13.0,2.47,,-9,,-9,-99.9,-999,6.2,13.4,10.5,108
2002-01-15,13.5,8.5,13.87,,-9,,-9,-99.9,-999,11.0,13.5,12.2,108
2002-01-16,8.5,1.5,11.45,,-9,,-9,-99.9,-999,3.3,12.3,7.0,108
2002-01-17,1.5,0.5,11.53,,-9,,-9,-99.9,-999,2.0,4.7,3.1,108
2002-01-18,,,-9.0,,-9,,-9,,-9,-0.7,6.2,2.2,108
2002-01-19,,0.0,-9.0,,-9,,-9,-99.9,-999,1.9,10.0,5.1,108
2002-01-20,6.5,6.5,12.65,,-9,,-9,-99.9,-999,0.6,5.2,2.4,108
2002-01-21,4.0,4.0,5.7,,-9,,-9,-99.9,-999,-3.0,1.9,-0.1,108
2002-01-22,0.0,0.0,2.22,,-9,,-9,-99.9,-999,-6.0,-2.2,-4.6,108
2002-01-23,,,-9.0,,-9,,-9,,-9,-6.7,-0.6,-4.2,108
2002-01-24,,,-9.0,,-9,,-9,,-9,-6.0,1.0,-2.8,108
2002-01-25,,,-9.0,,-9,,-9,,-9,-7.2,3.3,-1.9,108
2002-01-26,0.5,0.5,9.92,,-9,,-9,-99.9,-999,-1.6,3.8,1.5,108
2002-01-27,,,-9.0,,-9,,-9,,-9,-3.1,2.2,-0.2,108
2002-01-28,,,-9.0,,-9,,-9,,-9,-4.9,0.1,-3.0,108
2002-01-29,0.4,0.4,2.08,,-9,,-9,-99.9,-999,-6.2,2.9,-1.7,108
2002-01-30,,,-9.0,,-9,,-9,,-9,-3.1,2.3,-0.5,108
2002-01-31,,,-9.0,,-9,,-9,,-9,-4.8,2.0,-1.8,108
2002-02-01,,,-9.0,,-9,,-9,,-9,-3.9,5.6,1.4,108
2002-02-02,,,-9.0,,-9,,-9,,-9,2.2,8.1,4.3,108
2002-02-03,,,-9.0,,-9,,-9,,-9,-1.1,10.3,4.0,108
2002-02-04,,,-9.0,,-9,,-9,,-9,0.0,9.0,3.9,108
2002-02-05,,,-9.0,,-9,,-9,,-9,0.9,9.0,4.7,108
2002-02-06,0.0,0.0,1.78,,-9,,-9,-99.9,-999,3.2,9.4,5.9,108
2002-02-07,,,-9.0,,-9,,-9,,-9,0.6,9.1,4.2,108
2002-02-08,0.0,0.0,5.28,,-9,,-9,-99.9,-999,-3.2,4.8,2.0,108
2002-02-09,,0.0,-9.0,,-9,,-9,-99.9,-999,-5.1,1.3,-1.9,108
2002-02-10,0.0,0.0,4.23,,-9,,-9,-99.9,-999,-3.2,2.8,-0.6,108
2002-02-11,0.0,0.0,1.3,,-9,,-9,-99.9,-999,-5.0,2.7,-1.7,108
2002-02-12,,,-9.0,,-9,,-9,,-9,-4.7,2.9,-1.1,108
2002-02-13,,,-9.0,,-9,,-9,,-9,-3.3,4.3,0.2,108
2002-02-14,,,-9.0,,-9,,-9,,-9,-3.0,5.8,1.2,108
2002-02-15,,,-9.0,,-9,,-9,,-9,-3.3,6.9,1.7,108
2002-02-16,,,-9.0,,-9,,-9,,-9,-0.3,6.3,3.5,108
2002-02-17,1.4,1.4,2.73,,-9,,-9,-99.9,-999,-1.6,6.4,2.7,108
2002-02-18,,,-9.0,,-9,,-9,,-9,-4.8,2.5,-1.7,108
2002-02-19,,,-9.0,,-9,,-9,,-9,-5.0,4.1,-0.5,108
2002-02-20,,,-9.0,,-9,,-9,,-9,-2.8,8.2,3.1,108
2002-02-21,1.0,1.0,6.08,,-9,,-9,-99.9,-999,1.6,6.1,3.9,108
2002-02-22,,,-9.0,,-9,,-9,,-9,3.3,9.6,5.6,108
2002-02-23,,,-9.0,,-9,,-9,,-9,2.1,10.2,5.0,108
2002-02-24,,,-9.0,,-9,,-9,,-9,0.4,12.6,6.3,108
2002-02-25,,,-9.0,,-9,,-9,,-9,2.6,8.4,5.3,108
2002-02-26,,,-9.0,,-9,,-9,,-9,2.9,10.8,6.4,108
2002-02-27,,,-9.0,,-9,,-9,,-9,4.6,10.6,7.3,108
2002-02-28,,,-9.0,,-9,,-9,,-9,2.9,11.3,6.1,108
2002-03-01,,,-9.0,,-9,,-9,,-9,1.1,13.1,6.6,108
2002-03-02,,,-9.0,,-9,,-9,,-9,4.5,11.5,7.0,108
2002-03-03,,,-9.0,,-9,,-9,,-9,2.3,9.4,4.8,108
2002-03-04,,,-9.0,,-9,,-9,,-9,-0.7,8.3,4.2,108
2002-03-05,0.5,3.0,12.4,,-9,,-9,-99.9,-999,1.4,6.2,4.0,108
2002-03-06,2.5,0.0,12.18,,-9,,-9,-99.9,-999,-0.9,4.6,1.8,108
2002-03-07,,,-9.0,,-9,,-9,,-9,-2.9,5.8,1.2,108
2002-03-08,,,-9.0,,-9,,-9,,-9,-0.9,8.7,3.8,108
2002-03-09,,0.5,-9.0,,-9,,-9,-99.9,-999,2.4,14.9,9.2,108
2002-03-10,0.5,,4.22,,-9,,-9,-99.9,-999,6.0,13.3,9.1,108
2002-03-11,,,-9.0,,-9,,-9,,-9,3.2,12.6,7.4,108
2002-03-12,,,-9.0,,-9,,-9,,-9,3.5,15.5,9.3,108
2002-03-13,,,-9.0,,-9,,-9,,-9,5.7,19.4,11.5,108
2002-03-14,0.0,1.0,2.92,,-9,,-9,-99.9,-999,7.6,14.5,10.4,108
2002-03-15,1.0,,2.57,,-9,,-9,-99.9,-999,6.2,12.0,8.5,108
2002-03-16,,,-9.0,,-9,,-9,,-9,3.1,13.6,8.4,108
2002-03-17,,,-9.0,,-9,,-9,,-9,6.1,14.0,9.4,108
2002-03-18,,,-9.0,,-9,,-9,,-9,3.9,11.8,7.4,108
2002-03-19,,,-9.0,,-9,,-9,,-9,4.3,14.2,8.5,108
2002-03-20,,17.0,-9.0,,-9,,-9,-99.9,-999,3.5,18.2,11.9,108
2002-03-21,17.0,,6.53,,-9,,-9,-99.9,-999,4.6,13.9,7.1,108
2002-03-22,,,-9.0,,-9,,-9,,-9,3.5,9.7,6.5,108
2002-03-23,,,-9.0,,-9,,-9,,-9,1.7,8.7,4.7,108
2002-03-24,,,-9.0,,-9,,-9,,-9,0.6,9.1,5.2,108
2002-03-25,,,-9.0,,-9,,-9,,-9,1.8,12.1,7.3,108
2002-03-26,,,-9.0,,-9,,-9,,-9,5.1,12.5,9.1,108
2002-03-27,,,-9.0,,-9,,-9,,-9,6.1,15.8,10.5,108
2002-03-28,,,-9.0,,-9,,-9,,-9,6.1,17.2,11.3,108
2002-03-29,,,-9.0,,-9,,-9,,-9,9.3,17.4,12.3,108
2002-03-30,10.0,10.0,10.27,,-9,,-9,-99.9,-999,6.5,11.4,8.9,108
2002-03-31,0.0,0.0,1.33,,-9,,-9,-99.9,-999,7.3,14.5,9.6,108
2002-04-01,,,-9.0,,-9,,-9,,-9,6.6,19.3,13.0,108
2002-04-02,,,-9.0,,-9,,-9,,-9,8.5,22.6,15.5,108
2002-04-03,,,-9.0,,-9,,-9,,-9,10.4,20.8,15.1,108
2002-04-04,,,-9.0,,-9,,-9,,-9,8.3,21.8,15.0,108
2002-04-05,1.0,16.0,2.08,0.9,2300,0.5,2316,,-9,10.6,25.2,17.7,108
2002-04-06,24.5,9.5,13.02,7.5,758,2.0,757,,-9,9.5,13.6,11.1,108
2002-04-07,0.1,0.1,6.25,0.1,-9,0.1,-9,,-9,7.9,10.9,8.9,108
2002-04-08,,,-9.0,,-9,,-9,,-9,5.1,12.4,8.3,108
2002-04-09,,,-9.0,,-9,,-9,,-9,4.3,11.5,7.0,108
2002-04-10,,,-9.0,,-9,,-9,,-9,4.3,12.9,8.4,108
2002-04-11,,,-9.0,,-9,,-9,,-9,4.9,13.6,9.4,108
2002-04-12,8.5,8.5,2.7,7.5,1555,2.5,1642,,-9,7.6,15.4,9.9,108
2002-04-13,,,-9.0,,-9,,-9,,-9,5.3,16.0,11.6,108
2002-04-14,,,-9.0,,-9,,-9,,-9,14.4,23.5,19.2,108
2002-04-15,0.0,10.5,0.05,0.0,-9,0.0,-9,,-9,17.3,23.9,19.8,108
2002-04-16,20.5,10.0,12.83,6.5,1119,2.5,408,,-9,9.9,18.1,13.7,108
2002-04-17,,,-9.0,,-9,,-9,,-9,7.2,12.3,9.8,108
2002-04-18,,,-9.0,,-9,,-9,,-9,6.2,16.3,11.3,108
2002-04-19,,,-9.0,,-9,,-9,,-9,6.0,18.4,12.5,108
2002-04-20,,,-9.0,,-9,,-9,,-9,6.3,21.7,14.6,108
2002-04-21,,,-9.0,,-9,,-9,,-9,9.6,23.8,17.0,108
2002-04-22,,,-9.0,,-9,,-9,,-9,12.9,27.7,21.0,108
2002-04-23,,,-9.0,,-9,,-9,,-9,13.0,22.2,17.0,108
2002-04-24,,,-9.0,,-9,,-9,,-9,7.0,13.4,10.5,108
2002-04-25,,,-9.0,,-9,,-9,,-9,4.9,16.6,10.9,108
2002-04-26,,,-9.0,,-9,,-9,,-9,6.7,20.6,14.3,108
2002-04-27,,,-9.0,,-9,,-9,,-9,11.6,22.2,16.4,108
2002-04-28,,5.5,-9.0,,-9,,-9,-99.9,-999,11.2,25.3,18.6,108
2002-04-29,70.0,94.5,19.93,10.0,2244,3.0,2334,14.0,118,12.2,19.1,14.9,108
2002-04-30,30.5,0.5,12.25,12.5,202,4.0,209,,-9,13.7,15.9,14.6,108
2002-05-01,,,-9.0,,-9,,-9,,-9,11.6,25.7,18.9,108
2002-05-02,3.0,12.0,2.23,2.5,2231,0.5,2227,,-9,11.6,25.3,18.3,108
2002-05-03,9.0,,7.5,2.5,219,1.0,431,,-9,12.4,19.6,16.0,108
2002-05-04,,,-9.0,,-9,,-9,,-9,13.6,25.9,19.1,108
2002-05-05,,,-9.0,,-9,,-9,,-9,14.1,25.2,19.6,108
2002-05-06,6.0,21.5,9.07,2.5,2151,0.5,1908,4.1,50,11.1,19.7,15.6,108
2002-05-07,21.5,6.0,19.3,4.5,509,1.0,330,1.6,0,10.6,12.0,11.4,108
2002-05-08,,,-9.0,,-9,,-9,,-9,10.0,23.1,16.6,108
2002-05-09,,,-9.0,,-9,,-9,,-9,13.2,23.4,18.3,108
2002-05-10,,,-9.0,,-9,,-9,,-9,14.3,23.1,18.5,108
2002-05-11,,,-9.0,,-9,,-9,,-9,14.2,23.5,17.9,108
2002-05-12,,,-9.0,,-9,,-9,,-9,12.2,22.3,16.4,108
2002-05-13,,,-9.0,,-9,,-9,,-9,12.5,24.9,18.3,108
2002-05-14,,0.5,-9.0,,-9,,-9,-99.9,-999,15.4,25.6,21.3,108
2002-05-15,8.0,8.0,11.03,2.0,1902,1.0,2309,4.4,72,13.9,22.0,18.1,108
2002-05-16,3.5,3.5,13.92,1.0,1450,0.5,1510,3.6,40,12.6,17.3,14.9,108
2002-05-17,1.5,1.0,16.75,0.5,1100,0.5,1100,0.0,0,11.2,15.3,13.4,108
2002-05-18,,,-9.0,,-9,,-9,,-9,11.6,23.6,16.9,108
2002-05-19,,,-9.0,,-9,,-9,,-9,13.1,22.1,17.3,108
2002-05-20,,,-9.0,,-9,,-9,,-9,13.5,25.9,19.3,108
2002-05-21,,,-9.0,,-9,,-9,,-9,13.6,25.7,19.6,108
2002-05-22,,,-9.0,,-9,,-9,,-9,15.8,26.0,20.0,108
2002-05-23,,,-9.0,,-9,,-9,,-9,15.6,27.7,21.9,108
2002-05-24,,,-9.0,,-9,,-9,,-9,15.3,25.3,19.9,108
2002-05-25,,,-9.0,,-9,,-9,,-9,14.0,26.6,19.9,108
2002-05-26,,,-9.0,,-9,,-9,,-9,14.0,24.3,18.5,108
2002-05-27,,,-9.0,,-9,,-9,,-9,12.5,25.3,18.6,108
2002-05-28,,,-9.0,,-9,,-9,,-9,14.1,25.3,19.3,108
2002-05-29,,,-9.0,,-9,,-9,,-9,13.8,27.0,20.6,108
2002-05-30,4.0,5.5,8.62,2.0,1952,0.5,1751,3.2,49,15.4,24.5,19.1,108
2002-05-31,1.5,0.2,7.35,0.5,0,0.5,0,,-9,16.4,25.7,19.4,108
2002-06-01,0.2,0.0,5.4,0.2,-9,0.1,-9,,-9,17.1,24.8,20.2,108
2002-06-02,,,-9.0,,-9,,-9,,-9,15.3,30.0,22.9,108
2002-06-03,,1.5,-9.0,,-9,,-9,-99.9,-999,17.6,29.1,23.4,108
2002-06-04,1.5,,2.63,1.0,308,0.5,228,,-9,18.2,27.6,22.4,108
2002-06-05,,,-9.0,,-9,,-9,,-9,19.1,31.4,25.2,108
2002-06-06,,,-9.0,,-9,,-9,,-9,21.2,31.2,25.9,108
2002-06-07,,,-9.0,,-9,,-9,,-9,19.6,30.6,25.2,108
2002-06-08,,,-9.0,,-9,,-9,,-9,19.4,27.1,22.1,108
2002-06-09,,,-9.0,,-9,,-9,,-9,18.3,28.0,22.8,108
2002-06-10,31.5,31.5,12.22,13.0,1506,5.5,1514,71.8,82,20.0,26.6,22.4,108
2002-06-11,,,-9.0,,-9,,-9,,-9,19.0,26.8,21.9,108
2002-06-12,15.5,15.5,7.97,9.0,1111,3.5,1111,3.2,-9,16.6,22.9,18.6,108
2002-06-13,,,-9.0,,-9,,-9,,-9,16.0,24.4,19.7,108
2002-06-14,,,-9.0,,-9,,-9,,-9,16.4,25.0,20.4,108
2002-06-15,0.2,0.2,0.67,0.2,-9,0.1,-9,,-9,17.4,24.8,20.6,108
2002-06-16,,,-9.0,,-9,,-9,,-9,15.7,28.6,22.4,108
2002-06-17,,,-9.0,,-9,,-9,,-9,17.9,28.4,23.2,108
2002-06-18,,,-9.0,,-9,,-9,,-9,19.0,28.9,23.4,108
2002-06-19,0.0,2.0,1.07,0.0,-9,0.0,-9,,-9,20.2,26.2,22.3,108
2002-06-20,5.0,3.0,4.23,3.0,848,1.0,925,,-9,19.2,26.1,22.2,108
2002-06-21,,,-9.0,,-9,,-9,,-9,18.8,28.4,23.6,108
2002-06-22,,1.0,-9.0,,-9,,-9,-99.9,-999,18.9,29.2,23.7,108
2002-06-23,1.5,1.5,20.33,0.5,356,0.5,446,4.0,47,16.9,21.3,18.1,108
2002-06-24,6.0,5.0,17.52,2.0,1158,0.5,1,0.0,-9,15.3,17.7,16.4,108
2002-06-25,,,-9.0,,-9,,-9,,-9,15.5,25.0,19.8,108
2002-06-26,,,-9.0,,-9,,-9,,-9,14.5,27.7,20.9,108
2002-06-27,,,-9.0,,-9,,-9,,-9,16.5,27.5,21.6,108
2002-06-28,,,-9.0,,-9,,-9,,-9,17.4,30.0,23.6,108
2002-06-29,,,-9.0,,-9,,-9,,-9,18.9,32.0,25.8,108
2002-06-30,0.0,0.0,0.68,0.0,-9,0.0,-9,,0,22.4,31.5,26.3,108
2002-07-01,0.5,4.0,2.13,0.3,2017,0.3,2017,,-9,22.9,27.9,25.0,108
2002-07-02,5.0,1.5,6.67,3.0,113,1.5,151,,-9,21.5,28.8,24.1,108
2002-07-03,,,-9.0,,-9,,-9,,-9,21.8,30.6,26.0,108
2002-07-04,,0.5,-9.0,,-9,,-9,-99.9,-999,22.3,32.3,27.7,108
2002-07-05,46.0,58.5,22.88,7.5,1923,2.0,2104,13.0,160,20.5,27.1,23.3,108
2002-07-06,25.0,12.0,21.57,5.0,656,1.5,725,18.5,243,20.0,23.1,21.2,108
2002-07-07,0.0,,0.18,0.0,-9,0.0,-9,,-9,20.2,25.3,22.7,108
2002-07-08,0.0,0.0,2.05,0.0,-9,0.0,-9,,0,20.8,29.1,24.3,108
2002-07-09,,,-9.0,,-9,,-9,,-9,20.3,29.7,25.3,108
2002-07-10,,,-9.0,,-9,,-9,,-9,21.6,31.6,26.2,108
2002-07-11,,,-9.0,,-9,,-9,,-9,20.7,29.7,25.2,108
2002-07-12,,1.0,-9.0,,-9,,-9,-99.9,-999,22.5,29.1,25.5,108
2002-07-13,2.5,9.5,8.43,1.0,2329,0.5,729,,-9,22.3,29.3,25.1,108
2002-07-14,22.0,14.5,24.0,6.5,1213,2.0,528,11.5,48,22.4,24.2,23.6,108
2002-07-15,0.5,,3.92,0.5,0,0.2,-9,,-9,23.5,29.4,25.6,108
2002-07-16,,,-9.0,,-9,,-9,,-9,21.8,28.5,24.7,108
2002-07-17,0.0,0.0,0.05,0.0,-9,0.0,-9,-99.9,-999,22.0,28.4,24.4,108
2002-07-18,,3.5,-9.0,,-9,,-9,-99.9,-999,20.6,29.2,24.9,108
2002-07-19,60.5,57.5,16.88,20.5,956,5.0,1009,8.8,36,19.2,24.7,20.8,108
2002-07-20,0.5,,2.42,0.5,5,0.2,-9,,-9,18.9,27.9,23.6,108
2002-07-21,0.0,0.0,0.2,0.0,-9,0.0,-9,,-9,23.1,29.1,25.8,108
2002-07-22,14.0,23.5,10.93,8.5,2304,2.0,2354,0.0,56,21.7,27.0,24.3,108
2002-07-23,42.0,32.6,20.58,14.0,951,4.5,1017,4.0,34,21.5,23.2,22.4,108
2002-07-24,0.1,0.0,1.8,0.1,-9,0.1,-9,,-9,22.6,27.6,25.3,108
2002-07-25,,,-9.0,,-9,,-9,,-9,22.4,33.8,27.9,108
2002-07-26,0.0,0.0,1.42,0.0,-9,0.0,-9,,-9,24.5,31.5,27.9,108
2002-07-27,,,-9.0,,-9,,-9,,-9,25.8,33.6,29.3,108
2002-07-28,,,-9.0,,-9,,-9,,-9,25.6,34.8,30.4,108
2002-07-29,1.0,2.0,3.27,0.9,1528,0.9,1535,0.0,-9,25.6,30.0,27.6,108
2002-07-30,1.0,0.0,3.38,0.5,627,0.4,648,,-9,24.0,29.8,26.6,108
2002-07-31,0.0,0.0,2.08,0.0,-9,0.0,-9,,-9,24.5,28.0,26.0,108
2002-08-01,0.1,0.3,3.48,0.1,-9,0.1,-9,0.0,0,24.3,28.5,26.0,108
2002-08-02,0.4,7.2,10.22,0.1,-9,0.1,-9,,-9,23.8,29.8,25.9,108
2002-08-03,8.0,63.0,4.8,4.0,802,2.0,717,,-9,22.2,30.0,25.9,108
2002-08-04,120.0,59.0,16.12,45.0,728,13.0,954,0.0,0,22.5,28.1,25.6,108
2002-08-05,22.0,54.0,12.85,9.5,1037,5.0,1125,,50,23.2,28.3,26.7,108
2002-08-06,151.5,278.0,18.88,49.0,903,12.5,904,24.0,270,19.9,26.1,22.4,108
2002-08-07,178.0,19.0,24.0,60.5,338,14.0,353,0.0,80,19.9,22.0,21.2,108
2002-08-08,0.5,,6.98,0.4,321,0.1,-9,,-9,21.2,30.1,25.1,108
2002-08-09,0.0,0.5,1.48,0.0,-9,0.0,-9,,-9,22.1,29.4,25.5,108
2002-08-10,8.0,10.5,21.55,2.5,1417,0.7,1437,5.0,45,19.4,24.1,21.4,108
2002-08-11,3.5,1.5,12.35,1.5,646,0.3,721,0.0,-9,18.4,23.9,20.4,108
2002-08-12,2.0,1.0,8.93,1.0,247,0.5,314,5.0,40,17.9,24.0,20.7,108
2002-08-13,0.0,0.0,0.83,0.0,-9,0.0,-9,0.0,0,19.7,26.0,23.0,108
2002-08-14,0.0,0.0,0.55,0.0,-9,0.0,-9,0.0,-9,20.8,26.7,23.0,108
2002-08-15,,,-9.0,,-9,,-9,,-9,19.3,28.9,24.2,108
2002-08-16,,1.0,-9.0,,-9,,-9,-99.9,-999,22.2,26.7,23.8,108
2002-08-17,8.5,9.0,14.43,6.5,1120,1.8,1128,,-9,21.8,24.1,23.0,108
2002-08-18,16.0,26.0,8.78,5.0,1825,3.5,1902,42.0,610,20.9,28.9,24.3,108
2002-08-19,11.5,0.0,10.25,7.0,303,2.0,311,,-9,19.5,26.2,22.8,108
2002-08-20,,,-9.0,,-9,,-9,,-9,19.8,29.1,24.5,108
2002-08-21,,,-9.0,,-9,,-9,,-9,21.8,28.6,24.5,108
2002-08-22,12.0,17.0,14.13,4.0,1359,2.5,1010,15.0,41,21.5,23.8,22.8,108
2002-08-23,15.0,10.0,12.37,10.0,1821,9.5,1854,,965,22.4,27.0,24.8,108
2002-08-24,,,-9.0,,-9,,-9,,-9,22.4,29.6,25.4,108
2002-08-25,,6.0,-9.0,,-9,,-9,-99.9,-999,20.4,30.5,25.5,108
2002-08-26,6.0,41.0,3.07,6.0,223,4.5,230,,0,23.0,30.2,26.4,108
2002-08-27,78.5,37.5,14.08,26.0,911,12.5,815,,-9,23.0,26.5,24.1,108
2002-08-28,,,-9.0,,-9,,-9,,-9,21.3,31.0,25.5,108
2002-08-29,,,-9.0,,-9,,-9,,-9,24.2,32.2,28.1,108
2002-08-30,1.0,6.5,4.77,0.9,951,0.3,1045,,-9,24.4,27.3,25.9,108
2002-08-31,45.5,49.5,19.08,7.0,2152,2.3,748,16.4,177,19.2,26.1,22.0,108
2002-09-01,9.5,,8.25,3.5,133,1.0,225,-99.9,-999,19.5,27.1,23.5,108
2002-09-02,,,-9.0,,-9,,-9,,-9,22.8,29.1,25.3,108
2002-09-03,,,-9.0,,-9,,-9,,-9,23.7,30.6,26.6,108
2002-09-04,,2.0,-9.0,,-9,,-9,-99.9,-999,23.7,30.2,26.3,108
2002-09-05,2.0,0.0,6.45,1.5,651,1.1,653,-99.9,-999,20.1,25.5,22.6,108
2002-09-06,,,-9.0,,-9,,-9,,-9,19.1,26.0,21.7,108
2002-09-07,,,-9.0,,-9,,-9,,-9,17.5,28.7,23.0,108
2002-09-08,,,-9.0,,-9,,-9,,-9,18.4,28.9,23.3,108
2002-09-09,0.0,0.0,0.87,0.0,-9,0.0,-9,-99.9,-999,20.9,27.9,23.9,108
2002-09-10,,,-9.0,,-9,,-9,,-9,20.3,29.4,24.7,108
2002-09-11,,0.5,-9.0,,-9,,-9,-99.9,-999,19.9,29.3,24.2,108
2002-09-12,0.5,,2.57,0.5,809,0.4,830,-99.9,-999,16.8,22.9,19.9,108
2002-09-13,,,-9.0,,-9,,-9,,-9,16.5,23.0,19.6,108
2002-09-14,5.5,5.5,2.62,5.5,1732,4.5,1803,-99.9,-999,18.5,24.6,20.4,108
2002-09-15,0.2,0.7,4.62,0.2,-9,0.1,-9,-99.9,-999,17.1,19.8,18.5,108
2002-09-16,0.5,,4.47,0.5,0,0.1,-9,-99.9,-999,15.9,22.4,18.8,108
2002-09-17,,,-9.0,,-9,,-9,,-9,14.9,26.3,20.7,108
2002-09-18,,,-9.0,,-9,,-9,,-9,16.0,27.2,21.4,108
2002-09-19,,,-9.0,,-9,,-9,,-9,16.7,26.6,21.6,108
2002-09-20,,,-9.0,,-9,,-9,,-9,16.4,25.3,20.7,108
2002-09-21,12.0,12.0,1.32,12.0,1407,5.0,1415,-99.9,-999,17.1,24.6,19.5,108
2002-09-22,,,-9.0,,-9,,-9,,-9,16.0,24.7,19.6,108
2002-09-23,,,-9.0,,-9,,-9,,-9,13.5,25.6,19.4,108
2002-09-24,,,-9.0,,-9,,-9,,-9,14.7,26.4,20.3,108
2002-09-25,,,-9.0,,-9,,-9,,-9,15.2,26.8,20.9,108
2002-09-26,,,-9.0,,-9,,-9,,-9,17.4,26.3,21.6,108
2002-09-27,,,-9.0,,-9,,-9,,-9,17.5,24.8,20.5,108
2002-09-28,20.0,22.5,0.88,19.5,1805,15.5,1823,-99.9,-999,16.5,26.0,20.6,108
2002-09-29,10.5,8.2,4.8,7.0,-9,6.3,1204,-99.9,-999,16.1,22.8,19.1,108
2002-09-30,0.4,0.2,0.52,0.2,-9,0.2,-9,-99.9,-999,16.2,23.3,18.8,108
2002-10-01,,4.5,-9.0,,-9,,-9,-99.9,-999,15.1,24.4,19.3,108
2002-10-02,4.5,0.0,3.82,3.0,110,2.0,129,-99.9,-999,14.5,19.9,16.7,108
2002-10-03,2.0,2.0,0.47,2.0,-9,1.5,1228,-99.9,-999,12.3,22.3,15.7,108
2002-10-04,,,-9.0,,-9,,-9,,-9,8.4,22.1,15.2,108
2002-10-05,3.0,9.5,8.73,1.5,1652,0.5,1608,-99.9,-999,12.5,21.8,16.4,108
2002-10-06,6.5,0.0,9.0,2.5,353,1.0,443,-99.9,-999,14.6,20.2,16.8,108
2002-10-07,,,-9.0,,-9,,-9,,-9,11.5,18.3,14.4,108
2002-10-08,,,-9.0,,-9,,-9,,-9,8.4,16.8,12.5,108
2002-10-09,,,-9.0,,-9,,-9,,-9,8.1,19.5,13.9,108
2002-10-10,,,-9.0,,-9,,-9,,-9,9.6,21.2,15.3,108
2002-10-11,,,-9.0,,-9,,-9,,-9,11.8,22.2,16.8,108
2002-10-12,,10.5,-9.0,,-9,,-9,-99.9,-999,13.1,22.7,17.8,108
2002-10-13,10.5,,0.83,10.5,638,9.5,647,-99.9,-999,14.4,24.0,18.4,108
2002-10-14,,3.5,-9.0,,-9,,-9,-99.9,-999,10.8,21.5,16.0,108
2002-10-15,3.5,,5.33,2.5,147,1.0,237,-99.9,-999,12.4,18.1,14.7,108
2002-10-16,,,-9.0,,-9,,-9,,-9,9.9,20.3,14.7,108
2002-10-17,,,-9.0,,-9,,-9,,-9,11.7,24.9,17.5,108
2002-10-18,,0.0,-9.0,,-9,,-9,-99.9,-999,14.3,21.0,17.7,108
2002-10-19,0.0,0.5,0.98,0.0,-9,0.0,-9,-99.9,-999,13.6,19.8,15.9,108
2002-10-20,0.5,0.5,8.28,0.2,-9,0.1,-9,-99.9,-999,11.9,15.5,13.6,108
2002-10-21,0.5,0.0,7.27,0.4,750,0.3,840,-99.9,-999,5.1,14.7,10.7,108
2002-10-22,,,-9.0,,-9,,-9,,-9,2.2,9.0,5.0,108
2002-10-23,,,-9.0,,-9,,-9,,-9,2.2,12.3,6.5,108
2002-10-24,3.5,3.5,2.95,2.0,1639,1.0,1702,-99.9,-999,5.7,16.6,9.8,108
2002-10-25,3.0,10.5,5.15,2.5,2237,0.5,2259,-99.9,-999,6.5,13.0,9.1,108
2002-10-26,7.5,,6.55,3.5,2346,1.5,31,-99.9,-999,4.3,10.5,6.7,108
2002-10-27,,,-9.0,,-9,,-9,,-9,1.7,7.8,3.9,108
2002-10-28,,,-9.0,,-9,,-9,,-9,-0.3,8.1,3.3,108
2002-10-29,,,-9.0,,-9,,-9,,-9,0.3,10.2,5.1,108
2002-10-30,,,-9.0,,-9,,-9,,-9,1.0,12.3,7.1,108
2002-10-31,,,-9.0,,-9,,-9,,-9,6.7,16.5,11.0,108
2002-11-01,,,-9.0,,-9,,-9,,-9,1.2,9.0,4.5,108
2002-11-02,,,-9.0,,-9,,-9,,-9,-0.2,8.5,4.5,108
2002-11-03,,,-9.0,,-9,,-9,,-9,1.1,6.8,3.4,108
2002-11-04,,,-9.0,,-9,,-9,,-9,-0.8,4.7,1.3,108
2002-11-05,,,-9.0,,-9,,-9,,-9,-1.6,8.9,4.1,108
2002-11-06,,1.0,-9.0,,-9,,-9,-99.9,-999,5.0,15.7,10.4,108
2002-11-07,1.0,,1.62,,-9,,-9,-99.9,-999,6.3,16.7,11.4,108
2002-11-08,0.0,0.0,0.4,,-9,,-9,-99.9,-999,0.0,6.3,2.5,108
2002-11-09,,,-9.0,,-9,,-9,,-9,-2.4,6.3,2.2,108
2002-11-10,,,-9.0,,-9,,-9,,-9,3.5,12.8,8.8,108
2002-11-11,,,-9.0,,-9,,-9,,-9,7.0,16.3,13.0,108
2002-11-12,0.0,0.0,0.2,,-9,,-9,-99.9,-999,3.0,8.4,5.2,108
2002-11-13,0.0,0.0,0.35,,-9,,-9,-99.9,-999,0.0,4.7,1.9,108
2002-11-14,0.0,0.0,1.37,,-9,,-9,-99.9,-999,-1.3,9.6,3.1,108
2002-11-15,,,-9.0,,-9,,-9,,-9,-2.5,3.4,0.6,108
2002-11-16,,5.5,-9.0,,-9,,-9,-99.9,-999,-2.6,7.6,2.4,108
2002-11-17,7.0,1.5,9.5,,-9,,-9,-99.9,-999,0.2,4.4,2.3,108
2002-11-18,,,-9.0,,-9,,-9,,-9,-3.6,1.3,-1.1,108
2002-11-19,,0.0,-9.0,,-9,,-9,-99.9,-999,-4.8,5.8,1.3,108
2002-11-20,4.0,4.0,14.03,,-9,,-9,-99.9,-999,2.9,5.7,4.0,108
2002-11-21,,,-9.0,,-9,,-9,,-9,-0.1,4.6,1.7,108
2002-11-22,,,-9.0,,-9,,-9,,-9,-1.6,10.9,4.3,108
2002-11-23,,,-9.0,,-9,,-9,,-9,1.2,13.6,6.9,108
2002-11-24,,,-9.0,,-9,,-9,,-9,1.7,8.8,5.7,108
2002-11-25,,,-9.0,,-9,,-9,,-9,-0.3,6.5,2.7,108
2002-11-26,0.0,0.0,2.75,,-9,,-9,-99.9,-999,-2.1,2.7,0.5,108
2002-11-27,,,-9.0,,-9,,-9,,-9,-4.1,3.3,-0.5,108
2002-11-28,,0.0,-9.0,,-9,,-9,-99.9,-999,-1.9,6.1,2.8,108
2002-11-29,0.5,0.5,2.03,,-9,,-9,-99.9,-999,5.1,10.1,7.1,108
2002-11-30,,,-9.0,,-9,,-9,,-9,0.8,9.0,3.9,108
2002-12-01,,,-9.0,,-9,,-9,,-9,-0.7,9.9,4.8,108
2002-12-02,,,-9.0,,-9,,-9,,-9,3.3,12.1,6.9,108
2002-12-03,,,-9.0,,-9,,-9,,-9,2.8,11.0,7.7,108
2002-12-04,,,-9.0,,-9,,-9,,-9,8.0,15.9,11.3,108
2002-12-05,,,-9.0,,-9,,-9,,-9,4.2,10.5,7.3,108
2002-12-06,,0.0,-9.0,,-9,,-9,-99.9,-999,3.9,10.0,6.7,108
2002-12-07,0.0,1.5,2.25,,-9,,-9,-99.9,-999,3.3,8.2,5.2,108
2002-12-08,5.0,3.5,16.92,,-9,,-9,-99.9,-999,-2.8,4.3,1.1,108
2002-12-09,,,-9.0,,-9,,-9,,-9,-7.5,-2.7,-5.4,108
2002-12-10,,,-9.0,,-9,,-9,,-9,-9.1,-4.0,-6.4,108
2002-12-11,,,-9.0,,-9,,-9,,-9,-8.1,-2.9,-5.5,108
2002-12-12,,,-9.0,,-9,,-9,,-9,-5.8,-1.3,-3.8,108
2002-12-13,,,-9.0,,-9,,-9,,-9,-7.2,1.3,-3.0,108
2002-12-14,,,-9.0,,-9,,-9,,-9,-5.4,4.2,0.0,108
2002-12-15,0.0,0.1,0.32,,-9,,-9,-99.9,-999,2.1,8.3,4.9,108
2002-12-16,0.5,0.4,14.38,,-9,,-9,-99.9,-999,1.6,8.7,4.8,108
2002-12-17,,,-9.0,,-9,,-9,,-9,1.1,6.0,2.6,108
2002-12-18,,,-9.0,,-9,,-9,,-9,1.1,7.1,4.0,108
2002-12-19,,,-9.0,,-9,,-9,,-9,-0.4,7.7,3.1,108
2002-12-20,,,-9.0,,-9,,-9,,-9,-1.2,10.5,4.6,108
2002-12-21,,,-9.0,,-9,,-9,,-9,2.8,11.7,6.5,108
2002-12-22,,,-9.0,,-9,,-9,,-9,3.4,9.6,6.4,108
2002-12-23,7.0,8.0,9.22,,-9,,-9,-99.9,-999,4.7,7.1,5.8,108
2002-12-24,1.0,0.5,8.45,,-9,,-9,-99.9,-999,1.1,5.1,2.3,108
2002-12-25,0.7,0.2,12.25,,-9,,-9,-99.9,-999,-5.8,1.2,-2.6,108
2002-12-26,,,-9.0,,-9,,-9,,-9,-8.8,-2.7,-6.3,108
2002-12-27,,,-9.0,,-9,,-9,,-9,-8.0,-0.1,-4.5,108
2002-12-28,0.0,0.0,0.68,,-9,,-9,-99.9,-999,-5.5,3.2,-0.9,108
2002-12-29,,,-9.0,,-9,,-9,,-9,-5.8,1.7,-2.4,108
2002-12-30,0.7,0.8,3.65,,-9,,-9,-99.9,-999,-6.3,1.6,-2.0,108
2002-12-31,0.1,,2.92,,-9,,-9,-99.9,-999,-3.7,1.9,-1.4,108
2003-01-01,,,-9.0,,-9,,-9,,-9,-7.1,-1.0,-4.7,108
2003-01-02,,,-9.0,,-9,,-9,,-9,-9.2,0.0,-4.3,108
2003-01-03,1.3,1.4,5.37,,-9,,-9,-99.9,-999,-6.8,-0.3,-3.6,108
2003-01-04,0.2,0.1,7.1,,-9,,-9,-99.9,-999,-13.4,-6.8,-10.2,108
2003-01-05,,,-9.0,,-9,,-9,,-9,-15.5,-9.1,-12.8,108
2003-01-06,,,-9.0,,-9,,-9,,-9,-14.3,-4.3,-9.2,108
2003-01-07,,,-9.0,,-9,,-9,,-9,-10.5,-0.5,-5.6,108
2003-01-08,,,-9.0,,-9,,-9,,-9,-8.6,1.2,-3.3,108
2003-01-09,,,-9.0,,-9,,-9,,-9,-2.4,4.3,0.5,108
2003-01-10,,,-9.0,,-9,,-9,,-9,-1.7,4.4,0.7,108
2003-01-11,,,-9.0,,-9,,-9,,-9,-3.3,4.9,0.6,108
2003-01-12,,,-9.0,,-9,,-9,,-9,0.0,8.0,3.9,108
2003-01-13,,,-9.0,,-9,,-9,,-9,2.7,8.7,5.5,108
2003-01-14,,,-9.0,,-9,,-9,,-9,-5.9,2.7,-2.2,108
2003-01-15,,,-9.0,,-9,,-9,,-9,-7.7,0.6,-3.9,108
2003-01-16,,,-9.0,,-9,,-9,,-9,-4.8,3.2,-0.1,108
2003-01-17,4.5,4.5,5.68,,-9,,-9,,-9,1.9,4.2,2.8,108
2003-01-18,,,-9.0,,-9,,-9,,-9,0.7,3.8,1.9,108
2003-01-19,,,-9.0,,-9,,-9,,-9,-0.8,2.6,0.9,108
2003-01-20,,,-9.0,,-9,,-9,,-9,-3.2,3.0,-0.7,108
2003-01-21,,,-9.0,,-9,,-9,,-9,-5.6,1.8,-2.1,108
2003-01-22,1.0,1.0,7.45,,-9,,-9,-99.9,-999,-2.9,-0.8,-2.1,108
2003-01-23,,1.0,-9.0,,-9,,-9,-99.9,-999,-4.3,3.1,-1.3,108
2003-01-24,,,-9.0,,-9,,-9,,-9,-4.7,2.5,-1.6,108
2003-01-25,,,-9.0,,-9,,-9,,-9,-5.0,4.7,0.3,108
2003-01-26,1.5,4.2,11.15,,-9,,-9,-99.9,-999,1.8,4.2,2.7,108
2003-01-27,5.6,2.9,17.2,,-9,,-9,-99.9,-999,-6.1,2.8,-1.7,108
2003-01-28,0.0,0.0,3.35,,-9,,-9,-99.9,-999,-11.9,-4.1,-8.1,108
2003-01-29,,0.0,-9.0,,-9,,-9,-99.9,-999,-13.9,-8.5,-11.7,108
2003-01-30,,0.0,-9.0,,-9,,-9,-99.9,-999,-13.2,-1.9,-7.2,108
2003-01-31,0.0,,3.28,,-9,,-9,-99.9,-999,-5.1,0.8,-2.5,108
2003-02-01,,,-9.0,,-9,,-9,,-9,-6.7,4.5,-1.3,108
2003-02-02,,,-9.0,,-9,,-9,,-9,-4.6,4.1,-0.6,108
2003-02-03,,,-9.0,,-9,,-9,,-9,-4.4,4.2,-0.6,108
2003-02-04,,,-9.0,,-9,,-9,,-9,-1.2,3.9,0.6,108
2003-02-05,,,-9.0,,-9,,-9,,-9,-2.8,3.9,-0.3,108
2003-02-06,,,-9.0,,-9,,-9,,-9,-4.5,4.9,0.5,108
2003-02-07,,,-9.0,,-9,,-9,,-9,1.6,6.7,4.3,108
2003-02-08,3.0,3.0,6.1,,-9,,-9,-99.9,-999,3.1,6.0,4.5,108
2003-02-09,,3.0,-9.0,,-9,,-9,-99.9,-999,0.5,8.8,4.6,108
2003-02-10,0.5,2.0,4.58,,-9,,-9,-99.9,-999,2.1,10.3,5.5,108
2003-02-11,1.5,,4.75,,-9,,-9,-99.9,-999,-6.0,4.1,-0.6,108
2003-02-12,0.1,0.1,2.08,,-9,,-9,-99.9,-999,-8.3,-0.4,-4.1,108
2003-02-13,0.0,,0.33,,-9,,-9,-99.9,-999,-2.4,5.6,1.5,108
2003-02-14,,,-9.0,,-9,,-9,,-9,-1.0,7.5,2.7,108
2003-02-15,,,-9.0,,-9,,-9,,-9,-0.2,9.7,4.0,108
2003-02-16,,,-9.0,,-9,,-9,,-9,0.3,9.5,4.3,108
2003-02-17,,0.0,-9.0,,-9,,-9,-99.9,-999,-0.4,9.6,4.1,108
2003-02-18,0.0,0.0,1.07,,-9,,-9,-99.9,-999,1.5,7.1,4.1,108
2003-02-19,,,-9.0,,-9,,-9,,-9,0.8,4.0,2.2,108
2003-02-20,,,-9.0,,-9,,-9,,-9,-0.7,8.5,3.3,108
2003-02-21,13.5,26.5,8.17,,-9,,-9,-99.9,-999,1.5,6.4,3.5,108
2003-02-22,19.0,6.0,22.83,,-9,,-9,-99.9,-999,1.3,4.9,3.8,108
2003-02-23,1.0,1.5,8.88,,-9,,-9,-99.9,-999,1.9,3.7,2.8,108
2003-02-24,0.5,,5.38,,-9,,-9,-99.9,-999,1.6,7.6,3.7,108
2003-02-25,,0.1,-9.0,,-9,,-9,-99.9,-999,1.5,9.1,4.3,108
2003-02-26,0.5,0.4,2.57,,-9,,-9,-99.9,-999,3.5,8.5,4.9,108
2003-02-27,,,-9.0,,-9,,-9,,-9,1.2,11.4,6.1,108
2003-02-28,,0.5,-9.0,,-9,,-9,-99.9,-999,1.6,11.9,6.6,108
2003-03-01,0.5,0.0,7.62,,-9,,-9,-99.9,-999,4.0,10.2,6.5,108
2003-03-02,5.0,7.5,3.3,,-9,,-9,-99.9,-999,1.4,7.2,4.3,108
2003-03-03,2.5,,5.75,,-9,,-9,-99.9,-999,-2.7,4.4,0.4,108
2003-03-04,,,-9.0,,-9,,-9,,-9,-5.0,2.9,-1.0,108
2003-03-05,,0.0,-9.0,,-9,,-9,-99.9,-999,-1.3,6.9,2.5,108
2003-03-06,3.5,4.5,16.18,,-9,,-9,-99.9,-999,1.7,4.1,3.4,108
2003-03-07,5.2,4.6,24.0,,-9,,-9,-99.9,-999,1.1,3.8,2.8,108
2003-03-08,0.5,0.1,6.27,,-9,,-9,-99.9,-999,0.8,4.8,2.6,108
2003-03-09,0.0,0.0,0.7,,-9,,-9,-99.9,-999,0.0,7.0,3.4,108
2003-03-10,,,-9.0,,-9,,-9,,-9,0.3,9.0,4.6,108
2003-03-11,,,-9.0,,-9,,-9,,-9,0.5,11.0,5.6,108
2003-03-12,,,-9.0,,-9,,-9,,-9,3.5,11.7,6.6,108
2003-03-13,,,-9.0,,-9,,-9,,-9,1.7,10.7,5.8,108
2003-03-14,,,-9.0,,-9,,-9,,-9,1.2,10.1,5.8,108
2003-03-15,,0.0,-9.0,,-9,,-9,-99.9,-999,4.3,13.4,8.3,108
2003-03-16,6.5,8.0,15.2,,-9,,-9,-99.9,-999,4.6,8.5,6.8,108
2003-03-17,1.5,,4.67,,-9,,-9,-99.9,-999,3.1,10.1,6.2,108
2003-03-18,,,-9.0,,-9,,-9,,-9,2.1,11.9,6.7,108
2003-03-19,,,-9.0,,-9,,-9,,-9,2.0,12.4,7.1,108
2003-03-20,,,-9.0,,-9,,-9,,-9,1.4,14.2,7.9,108
2003-03-21,0.1,0.1,3.28,,-9,,-9,-99.9,-999,6.3,14.0,9.8,108
2003-03-22,,,-9.0,,-9,,-9,,-9,5.4,14.9,9.8,108
2003-03-23,,,-9.0,,-9,,-9,,-9,5.9,12.4,9.0,108
2003-03-24,0.0,0.0,1.63,,-9,,-9,-99.9,-999,5.6,11.6,8.6,108
2003-03-25,,,-9.0,,-9,,-9,,-9,5.4,10.6,6.9,108
2003-03-26,,1.5,-9.0,,-9,,-9,-99.9,-999,4.9,16.3,9.9,108
2003-03-27,1.5,,4.25,,-9,,-9,-99.9,-999,5.6,11.2,8.1,108
2003-03-28,,,-9.0,,-9,,-9,,-9,3.2,11.3,6.6,108
2003-03-29,,,-9.0,,-9,,-9,,-9,2.0,13.0,8.0,108
2003-03-30,,,-9.0,,-9,,-9,,-9,8.4,17.1,12.3,108
2003-03-31,,,-9.0,,-9,,-9,,-9,11.4,20.9,16.0,108
2003-04-01,,,-9.0,,-9,,-9,,-9,11.3,22.4,16.4,108
2003-04-02,,,-9.0,,-9,,-9,,-9,10.2,21.0,14.9,108
2003-04-03,,,-9.0,,-9,,-9,,-9,8.6,19.8,13.9,108
2003-04-04,,,-9.0,,-9,,-9,,-9,10.3,19.3,14.2,108
2003-04-05,,,-9.0,,-9,,-9,,-9,7.6,17.7,12.0,108
2003-04-06,,,-9.0,,-9,,-9,,-9,7.0,18.3,12.0,108
2003-04-07,6.0,7.5,7.42,2.5,2015,0.5,1831,-99.9,-999,7.4,17.1,11.0,108
2003-04-08,1.5,0.1,6.42,1.0,234,0.5,145,,-9,7.6,14.4,10.1,108
2003-04-09,0.1,0.0,5.33,0.1,-9,0.1,-9,,-9,5.8,11.6,8.2,108
2003-04-10,,3.5,-9.0,,-9,,-9,-99.9,-999,4.8,18.1,11.3,108
2003-04-11,12.0,8.5,15.28,2.5,932,0.5,433,,-9,8.2,12.7,9.7,108
2003-04-12,0.0,0.0,2.62,0.0,-9,0.0,-9,0.0,-9,8.3,13.4,10.2,108
2003-04-13,,,-9.0,,-9,,-9,,-9,6.8,17.8,11.7,108
2003-04-14,,,-9.0,,-9,,-9,,-9,8.6,19.3,13.7,108
2003-04-15,,,-9.0,,-9,,-9,,-9,7.9,19.9,14.4,108
2003-04-16,,,-9.0,,-9,,-9,,-9,10.6,23.5,16.6,108
2003-04-17,,,-9.0,,-9,,-9,,-9,12.9,23.4,19.1,108
2003-04-18,32.0,32.5,13.33,10.5,1224,4.0,1254,58.0,367,10.1,21.4,16.9,108
2003-04-19,7.5,10.5,11.95,2.5,2115,0.5,651,5.7,79,8.3,12.1,10.3,108
2003-04-20,7.0,3.5,19.8,1.5,4,0.5,9,1.4,24,8.8,10.6,9.5,108
2003-04-21,,,-9.0,,-9,,-9,,-9,6.6,19.5,13.2,108
2003-04-22,2.5,15.5,7.97,1.5,2218,0.5,2217,1.3,8,10.7,15.3,12.2,108
2003-04-23,13.0,0.0,10.25,4.0,348,1.5,421,,-9,9.0,14.8,11.6,108
2003-04-24,,14.5,-9.0,,-9,,-9,-99.9,-999,9.1,19.6,14.8,108
2003-04-25,19.0,4.5,18.03,3.5,442,1.0,400,3.5,13,10.2,14.8,12.3,108
2003-04-26,,,-9.0,,-9,,-9,,-9,8.6,19.8,14.4,108
2003-04-27,,,-9.0,,-9,,-9,,-9,11.7,19.6,15.4,108
2003-04-28,,9.0,-9.0,,-9,,-9,-99.9,-999,11.1,24.6,17.7,108
2003-04-29,39.0,30.0,15.4,6.5,813,1.5,834,4.6,0,11.4,15.6,13.2,108
2003-04-30,,,-9.0,,-9,,-9,,-9,9.8,18.8,13.9,108
2003-05-01,,,-9.0,,-9,,-9,,-9,8.5,21.9,15.9,108
2003-05-02,,,-9.0,,-9,,-9,,-9,12.0,23.0,17.6,108
2003-05-03,,,-9.0,,-9,,-9,,-9,11.0,24.3,18.1,108
2003-05-04,,,-9.0,,-9,,-9,,-9,14.3,27.7,20.9,108
2003-05-05,,0.0,-9.0,,-9,,-9,-99.9,-999,15.3,28.9,22.4,108
2003-05-06,7.0,10.5,13.92,3.5,1306,1.5,1308,31.0,45,16.2,22.3,18.4,108
2003-05-07,89.5,86.0,23.5,19.5,1415,5.5,1412,67.5,450,9.3,18.4,14.7,108
2003-05-08,,,-9.0,,-9,,-9,,-9,9.4,19.4,14.3,108
2003-05-09,,,-9.0,,-9,,-9,,-9,9.3,19.5,14.7,108
2003-05-10,,,-9.0,,-9,,-9,,-9,10.5,22.5,15.9,108
2003-05-11,,,-9.0,,-9,,-9,,-9,11.5,23.2,17.2,108
2003-05-12,,,-9.0,,-9,,-9,,-9,12.4,24.4,18.6,108
2003-05-13,,,-9.0,,-9,,-9,,-9,14.1,28.1,21.2,108
2003-05-14,,,-9.0,,-9,,-9,,-9,15.8,29.1,22.3,108
2003-05-15,,,-9.0,,-9,,-9,,-9,15.9,26.6,21.1,108
2003-05-16,,,-9.0,,-9,,-9,,-9,15.4,26.2,20.3,108
2003-05-17,,,-9.0,,-9,,-9,,-9,15.6,25.1,19.6,108
2003-05-18,,,-9.0,,-9,,-9,,-9,14.0,23.5,17.7,108
2003-05-19,,,-9.0,,-9,,-9,,-9,13.3,24.5,18.4,108
2003-05-20,,,-9.0,,-9,,-9,,-9,15.3,22.9,18.5,108
2003-05-21,,,-9.0,,-9,,-9,,-9,13.2,26.0,19.3,108
2003-05-22,,,-9.0,,-9,,-9,,-9,15.2,27.6,20.7,108
2003-05-23,,,-9.0,,-9,,-9,,-9,14.8,26.4,20.9,108
2003-05-24,0.5,5.5,2.65,0.5,2041,0.4,2105,,-9,16.5,25.6,20.5,108
2003-05-25,6.0,1.0,18.8,2.5,529,0.5,141,0.0,0,15.3,19.8,17.3,108
2003-05-26,,,-9.0,,-9,,-9,,-9,16.0,27.7,21.7,108
2003-05-27,,,-9.0,,-9,,-9,,-9,17.4,29.5,23.9,108
2003-05-28,,,-9.0,,-9,,-9,,-9,19.2,30.4,25.2,108
2003-05-29,0.0,3.0,1.0,0.0,-9,0.0,-9,,-9,21.8,24.4,23.0,108
2003-05-30,3.0,0.0,5.33,2.5,150,1.0,150,,-9,19.1,25.2,21.7,108
2003-05-31,,,-9.0,,-9,,-9,,-9,18.3,30.3,24.1,108
2003-06-01,,,-9.0,,-9,,-9,,-9,18.5,28.5,23.5,108
2003-06-02,,,-9.0,,-9,,-9,,-9,16.4,28.4,22.6,108
2003-06-03,,,-9.0,,-9,,-9,,-9,16.7,27.5,22.0,108
2003-06-04,,,-9.0,,-9,,-9,,-9,17.0,28.2,21.6,108
2003-06-05,,,-9.0,,-9,,-9,,-9,16.1,29.7,22.4,108
2003-06-06,3.5,3.5,3.72,2.1,1424,0.5,1416,,-9,15.9,23.1,18.5,108
2003-06-07,,,-9.0,,-9,,-9,,-9,14.4,27.2,20.9,108
2003-06-08,,,-9.0,,-9,,-9,,-9,17.8,30.9,24.1,108
2003-06-09,,,-9.0,,-9,,-9,,-9,21.4,31.1,25.9,108
2003-06-10,0.0,0.2,0.65,0.0,-9,0.0,-9,-99.9,-999,21.1,25.1,23.0,108
2003-06-11,9.5,22.8,13.37,3.0,1736,1.0,1754,12.0,65,19.3,23.8,20.9,108
2003-06-12,22.0,8.5,16.95,5.5,737,1.5,139,11.5,65,18.3,21.2,19.3,108
2003-06-13,,0.4,-9.0,,-9,,-9,-99.9,-999,17.9,22.4,20.3,108
2003-06-14,0.5,4.1,4.55,0.2,-9,0.1,-9,,-9,18.6,22.7,20.2,108
2003-06-15,12.0,8.0,12.27,3.0,1327,1.5,317,0.5,-9,17.4,19.3,18.0,108
2003-06-16,6.5,6.5,1.13,6.5,1447,2.5,1449,,-9,16.7,25.5,20.3,108
2003-06-17,,,-9.0,,-9,,-9,,-9,18.1,27.1,22.3,108
2003-06-18,,,-9.0,,-9,,-9,,-9,17.9,27.3,22.4,108
2003-06-19,,,-9.0,,-9,,-9,,-9,19.4,26.8,23.3,108
2003-06-20,,,-9.0,,-9,,-9,,-9,18.9,25.5,21.9,108
2003-06-21,,,-9.0,,-9,,-9,,-9,19.4,27.9,23.5,108
2003-06-22,,0.3,-9.0,,-9,,-9,-99.9,-999,19.9,30.4,24.5,108
2003-06-23,26.0,28.7,17.12,9.0,1012,3.0,1016,6.0,55,18.9,23.9,21.4,108
2003-06-24,13.5,13.5,20.5,3.0,1841,1.0,1931,11.5,115,15.8,18.9,16.7,108
2003-06-25,3.0,0.0,10.87,1.5,-2335,0.5,9,,-9,15.8,23.6,19.2,108
2003-06-26,,0.1,-9.0,,-9,,-9,-99.9,-999,18.1,27.5,22.4,108
2003-06-27,51.5,51.9,16.55,13.0,1121,3.5,1157,19.0,95,18.2,22.5,20.0,108
2003-06-28,0.5,7.5,5.5,1.0,-2330,0.5,11,,-9,18.1,28.1,22.8,108
2003-06-29,7.5,0.0,13.03,4.0,155,2.0,249,,-9,18.5,20.7,19.7,108
2003-06-30,,,-9.0,,-9,,-9,,-9,19.0,28.3,22.8,108
2003-07-01,0.3,0.3,0.72,0.3,1541,0.2,1601,-99.9,-999,20.2,27.8,23.0,108
2003-07-02,1.5,15.5,2.32,2.0,2318,1.0,2330,,-9,19.6,30.7,24.7,108
2003-07-03,14.0,0.0,5.73,4.5,137,2.0,314,,-9,18.7,24.3,21.4,108
2003-07-04,0.0,0.0,0.6,0.0,-9,0.0,-9,-99.9,-999,18.8,24.9,22.3,108
2003-07-05,,,-9.0,,-9,,-9,,-9,19.8,30.5,25.1,108
2003-07-06,,,-9.0,,-9,,-9,,-9,21.6,27.3,24.6,108
2003-07-07,,,-9.0,,-9,,-9,,-9,21.5,28.9,25.2,108
2003-07-08,,22.5,-9.0,,-9,,-9,-99.9,-999,22.4,28.7,25.7,108
2003-07-09,44.0,22.0,20.72,12.0,426,5.0,516,6.0,50,20.8,25.2,21.8,108
2003-07-10,0.5,,5.75,0.4,30,0.3,40,,-9,21.2,26.4,23.2,108
2003-07-11,,,-9.0,,-9,,-9,,-9,19.1,30.8,25.2,108
2003-07-12,2.0,2.5,6.22,1.5,1915,0.5,1915,5.0,130,21.4,25.4,23.3,108
2003-07-13,0.5,,1.83,0.5,125,0.5,125,,-9,20.4,29.9,24.5,108
2003-07-14,,,-9.0,,-9,,-9,,-9,19.9,27.8,23.7,108
2003-07-15,18.0,18.0,2.17,16.5,1945,8.5,2001,,970,20.8,29.6,24.7,108
2003-07-16,,,-9.0,,-9,,-9,,-9,21.4,29.0,24.8,108
2003-07-17,0.5,49.5,1.62,0.5,2227,0.2,2231,,-9,21.8,27.8,24.3,108
2003-07-18,58.5,14.0,22.58,12.0,544,3.0,603,9.5,-9,18.3,22.4,19.8,108
2003-07-19,7.0,2.5,8.05,3.0,852,1.0,616,,-9,19.0,21.6,20.4,108
2003-07-20,22.0,22.0,0.83,22.0,1524,16.0,1528,-99.9,-999,18.7,28.9,24.0,108
2003-07-21,1.5,70.0,2.05,1.5,1745,1.0,1756,10.0,-9,23.2,29.3,25.7,108
2003-07-22,173.5,108.0,23.45,33.5,2010,10.5,2245,30.0,445,21.9,25.0,22.9,108
2003-07-23,3.0,0.0,7.63,2.5,39,1.5,129,,-9,20.4,25.8,22.3,108
2003-07-24,9.5,28.0,1.97,11.0,2318,3.0,2126,,-9,20.5,29.2,24.6,108
2003-07-25,18.5,,4.58,14.0,-2338,5.5,10,,-9,22.0,30.4,26.0,108
2003-07-26,,41.0,-9.0,,-9,,-9,-99.9,-999,22.8,29.1,25.6,108
2003-07-27,49.5,8.7,14.83,31.0,328,7.5,353,4.5,-9,19.3,24.7,21.0,108
2003-07-28,29.0,45.3,12.68,10.0,2053,2.5,2101,19.0,160,21.2,24.6,22.2,108
2003-07-29,16.5,0.0,9.42,8.0,332,3.0,403,,-9,21.2,29.3,24.7,108
2003-07-30,,,-9.0,,-9,,-9,,-9,20.4,31.4,26.2,108
2003-07-31,,,-9.0,,-9,,-9,,-9,23.5,30.5,26.4,108
2003-08-01,0.0,17.5,0.07,0.0,-9,0.0,-9,,-9,23.6,28.9,25.8,108
2003-08-02,19.0,29.5,4.03,13.0,558,6.5,635,,-9,21.8,29.0,25.0,108
2003-08-03,29.0,1.0,14.92,13.0,249,5.5,205,,-9,24.4,26.7,25.2,108
2003-08-04,0.0,0.0,0.58,0.0,-9,0.0,-9,-99.9,-999,23.9,29.5,26.6,108
2003-08-05,2.0,2.0,4.63,1.5,1708,1.0,1740,4.0,-9,22.9,32.2,26.0,108
2003-08-06,28.5,78.5,5.88,20.0,1104,7.5,1118,5.0,50,20.6,27.5,23.4,108
2003-08-07,50.0,,6.8,30.5,114,15.0,138,,-9,20.7,25.2,22.7,108
2003-08-08,,,-9.0,,-9,,-9,,-9,19.7,30.2,25.1,108
2003-08-09,,,-9.0,,-9,,-9,,-9,22.3,31.6,26.7,108
2003-08-10,4.0,7.0,6.08,2.5,2129,1.0,2129,,-9,22.2,27.2,24.1,108
2003-08-11,3.5,0.5,9.18,2.0,-2330,1.0,23,,-9,20.9,28.3,23.8,108
2003-08-12,,,-9.0,,-9,,-9,,-9,20.4,30.0,24.8,108
2003-08-13,,,-9.0,,-9,,-9,,-9,20.6,30.0,24.7,108
2003-08-14,,,-9.0,,-9,,-9,,-9,19.8,29.7,24.9,108
2003-08-15,,,-9.0,,-9,,-9,,-9,19.9,30.2,24.7,108
2003-08-16,,,-9.0,,-9,,-9,,-9,21.4,26.5,23.5,108
2003-08-17,0.2,2.2,6.23,0.2,-9,0.1,-9,-99.9,-999,21.1,25.1,23.0,108
2003-08-18,5.0,3.0,13.72,1.0,39,0.5,57,5.0,15,19.9,23.0,21.4,108
2003-08-19,33.5,178.0,12.42,16.0,2330,5.5,1550,28.0,45,21.1,22.8,21.8,108
2003-08-20,146.5,8.5,13.78,62.5,136,16.0,212,,-9,21.9,27.7,24.6,108
2003-08-21,10.0,5.0,2.8,6.0,621,3.5,711,,-9,23.9,29.6,26.5,108
2003-08-22,1.5,1.0,0.6,1.5,512,1.5,519,,-9,25.2,30.0,27.0,108
2003-08-23,75.5,79.0,20.07,17.0,1029,11.0,1031,98.0,355,24.0,25.6,24.6,108
2003-08-24,177.0,176.5,21.0,67.0,1906,20.5,1941,93.5,980,20.9,24.8,22.7,108
2003-08-25,4.0,,5.43,3.5,-2334,1.0,0,,-9,21.2,30.2,25.0,108
2003-08-26,,0.0,-9.0,,-9,,-9,-99.9,-999,21.9,26.9,24.2,108
2003-08-27,75.0,84.5,15.3,17.5,1517,4.5,1600,97.5,980,20.2,23.3,21.5,108
2003-08-28,9.5,,6.58,7.0,431,2.5,439,,-9,19.9,29.1,24.0,108
2003-08-29,,,-9.0,,-9,,-9,-99.9,-999,20.8,25.1,22.4,108
2003-08-30,10.0,10.5,11.13,2.5,1720,0.5,1524,9.5,85,16.6,24.0,20.2,108
2003-08-31,0.5,,5.53,0.5,2330,0.2,18,,-9,16.6,26.0,21.2,108
2003-09-01,,7.0,-9.0,,-9,,-9,-99.9,-999,19.2,25.4,22.0,108
2003-09-02,24.5,20.0,14.65,8.5,823,4.0,844,,-9,15.6,21.9,18.8,108
2003-09-03,2.5,,7.58,1.5,9,0.5,4,,-9,18.7,24.0,20.8,108
2003-09-04,,0.4,-9.0,,-9,,-9,-99.9,-999,17.7,26.1,22.0,108
2003-09-05,34.5,34.1,6.98,29.5,928,11.0,955,,-9,21.2,24.7,22.9,108
2003-09-06,0.0,4.0,0.47,0.0,-9,0.0,-9,-99.9,-999,18.5,25.7,22.3,108
2003-09-07,19.0,16.5,19.32,9.5,1756,7.5,1828,98.0,45,20.3,22.6,21.1,108
2003-09-08,1.5,3.0,2.6,2.5,-2330,1.0,10,,-9,19.8,28.7,23.2,108
2003-09-09,55.5,52.5,18.08,17.5,1228,4.5,1033,4.0,-9,17.3,22.6,18.8,108
2003-09-10,,,-9.0,,-9,,-9,-99.9,-999,17.4,25.0,20.9,108
2003-09-11,,2.0,-9.0,,-9,,-9,-99.9,-999,18.8,24.6,21.7,108
2003-09-12,16.5,17.5,17.23,5.5,1345,1.5,1410,,55,20.1,22.4,21.3,108
2003-09-13,3.0,,4.55,1.5,-2334,0.5,-2358,,-9,19.7,25.0,22.0,108
2003-09-14,,,-9.0,,-9,,-9,,-9,18.8,25.8,22.1,108
2003-09-15,,,-9.0,,-9,,-9,,-9,20.3,27.7,23.2,108
2003-09-16,,,-9.0,,-9,,-9,,-9,18.4,27.2,22.5,108
2003-09-17,,34.5,-9.0,,-9,,-9,-99.9,-999,19.6,27.2,23.2,108
2003-09-18,101.0,66.7,16.08,19.0,1355,6.0,1234,,45,18.4,22.7,20.4,108
2003-09-19,0.2,,0.75,0.7,2330,0.5,2349,,-9,18.3,24.9,21.1,108
2003-09-20,,,-9.0,,-9,,-9,,-9,17.9,25.3,20.6,108
2003-09-21,,,-9.0,,-9,,-9,,-9,14.3,24.3,19.4,108
2003-09-22,,,-9.0,,-9,,-9,,-9,13.8,24.7,18.9,108
2003-09-23,,,-9.0,,-9,,-9,,-9,13.9,24.1,18.7,108
2003-09-24,,,-9.0,,-9,,-9,,-9,14.3,23.0,18.8,108
2003-09-25,,,-9.0,,-9,,-9,,-9,15.3,25.6,20.2,108
2003-09-26,,,-9.0,,-9,,-9,,-9,16.2,25.9,20.3,108
2003-09-27,,,-9.0,,-9,,-9,,-9,15.1,25.9,20.4,108
2003-09-28,,,-9.0,,-9,,-9,,-9,17.9,25.1,20.4,108
2003-09-29,,,-9.0,,-9,,-9,,-9,14.5,25.5,19.9,108
2003-09-30,,2.0,-9.0,,-9,,-9,-99.9,-999,14.0,23.8,19.2,108
2003-10-01,5.5,3.5,12.37,1.0,1032,0.5,256,,-9,13.8,19.4,16.0,108
2003-10-02,,,-9.0,,-9,,-9,-99.9,-999,12.5,19.5,15.1,108
2003-10-03,,,-9.0,,-9,,-9,,-9,10.5,20.0,15.3,108
2003-10-04,,,-9.0,,-9,,-9,,-9,11.0,20.6,15.3,108
2003-10-05,,,-9.0,,-9,,-9,,-9,10.6,19.3,15.1,108
2003-10-06,,,-9.0,,-9,,-9,,-9,11.3,21.2,16.0,108
2003-10-07,,,-9.0,,-9,,-9,,-9,11.6,22.5,16.6,108
2003-10-08,,,-9.0,,-9,,-9,,-9,13.1,24.3,18.0,108
2003-10-09,,,-9.0,,-9,,-9,,-9,14.5,24.7,18.9,108
2003-10-10,,,-9.0,,-9,,-9,,-9,14.8,26.0,19.6,108
2003-10-11,,,-9.0,,-9,,-9,,-9,14.8,25.3,20.0,108
2003-10-12,2.5,9.5,4.0,1.8,1644,0.5,1705,2.0,-9,17.0,22.7,19.2,108
2003-10-13,7.5,0.5,7.9,3.0,440,1.0,530,,-9,13.6,17.7,15.4,108
2003-10-14,,,-9.0,,-9,,-9,-99.9,-999,10.0,16.7,13.3,108
2003-10-15,,,-9.0,,-9,,-9,,-9,7.3,16.2,12.1,108
2003-10-16,,,-9.0,,-9,,-9,,-9,9.1,18.5,13.7,108
2003-10-17,,,-9.0,,-9,,-9,,-9,9.0,19.1,13.5,108
2003-10-18,,,-9.0,,-9,,-9,-99.9,-999,10.3,19.3,14.0,108
2003-10-19,,,-9.0,,-9,,-9,,-9,6.4,18.2,12.1,108
2003-10-20,,1.5,-9.0,,-9,,-9,-99.9,-999,8.3,17.5,12.4,108
2003-10-21,6.0,6.0,3.0,3.5,927,1.5,1005,,-9,9.0,15.1,11.6,108
2003-10-22,1.5,,0.65,1.5,310,1.0,321,,-9,8.0,15.8,11.7,108
2003-10-23,,,-9.0,,-9,,-9,,-9,4.3,12.6,8.4,108
2003-10-24,,5.5,-9.0,,-9,,-9,-99.9,-999,4.0,16.0,10.7,108
2003-10-25,5.5,,2.35,5.0,201,4.5,236,,-9,8.8,16.2,12.2,108
2003-10-26,,,-9.0,,-9,,-9,,-9,4.8,16.8,10.7,108
2003-10-27,,13.0,-9.0,,-9,,-9,-99.9,-999,7.8,20.8,14.3,108
2003-10-28,13.0,,1.63,11.5,214,4.5,223,,-9,5.4,15.8,8.0,108
2003-10-29,,,-9.0,,-9,,-9,,-9,2.7,12.8,7.5,108
2003-10-30,,,-9.0,,-9,,-9,,-9,4.8,17.0,10.9,108
2003-10-31,,,-9.0,,-9,,-9,,-9,9.1,20.5,13.9,108
2003-11-01,,,-9.0,,-9,,-9,,-9,9.3,20.7,14.3,108
2003-11-02,,0.0,-9.0,,-9,,-9,-99.9,-999,12.6,21.3,16.6,108
2003-11-03,0.0,,0.48,,-9,,-9,-99.9,-999,6.4,17.0,12.0,108
2003-11-04,,,-9.0,,-9,,-9,,-9,3.4,17.2,10.2,108
2003-11-05,,,-9.0,,-9,,-9,,-9,8.1,19.8,13.8,108
2003-11-06,,,-9.0,,-9,,-9,,-9,9.6,19.7,14.4,108
2003-11-07,10.5,21.5,7.67,,-9,,-9,-99.9,-999,11.3,14.1,12.3,108
2003-11-08,14.0,3.0,17.15,,-9,,-9,-99.9,-999,8.5,11.3,9.4,108
2003-11-09,,,-9.0,,-9,,-9,-99.9,-999,8.6,14.1,11.0,108
2003-11-10,0.2,5.2,9.37,,-9,,-9,-99.9,-999,10.5,13.5,11.9,108
2003-11-11,16.5,11.8,11.22,,-9,,-9,-99.9,-999,7.9,11.6,9.8,108
2003-11-12,4.5,4.2,10.72,,-9,,-9,-99.9,-999,7.4,9.8,8.7,108
2003-11-13,,,-9.0,,-9,,-9,-99.9,-999,4.5,13.0,8.3,108
2003-11-14,,0.0,-9.0,,-9,,-9,-99.9,-999,4.3,12.8,8.8,108
2003-11-15,0.2,0.2,5.4,,-9,,-9,-99.9,-999,7.4,15.6,10.7,108
2003-11-16,,,-9.0,,-9,,-9,-99.9,-999,2.0,8.3,5.0,108
2003-11-17,,,-9.0,,-9,,-9,,-9,-0.6,12.5,5.6,108
2003-11-18,,,-9.0,,-9,,-9,,-9,2.9,15.6,8.7,108
2003-11-19,,0.0,-9.0,,-9,,-9,-99.9,-999,7.8,17.2,13.1,108
2003-11-20,6.0,6.0,7.6,,-9,,-9,-99.9,-999,8.6,14.6,12.1,108
2003-11-21,,,-9.0,,-9,,-9,-99.9,-999,-1.1,9.1,4.6,108
2003-11-22,,,-9.0,,-9,,-9,,-9,-3.2,3.4,-0.1,108
2003-11-23,,,-9.0,,-9,,-9,,-9,-2.7,8.1,2.8,108
2003-11-24,,6.5,-9.0,,-9,,-9,,-9,3.7,8.3,6.4,108
2003-11-25,6.5,,3.55,,-9,,-9,-99.9,-999,5.0,11.8,8.1,108
2003-11-26,1.0,1.2,2.57,,-9,,-9,-99.9,-999,7.0,12.1,9.5,108
2003-11-27,0.2,0.5,7.07,,-9,,-9,-99.9,-999,7.3,13.0,9.7,108
2003-11-28,9.5,9.2,10.18,,-9,,-9,-99.9,-999,8.6,15.3,11.6,108
2003-11-29,0.2,,6.0,,-9,,-9,-99.9,-999,7.5,11.1,8.7,108
2003-11-30,,,-9.0,,-9,,-9,,-9,4.5,11.8,7.7,108
2003-12-01,,,-9.0,,-9,,-9,-99.9,-999,4.0,12.0,7.2,108
2003-12-02,,,-9.0,,-9,,-9,,-9,3.2,8.6,5.8,108
2003-12-03,,,-9.0,,-9,,-9,,-9,-0.8,6.9,3.0,108
2003-12-04,,,-9.0,,-9,,-9,,-9,-2.5,6.5,2.2,108
2003-12-05,1.0,1.5,9.5,,-9,,-9,-99.9,-999,2.2,9.1,6.0,108
2003-12-06,0.5,,4.75,,-9,,-9,-99.9,-999,-4.4,8.8,3.4,108
2003-12-07,,0.7,-9.0,,-9,,-9,-99.9,-999,-7.9,-1.8,-4.8,108
2003-12-08,0.7,0.0,8.25,,-9,,-9,-99.9,-999,-4.0,3.2,-0.8,108
2003-12-09,,,-9.0,,-9,,-9,-99.9,-999,-4.9,-0.3,-2.7,108
2003-12-10,,,-9.0,,-9,,-9,,-9,-5.4,4.0,-0.4,108
2003-12-11,,,-9.0,,-9,,-9,,-9,0.0,5.9,2.4,108
2003-12-12,,,-9.0,,-9,,-9,,-9,-1.3,2.2,0.0,108
2003-12-13,,,-9.0,,-9,,-9,,-9,-3.5,4.5,0.4,108
2003-12-14,,,-9.0,,-9,,-9,,-9,-2.5,5.9,1.7,108
2003-12-15,,,-9.0,,-9,,-9,,-9,-2.5,2.7,-0.2,108
2003-12-16,0.2,3.7,1.25,,-9,,-9,-99.9,-999,-4.1,4.5,1.2,108
2003-12-17,3.5,,2.58,,-9,,-9,-99.9,-999,-4.4,3.7,-0.7,108
2003-12-18,,,-9.0,,-9,,-9,,-9,-5.1,-1.2,-3.4,108
2003-12-19,,,-9.0,,-9,,-9,,-9,-7.0,-2.2,-5.4,108
2003-12-20,,,-9.0,,-9,,-9,,-9,-8.1,-0.8,-4.8,108
2003-12-21,,,-9.0,,-9,,-9,,-9,-7.1,3.0,-1.2,108
2003-12-22,,,-9.0,,-9,,-9,-99.9,-999,-1.2,9.1,3.3,108
2003-12-23,,,-9.0,,-9,,-9,-99.9,-999,-0.2,9.0,4.5,108
2003-12-24,,,-9.0,,-9,,-9,-99.9,-999,0.8,5.6,2.5,108
2003-12-25,,,-9.0,,-9,,-9,,-9,-3.2,3.7,0.9,108
2003-12-26,,,-9.0,,-9,,-9,,-9,-5.5,-0.8,-3.8,108
2003-12-27,,,-9.0,,-9,,-9,,-9,-6.5,1.1,-3.0,108
2003-12-28,,1.0,-9.0,,-9,,-9,-99.9,-999,-2.7,6.3,2.3,108
2003-12-29,1.0,,1.17,,-9,,-9,-99.9,-999,-0.8,7.5,4.2,108
2003-12-30,,,-9.0,,-9,,-9,,-9,-1.8,3.0,0.3,108
2003-12-31,0.0,0.0,1.13,,-9,,-9,-99.9,-999,-0.3,5.8,2.7,108
2004-01-01,,3.0,-9.0,,-9,,-9,-99.9,-999,1.2,5.9,3.7,108
2004-01-02,3.0,,4.3,,-9,,-9,-99.9,-999,1.6,5.5,3.1,108
2004-01-03,,,-9.0,,-9,,-9,,-9,1.6,7.1,3.9,108
2004-01-04,,,-9.0,,-9,,-9,,-9,-1.7,6.8,1.8,108
2004-01-05,,,-9.0,,-9,,-9,,-9,-2.2,8.1,2.9,108
2004-01-06,,,-9.0,,-9,,-9,,-9,1.8,6.8,4.5,108
2004-01-07,,,-9.0,,-9,,-9,,-9,-1.5,5.1,1.7,108
2004-01-08,,,-9.0,,-9,,-9,,-9,-4.0,5.6,0.3,108
2004-01-09,,,-9.0,,-9,,-9,,-9,-0.8,5.0,1.8,108
2004-01-10,,,-9.0,,-9,,-9,,-9,-3.5,3.2,-0.3,108
2004-01-11,,,-9.0,,-9,,-9,,-9,-5.6,4.5,-0.6,108
2004-01-12,1.9,1.9,9.6,,-9,,-9,-99.9,-999,-4.5,1.8,-0.7,108
2004-01-13,0.0,,4.82,,-9,,-9,-99.9,-999,-8.8,-3.9,-6.7,108
2004-01-14,,,-9.0,,-9,,-9,-99.9,-999,-9.6,-1.3,-5.1,108
2004-01-15,,,-9.0,,-9,,-9,-99.9,-999,-5.0,3.2,-1.3,108
2004-01-16,,3.9,-9.0,,-9,,-9,-99.9,-999,-3.5,5.5,1.4,108
2004-01-17,7.9,4.0,14.22,,-9,,-9,-99.9,-999,0.6,3.2,1.2,108
2004-01-18,4.8,4.8,12.48,,-9,,-9,-99.9,-999,-1.6,1.5,0.3,108
2004-01-19,0.0,0.0,1.5,,-9,,-9,-99.9,-999,-3.2,1.7,-1.0,108
2004-01-20,2.2,2.2,3.88,,-9,,-9,-99.9,-999,-9.5,0.0,-4.4,108
2004-01-21,,,-9.0,,-9,,-9,-99.9,-999,-16.0,-9.5,-14.3,108
2004-01-22,,,-9.0,,-9,,-9,-99.9,-999,-16.7,-9.1,-13.0,108
2004-01-23,,,-9.0,,-9,,-9,,-9,-13.1,-4.9,-8.7,108
2004-01-24,,,-9.0,,-9,,-9,,-9,-10.1,-3.7,-7.3,108
2004-01-25,,,-9.0,,-9,,-9,,-9,-9.3,-3.7,-7.0,108
2004-01-26,,,-9.0,,-9,,-9,-99.9,-999,-10.1,-2.2,-5.9,108
2004-01-27,,,-9.0,,-9,,-9,-99.9,-999,-8.1,0.3,-4.1,108
2004-01-28,,,-9.0,,-9,,-9,-99.9,-999,-5.3,4.9,-0.4,108
2004-01-29,,,-9.0,,-9,,-9,-99.9,-999,-0.2,5.8,2.3,108
2004-01-30,,,-9.0,,-9,,-9,-99.9,-999,-1.1,6.0,1.7,108
2004-01-31,,,-9.0,,-9,,-9,,-9,-2.5,7.4,1.9,108
2004-02-01,,,-9.0,,-9,,-9,,-9,-0.6,9.1,3.1,108
2004-02-02,,,-9.0,,-9,,-9,,-9,-5.9,2.5,-1.7,108
2004-02-03,,,-9.0,,-9,,-9,,-9,-7.1,-0.5,-4.2,108
2004-02-04,0.0,0.0,0.25,,-9,,-9,-99.9,-999,-5.8,2.5,-1.4,108
2004-02-05,0.0,0.0,0.42,,-9,,-9,-99.9,-999,-7.3,-0.8,-4.9,108
2004-02-06,0.4,0.4,2.55,,-9,,-9,-99.9,-999,-7.8,-0.6,-4.0,108
2004-02-07,0.0,0.0,1.67,,-9,,-9,-99.9,-999,-7.6,-0.4,-3.6,108
2004-02-08,,,-9.0,,-9,,-9,-99.9,-999,-3.7,5.5,-0.2,108
2004-02-09,,,-9.0,,-9,,-9,,-9,-6.5,3.0,-2.2,108
2004-02-10,,0.0,-9.0,,-9,,-9,-99.9,-999,-5.5,4.5,-0.3,108
2004-02-11,0.0,,0.22,,-9,,-9,-99.9,-999,-0.1,5.9,2.3,108
2004-02-12,,,-9.0,,-9,,-9,,-9,-1.3,6.5,1.9,108
2004-02-13,,0.4,-9.0,,-9,,-9,-99.9,-999,-1.0,7.0,3.8,108
2004-02-14,0.4,,1.17,,-9,,-9,-99.9,-999,0.8,6.8,3.5,108
2004-02-15,,,-9.0,,-9,,-9,,-9,-0.6,8.6,3.5,108
2004-02-16,,,-9.0,,-9,,-9,,-9,-0.4,9.6,4.2,108
2004-02-17,,,-9.0,,-9,,-9,,-9,2.2,7.9,4.4,108
2004-02-18,,,-9.0,,-9,,-9,,-9,-0.5,11.3,5.3,108
2004-02-19,,,-9.0,,-9,,-9,,-9,1.5,15.6,8.2,108
2004-02-20,,2.5,-9.0,,-9,,-9,-99.9,-999,3.2,18.7,11.5,108
2004-02-21,46.0,47.5,15.45,,-9,,-9,-99.9,-999,7.9,14.6,10.7,108
2004-02-22,6.5,2.5,14.35,,-9,,-9,-99.9,-999,1.2,13.3,3.7,108
2004-02-23,,,-9.0,,-9,,-9,-99.9,-999,-1.3,6.0,1.5,108
2004-02-24,,,-9.0,,-9,,-9,,-9,0.4,6.3,4.0,108
2004-02-25,,,-9.0,,-9,,-9,,-9,2.4,10.6,6.0,108
2004-02-26,0.3,0.3,0.38,,-9,,-9,-99.9,-999,-0.8,4.8,1.5,108
2004-02-27,,,-9.0,,-9,,-9,-99.9,-999,-1.8,6.1,1.9,108
2004-02-28,1.0,1.0,5.47,,-9,,-9,-99.9,-999,0.3,10.5,5.5,108
2004-02-29,,,-9.0,,-9,,-9,-99.9,-999,0.3,6.5,2.9,108
2004-03-01,,,-9.0,,-9,,-9,,-9,-1.1,6.0,1.7,108
2004-03-02,,,-9.0,,-9,,-9,,-9,-4.5,1.5,-2.0,108
2004-03-03,,,-9.0,,-9,,-9,,-9,-4.3,2.2,-1.7,108
2004-03-04,14.6,14.6,7.87,,-9,,-9,-99.9,-999,-5.5,2.5,-1.5,108
2004-03-05,0.0,0.0,0.85,,-9,,-9,-99.9,-999,-1.7,3.5,-0.1,108
2004-03-06,,,-9.0,,-9,,-9,,-9,-5.0,-0.8,-3.4,108
2004-03-07,,,-9.0,,-9,,-9,,-9,-5.6,2.2,-1.4,108
2004-03-08,,,-9.0,,-9,,-9,-99.9,-999,-2.2,6.9,3.1,108
2004-03-09,,,-9.0,,-9,,-9,,-9,1.2,13.5,7.8,108
2004-03-10,,,-9.0,,-9,,-9,,-9,7.5,14.0,10.4,108
2004-03-11,,,-9.0,,-9,,-9,,-9,3.2,9.1,5.7,108
2004-03-12,,,-9.0,,-9,,-9,,-9,2.9,11.6,6.9,108
2004-03-13,,,-9.0,,-9,,-9,,-9,4.0,12.6,7.8,108
2004-03-14,,,-9.0,,-9,,-9,,-9,4.0,12.0,6.7,108
2004-03-15,,,-9.0,,-9,,-9,,-9,2.2,15.8,9.4,108
2004-03-16,1.0,10.0,0.68,,-9,,-9,-99.9,-999,8.8,18.7,14.5,108
2004-03-17,9.0,0.0,9.2,,-9,,-9,-99.9,-999,-1.0,16.3,4.9,108
2004-03-18,,,-9.0,,-9,,-9,,-9,-1.8,7.0,2.1,108
2004-03-19,,,-9.0,,-9,,-9,,-9,-0.5,9.6,4.2,108
2004-03-20,,,-9.0,,-9,,-9,,-9,2.2,12.3,7.0,108
2004-03-21,,,-9.0,,-9,,-9,,-9,4.0,15.5,10.0,108
2004-03-22,,,-9.0,,-9,,-9,,-9,7.5,16.0,10.8,108
2004-03-23,,1.0,-9.0,,-9,,-9,-99.9,-999,4.5,14.0,9.0,108
2004-03-24,1.0,,2.55,,-9,,-9,-99.9,-999,6.3,13.1,8.9,108
2004-03-25,,,-9.0,,-9,,-9,,-9,5.5,14.3,9.1,108
2004-03-26,,,-9.0,,-9,,-9,,-9,4.5,16.2,10.6,108
2004-03-27,,,-9.0,,-9,,-9,,-9,6.0,16.2,10.8,108
2004-03-28,,,-9.0,,-9,,-9,,-9,4.4,18.2,11.7,108
2004-03-29,0.0,2.0,0.58,,-9,,-9,-99.9,-999,11.1,18.0,14.1,108
2004-03-30,2.0,,2.03,,-9,,-9,-99.9,-999,5.9,13.6,9.7,108
2004-03-31,,,-9.0,,-9,,-9,,-9,3.9,12.3,7.9,108
2004-04-01,10.5,12.5,7.03,2.5,1818,1.0,2213,-99.9,-999,4.1,16.7,9.1,108
2004-04-02,2.0,0.0,2.82,2.5,-2336,0.5,-2358,-99.9,-999,4.5,7.5,5.6,108
2004-04-03,0.0,0.0,0.58,0.0,-9,0.0,-9,-99.9,-999,2.7,9.6,6.4,108
2004-04-04,,,-9.0,,-9,,-9,,-9,2.7,13.0,7.6,108
2004-04-05,,,-9.0,,-9,,-9,,-9,4.5,14.6,9.1,108
2004-04-06,0.0,0.0,3.73,0.0,-9,0.0,-9,-99.9,-999,5.5,10.8,7.9,108
2004-04-07,0.0,,0.83,0.0,-9,0.0,-9,-99.9,-999,7.4,15.1,10.3,108
2004-04-08,,,-9.0,,-9,,-9,,-9,4.8,15.8,10.5,108
2004-04-09,,,-9.0,,-9,,-9,,-9,7.4,19.7,13.0,108
2004-04-10,,,-9.0,,-9,,-9,,-9,8.5,21.3,15.1,108
2004-04-11,,,-9.0,,-9,,-9,-99.9,-999,12.1,22.2,16.1,108
2004-04-12,,,-9.0,,-9,,-9,,-9,11.5,21.7,16.6,108
2004-04-13,,,-9.0,,-9,,-9,,-9,13.0,22.7,17.1,108
2004-04-14,,,-9.0,,-9,,-9,,-9,12.0,23.3,16.8,108
2004-04-15,,,-9.0,,-9,,-9,,-9,10.3,21.7,15.5,108
2004-04-16,,,-9.0,,-9,,-9,,-9,11.6,20.2,15.6,108
2004-04-17,,,-9.0,,-9,,-9,,-9,11.3,23.0,17.5,108
2004-04-18,2.5,17.0,2.0,3.5,2311,1.0,2317,-99.9,-999,11.8,27.3,19.7,108
2004-04-19,15.5,1.0,18.08,8.5,255,4.0,345,-99.9,-999,12.1,16.1,14.2,108
2004-04-20,,,-9.0,,-9,,-9,-99.9,-999,10.6,21.3,15.6,108
2004-04-21,,,-9.0,,-9,,-9,,-9,10.1,25.2,18.9,108
2004-04-22,0.1,0.1,2.02,0.1,1434,0.1,1524,-99.9,-999,13.1,19.1,16.0,108
2004-04-23,,,-9.0,,-9,,-9,-99.9,-999,9.3,16.8,12.8,108
2004-04-24,,,-9.0,,-9,,-9,,-9,7.9,17.2,11.8,108
2004-04-25,,,-9.0,,-9,,-9,,-9,8.3,17.6,13.0,108
2004-04-26,30.5,41.5,11.42,6.0,2042,1.5,1956,-99.9,-999,7.6,14.3,10.3,108
2004-04-27,13.0,2.0,13.33,2.5,620,0.5,2356,-99.9,-999,5.9,11.8,8.2,108
2004-04-28,,,-9.0,,-9,,-9,-99.9,-999,5.1,18.1,11.9,108
2004-04-29,,,-9.0,,-9,,-9,,-9,7.5,21.7,14.8,108
2004-04-30,,,-9.0,,-9,,-9,,-9,13.1,22.6,17.3,108
2004-05-01,,,-9.0,,-9,,-9,,-9,13.1,25.7,19.6,108
2004-05-02,1.0,2.5,5.38,0.5,1255,0.5,1255,-99.9,-999,15.5,20.2,17.4,108
2004-05-03,16.5,15.0,20.58,2.5,1347,1.0,1429,-99.9,-999,11.1,17.1,14.8,108
2004-05-04,0.0,,0.58,0.0,-9,0.0,-9,-99.9,-999,9.3,20.3,14.2,108
2004-05-05,,,-9.0,,-9,,-9,,-9,8.8,21.8,15.5,108
2004-05-06,,,-9.0,,-9,,-9,,-9,13.8,21.8,16.9,108
2004-05-07,,,-9.0,,-9,,-9,,-9,9.6,24.6,17.7,108
2004-05-08,0.0,10.5,6.13,0.0,-9,0.0,-9,-99.9,-999,13.6,21.5,18.1,108
2004-05-09,30.0,27.5,21.42,6.5,1711,2.0,1758,-99.9,-999,13.6,17.8,14.8,108
2004-05-10,10.5,2.5,10.92,5.0,828,1.5,605,-99.9,-999,13.6,16.2,14.9,108
2004-05-11,,0.0,-9.0,,-9,,-9,-99.9,-999,12.0,22.6,17.3,108
2004-05-12,13.5,15.0,12.27,3.0,1157,1.0,1229,-99.9,-999,15.3,18.7,16.9,108
2004-05-13,1.5,,2.8,1.0,2332,0.5,22,-99.9,-999,13.6,19.2,15.8,108
2004-05-14,,0.0,-9.0,,-9,,-9,,-9,11.6,26.0,18.7,108
2004-05-15,0.5,0.5,7.92,0.5,1034,0.5,1124,-99.9,-999,13.6,18.7,15.9,108
2004-05-16,,,-9.0,,-9,,-9,-99.9,-999,13.0,21.5,16.3,108
2004-05-17,0.5,0.5,1.33,0.5,909,0.5,959,-99.9,-999,12.8,17.7,14.5,108
2004-05-18,2.0,2.0,5.25,1.5,1428,1.0,1500,-99.9,-999,13.3,21.7,16.8,108
2004-05-19,0.0,,0.17,0.0,-9,0.0,-9,-99.9,-999,16.0,24.2,19.3,108
2004-05-20,17.0,20.0,8.13,9.0,2246,5.5,2307,-99.9,-999,15.1,22.3,17.5,108
2004-05-21,3.0,0.0,2.42,2.5,2330,2.0,157,-99.9,-999,13.6,21.8,16.7,108
2004-05-22,,,-9.0,,-9,,-9,,-9,12.3,23.2,17.8,108
2004-05-23,,,-9.0,,-9,,-9,,-9,12.8,22.0,17.4,108
2004-05-24,,,-9.0,,-9,,-9,,-9,13.5,25.0,18.7,108
2004-05-25,,,-9.0,,-9,,-9,,-9,13.8,26.0,19.8,108
2004-05-26,0.0,0.0,0.28,0.0,-9,0.0,-9,-99.9,-999,16.1,24.3,19.9,108
2004-05-27,5.5,17.0,6.2,2.5,1902,1.0,2101,-99.9,-999,17.7,27.6,21.8,108
2004-05-28,67.0,55.5,18.75,11.0,1444,4.5,1443,-99.9,-999,16.7,21.1,18.8,108
2004-05-29,0.0,,1.3,0.0,-9,0.0,-9,-99.9,-999,16.7,24.7,20.1,108
2004-05-30,,,-9.0,,-9,,-9,-99.9,-999,17.8,26.7,21.5,108
2004-05-31,,,-9.0,,-9,,-9,,-9,16.0,25.7,20.6,108
2004-06-01,,,-9.0,,-9,,-9,,-9,14.6,28.2,21.2,108
2004-06-02,,,-9.0,,-9,,-9,-99.9,-999,15.8,30.6,23.3,108
2004-06-03,,,-9.0,,-9,,-9,,-9,18.7,32.5,26.0,108
2004-06-04,,,-9.0,,-9,,-9,,-9,20.2,32.4,26.3,108
2004-06-05,,,-9.0,,-9,,-9,,-9,21.7,31.2,25.8,108
2004-06-06,0.0,0.0,1.75,0.0,-9,0.0,-9,-99.9,-999,22.1,25.1,23.4,108
2004-06-07,0.0,0.0,3.33,0.0,-9,0.0,-9,-99.9,-999,20.0,24.7,21.5,108
2004-06-08,0.0,0.0,1.33,0.0,-9,0.0,-9,-99.9,-999,18.0,22.3,20.0,108
2004-06-09,,,-9.0,,-9,,-9,,-9,16.0,25.2,20.6,108
2004-06-10,,,-9.0,,-9,,-9,,-9,17.3,29.0,23.3,108
2004-06-11,,,-9.0,,-9,,-9,,-9,20.8,30.1,25.3,108
2004-06-12,,,-9.0,,-9,,-9,,-9,19.7,30.7,25.0,108
2004-06-13,,,-9.0,,-9,,-9,,-9,18.7,28.6,23.4,108
2004-06-14,,,-9.0,,-9,,-9,,-9,18.2,29.0,23.6,108
2004-06-15,,,-9.0,,-9,,-9,,-9,18.8,31.5,25.5,108
2004-06-16,,10.0,-9.0,,-9,,-9,-99.9,-999,20.1,31.0,25.5,108
2004-06-17,21.0,12.5,13.6,4.5,846,1.0,438,-99.9,-999,18.1,24.5,19.2,108
2004-06-18,1.5,2.5,14.32,1.0,14,0.5,25,-99.9,-999,17.2,23.8,20.5,108
2004-06-19,84.0,91.0,20.63,25.5,1941,6.0,2003,-99.9,-999,19.6,22.7,20.7,108
2004-06-20,11.0,1.5,13.08,7.0,2347,3.5,31,-99.9,-999,19.2,23.5,21.8,108
2004-06-21,,0.2,-9.0,,-9,,-9,-99.9,-999,19.0,26.7,22.5,108
2004-06-22,20.0,19.9,13.45,15.5,2205,7.0,2208,-99.9,-999,18.1,25.0,21.0,108
2004-06-23,0.5,0.4,2.37,1.5,2330,0.5,2355,-99.9,-999,19.3,27.0,22.0,108
2004-06-24,,,-9.0,,-9,,-9,-99.9,-999,20.8,30.2,25.2,108
2004-06-25,,0.1,-9.0,,-9,,-9,-99.9,-999,21.3,29.6,25.2,108
2004-06-26,0.1,0.0,1.13,0.1,5,0.1,14,-99.9,-999,22.5,28.5,24.3,108
2004-06-27,,,-9.0,,-9,,-9,,-9,21.8,28.7,24.5,108
2004-06-28,,,-9.0,,-9,,-9,,-9,21.0,25.8,22.6,108
2004-06-29,,,-9.0,,-9,,-9,,-9,20.5,24.7,22.1,108
2004-06-30,,0.0,-9.0,,-9,,-9,-99.9,-999,21.2,29.1,24.7,108
2004-07-01,4.5,14.0,7.37,3.0,2220,1.5,2258,-99.9,-999,22.0,26.7,24.0,108
2004-07-02,10.5,1.0,18.88,4.0,15,3.0,48,-99.9,-999,21.3,24.2,23.1,108
2004-07-03,10.5,48.0,7.42,5.5,2246,2.0,2340,-99.9,-999,22.0,26.8,24.4,108
2004-07-04,62.0,38.5,21.35,13.5,308,3.5,326,-99.9,-999,19.7,22.7,21.1,108
2004-07-05,14.0,13.5,6.75,6.5,36,2.5,46,-99.9,-999,19.5,26.2,22.8,108
2004-07-06,58.0,51.0,9.15,43.5,1733,18.5,1803,-99.9,-999,20.8,26.3,23.3,108
2004-07-07,31.5,29.5,20.83,7.5,2012,5.5,2059,-99.9,-999,20.7,22.2,21.5,108
2004-07-08,5.0,0.5,9.58,1.5,218,0.5,21,-99.9,-999,19.7,23.3,21.2,108
2004-07-09,,,-9.0,,-9,,-9,-99.9,-999,19.7,27.3,22.7,108
2004-07-10,,,-9.0,,-9,,-9,-99.9,-999,19.8,28.8,24.1,108
2004-07-11,12.0,50.5,8.25,8.0,2304,2.5,2339,-99.9,-999,21.1,27.7,23.4,108
2004-07-12,70.0,60.0,21.92,14.5,423,6.5,439,-99.9,-999,20.8,23.2,22.4,108
2004-07-13,30.5,2.0,16.33,15.0,229,4.0,240,-99.9,-999,19.7,22.8,21.0,108
2004-07-14,3.5,8.0,3.37,3.0,2340,1.0,1516,-99.9,-999,20.3,27.6,23.5,108
2004-07-15,37.0,37.0,10.32,12.5,851,5.0,859,-99.9,-999,22.2,23.7,22.8,108
2004-07-16,108.5,111.5,15.68,27.5,1245,15.0,1246,-99.9,-999,22.2,24.6,23.0,108
2004-07-17,37.5,30.0,15.3,15.5,1105,7.5,1138,-99.9,-999,21.6,23.2,22.3,108
2004-07-18,0.1,0.1,5.42,0.1,1044,0.1,1134,-99.9,-999,22.1,28.2,25.2,108
2004-07-19,0.0,1.0,0.85,0.0,-9,0.0,-9,-99.9,-999,25.2,28.3,26.4,108
2004-07-20,1.0,0.0,6.52,1.0,725,1.0,746,-99.9,-999,24.8,26.8,25.7,108
2004-07-21,,,-9.0,,-9,,-9,-99.9,-999,24.1,31.8,26.8,108
2004-07-22,,,-9.0,,-9,,-9,,-9,24.1,32.0,27.4,108
2004-07-23,,,-9.0,,-9,,-9,,-9,24.0,33.2,28.3,108
2004-07-24,,,-9.0,,-9,,-9,,-9,23.7,30.8,27.6,108
2004-07-25,14.5,14.5,3.95,7.5,953,5.5,1014,-99.9,-999,22.6,28.0,25.4,108
2004-07-26,0.1,0.1,0.25,0.1,-9,0.1,-9,-99.9,-999,23.8,29.2,26.5,108
2004-07-27,,,-9.0,,-9,,-9,-99.9,-999,24.7,30.2,27.6,108
2004-07-28,,,-9.0,,-9,,-9,,-9,26.0,32.7,28.7,108
2004-07-29,,,-9.0,,-9,,-9,,-9,24.1,33.2,28.9,108
2004-07-30,,,-9.0,,-9,,-9,,-9,25.2,33.4,29.2,108
2004-07-31,,,-9.0,,-9,,-9,,-9,24.7,34.5,29.9,108
2004-08-01,,,-9.0,,-9,,-9,,-9,25.3,34.2,29.4,108
2004-08-02,,,-9.0,,-9,,-9,,-9,23.7,33.2,28.3,108
2004-08-03,,,-9.0,,-9,,-9,,-9,25.7,32.7,28.8,108
2004-08-04,39.5,40.0,2.48,39.4,2201,17.0,2211,-99.9,-999,23.2,32.9,28.5,108
2004-08-05,0.5,0.0,3.18,0.5,24,0.5,114,-99.9,-999,23.8,32.7,27.6,108
2004-08-06,,,-9.0,,-9,,-9,,-9,24.7,32.9,28.3,108
2004-08-07,,,-9.0,,-9,,-9,,-9,26.2,32.4,28.5,108
2004-08-08,0.2,0.2,2.08,0.2,1904,0.1,1934,-99.9,-999,26.1,32.0,27.8,108
2004-08-09,0.0,,0.33,0.0,-9,0.0,-9,-99.9,-999,25.0,33.0,28.6,108
2004-08-10,,,-9.0,,-9,,-9,,-9,25.2,36.2,30.2,108
2004-08-11,,,-9.0,,-9,,-9,,-9,25.6,35.7,30.4,108
2004-08-12,,,-9.0,,-9,,-9,,-9,25.6,34.7,29.6,108
2004-08-13,,2.5,-9.0,,-9,,-9,-99.9,-999,26.0,32.7,28.7,108
2004-08-14,3.0,0.5,3.72,2.0,732,1.0,805,-99.9,-999,24.0,29.2,26.3,108
2004-08-15,,,-9.0,,-9,,-9,-99.9,-999,22.8,31.0,26.7,108
2004-08-16,33.5,38.5,8.22,11.0,2133,4.0,2208,-99.9,-999,21.5,29.1,25.0,108
2004-08-17,33.0,54.0,13.67,22.5,1745,15.0,1756,-99.9,-999,21.1,26.2,23.1,108
2004-08-18,43.5,55.5,18.33,7.5,43,3.5,131,-99.9,-999,22.0,25.0,23.2,108
2004-08-19,39.0,1.0,11.33,10.5,604,2.5,605,-99.9,-999,19.1,25.3,21.8,108
2004-08-20,,,-9.0,,-9,,-9,-99.9,-999,20.5,26.8,23.5,108
2004-08-21,,,-9.0,,-9,,-9,,-9,21.0,25.5,23.3,108
2004-08-22,0.1,0.1,2.07,0.1,1914,0.1,1943,-99.9,-999,21.3,25.2,22.8,108
2004-08-23,,,-9.0,,-9,,-9,-99.9,-999,20.5,26.0,22.8,108
2004-08-24,,,-9.0,,-9,,-9,,-9,18.7,29.2,23.9,108
2004-08-25,0.0,1.0,1.03,0.0,-9,0.0,-9,-99.9,-999,20.7,27.5,24.2,108
2004-08-26,1.0,0.0,9.53,0.9,559,0.5,556,-99.9,-999,21.2,28.5,23.7,108
2004-08-27,,,-9.0,,-9,,-9,,-9,21.1,28.3,24.6,108
2004-08-28,,,-9.0,,-9,,-9,,-9,22.1,26.6,23.9,108
2004-08-29,,,-9.0,,-9,,-9,,-9,21.6,30.1,25.5,108
2004-08-30,,,-9.0,,-9,,-9,,-9,22.7,31.5,26.0,108
2004-08-31,,,-9.0,,-9,,-9,,-9,20.0,29.3,24.6,108
2004-09-01,,,-9.0,,-9,,-9,,-9,22.2,29.3,24.7,108
2004-09-02,,,-9.0,,-9,,-9,,-9,21.1,29.2,24.1,108
2004-09-03,,0.2,-9.0,,-9,,-9,-99.9,-999,19.0,28.0,23.7,108
2004-09-04,0.2,,1.65,0.2,534,0.1,545,-99.9,-999,20.7,30.0,24.9,108
2004-09-05,3.5,7.5,3.57,2.5,2229,1.0,2311,-99.9,-999,20.7,31.3,25.5,108
2004-09-06,4.0,11.0,3.05,4.5,2338,1.5,15,-99.9,-999,19.0,29.7,24.5,108
2004-09-07,30.5,19.5,11.65,10.5,1201,6.0,1244,-99.9,-999,18.2,24.2,19.7,108
2004-09-08,0.0,,0.83,0.0,-9,0.0,-9,-99.9,-999,18.0,27.2,22.1,108
2004-09-09,,,-9.0,,-9,,-9,,-9,18.7,28.8,23.2,108
2004-09-10,,4.0,-9.0,,-9,,-9,-99.9,-999,17.6,26.7,22.1,108
2004-09-11,56.5,52.5,19.68,11.5,1639,3.5,1546,-99.9,-999,16.0,20.6,17.4,108
2004-09-12,25.5,27.0,13.08,13.0,1545,9.5,1617,-99.9,-999,16.6,23.5,20.5,108
2004-09-13,1.5,,3.33,1.0,113,0.5,122,-99.9,-999,19.3,24.3,21.4,108
2004-09-14,0.0,3.0,0.08,0.0,-9,0.0,-9,-99.9,-999,17.5,28.7,23.0,108
2004-09-15,3.0,41.0,3.42,2.9,318,2.0,338,-99.9,-999,19.6,28.2,24.5,108
2004-09-16,42.0,1.0,5.03,20.5,454,6.0,506,-99.9,-999,20.7,27.2,23.0,108
2004-09-17,,2.5,-9.0,,-9,,-9,-99.9,-999,18.7,28.7,23.6,108
2004-09-18,6.5,4.0,6.92,3.5,1134,1.5,1136,-99.9,-999,18.3,23.7,21.8,108
2004-09-19,,0.5,-9.0,,-9,,-9,-99.9,-999,14.8,26.2,20.7,108
2004-09-20,16.5,16.0,13.22,3.0,1242,1.0,1527,-99.9,-999,14.6,20.5,16.5,108
2004-09-21,9.0,9.0,2.82,8.5,1247,4.5,1307,-99.9,-999,15.0,20.2,16.8,108
2004-09-22,,,-9.0,,-9,,-9,-99.9,-999,12.8,24.5,18.8,108
2004-09-23,,,-9.0,,-9,,-9,,-9,16.7,25.2,20.5,108
2004-09-24,,,-9.0,,-9,,-9,,-9,16.0,26.7,21.2,108
2004-09-25,,,-9.0,,-9,,-9,,-9,17.1,26.3,21.6,108
2004-09-26,,,-9.0,,-9,,-9,,-9,18.1,23.6,20.4,108
2004-09-27,,,-9.0,,-9,,-9,,-9,16.5,26.8,21.3,108
2004-09-28,,,-9.0,,-9,,-9,,-9,17.1,25.2,21.2,108
2004-09-29,,,-9.0,,-9,,-9,,-9,17.7,27.1,21.9,108
2004-09-30,,,-9.0,,-9,,-9,,-9,16.1,27.0,21.7,108
2004-10-01,1.0,1.0,3.03,0.5,1056,0.5,1106,-99.9,-999,10.8,21.5,16.6,108
2004-10-02,,,-9.0,,-9,,-9,-99.9,-999,8.8,17.7,12.6,108
2004-10-03,,,-9.0,,-9,,-9,,-9,7.4,19.7,13.4,108
2004-10-04,,,-9.0,,-9,,-9,,-9,10.0,21.1,15.1,108
2004-10-05,,,-9.0,,-9,,-9,,-9,9.8,23.7,16.8,108
2004-10-06,,,-9.0,,-9,,-9,,-9,12.0,24.5,17.7,108
2004-10-07,,,-9.0,,-9,,-9,,-9,13.6,23.7,18.6,108
2004-10-08,,,-9.0,,-9,,-9,,-9,14.1,25.6,19.5,108
2004-10-09,,,-9.0,,-9,,-9,,-9,15.1,25.1,20.0,108
2004-10-10,,,-9.0,,-9,,-9,,-9,15.3,25.3,20.2,108
2004-10-11,,5.5,-9.0,,-9,,-9,-99.9,-999,13.8,23.8,18.9,108
2004-10-12,5.5,,2.28,3.5,114,2.5,207,-99.9,-999,11.0,19.0,14.9,108
2004-10-13,0.0,0.0,0.43,0.0,-9,0.0,-9,-99.9,-999,8.0,18.3,12.7,108
2004-10-14,,,-9.0,,-9,,-9,,-9,5.8,15.8,10.7,108
2004-10-15,,,-9.0,,-9,,-9,,-9,7.1,19.8,13.9,108
2004-10-16,,,-9.0,,-9,,-9,-99.9,-999,10.6,23.2,15.9,108
2004-10-17,,,-9.0,,-9,,-9,,-9,11.8,21.0,16.2,108
2004-10-18,,,-9.0,,-9,,-9,,-9,13.3,21.6,16.5,108
2004-10-19,,,-9.0,,-9,,-9,,-9,11.1,23.0,17.0,108
2004-10-20,,,-9.0,,-9,,-9,,-9,12.6,23.2,16.9,108
2004-10-21,,,-9.0,,-9,,-9,,-9,10.3,20.7,15.3,108
2004-10-22,,,-9.0,,-9,,-9,,-9,8.3,17.0,12.5,108
2004-10-23,,,-9.0,,-9,,-9,,-9,7.6,17.7,12.1,108
2004-10-24,,,-9.0,,-9,,-9,,-9,9.8,18.6,14.0,108
2004-10-25,,,-9.0,,-9,,-9,,-9,11.8,20.2,15.7,108
2004-10-26,,,-9.0,,-9,,-9,,-9,8.1,15.1,11.4,108
2004-10-27,,,-9.0,,-9,,-9,,-9,5.3,17.1,11.1,108
2004-10-28,,,-9.0,,-9,,-9,,-9,6.8,17.6,11.8,108
2004-10-29,,,-9.0,,-9,,-9,,-9,8.0,17.8,13.0,108
2004-10-30,,,-9.0,,-9,,-9,,-9,9.8,22.1,15.3,108
2004-10-31,,,-9.0,,-9,,-9,,-9,10.0,23.2,16.0,108
2004-11-01,18.0,19.5,6.83,,-9,,-9,-99.9,-999,11.8,20.5,14.8,108
2004-11-02,3.0,2.0,3.75,,-9,,-9,-99.9,-999,8.1,12.3,9.9,108
2004-11-03,0.5,,2.42,,-9,,-9,-99.9,-999,6.9,14.6,10.5,108
2004-11-04,,,-9.0,,-9,,-9,,-9,8.3,16.3,11.7,108
2004-11-05,14.0,14.0,6.25,,-9,,-9,-99.9,-999,7.6,15.8,11.4,108
2004-11-06,,,-9.0,,-9,,-9,-99.9,-999,4.3,12.6,8.1,108
2004-11-07,,,-9.0,,-9,,-9,,-9,3.4,17.6,10.5,108
2004-11-08,,,-9.0,,-9,,-9,,-9,7.9,17.3,12.9,108
2004-11-09,,,-9.0,,-9,,-9,,-9,12.0,21.5,16.4,108
2004-11-10,12.5,15.0,11.83,,-9,,-9,-99.9,-999,13.6,16.3,15.2,108
2004-11-11,2.5,0.0,5.7,,-9,,-9,-99.9,-999,9.6,15.6,13.6,108
2004-11-12,,,-9.0,,-9,,-9,,-9,1.7,9.6,5.1,108
2004-11-13,,,-9.0,,-9,,-9,,-9,0.2,7.9,4.1,108
2004-11-14,,0.4,-9.0,,-9,,-9,-99.9,-999,3.4,12.1,7.8,108
2004-11-15,0.4,,0.67,,-9,,-9,-99.9,-999,2.5,9.5,5.0,108
2004-11-16,0.0,0.0,1.17,,-9,,-9,-99.9,-999,1.2,12.1,6.7,108
2004-11-17,,1.0,-9.0,,-9,,-9,-99.9,-999,4.9,15.1,9.9,108
2004-11-18,1.0,,1.9,,-9,,-9,-99.9,-999,7.8,15.1,10.7,108
2004-11-19,,,-9.0,,-9,,-9,,-9,6.5,13.6,9.6,108
2004-11-20,,,-9.0,,-9,,-9,,-9,4.3,11.5,7.4,108
2004-11-21,,,-9.0,,-9,,-9,,-9,2.5,11.3,6.4,108
2004-11-22,,,-9.0,,-9,,-9,,-9,2.7,12.1,7.1,108
2004-11-23,,,-9.0,,-9,,-9,,-9,3.5,12.8,8.2,108
2004-11-24,,,-9.0,,-9,,-9,,-9,5.9,14.3,9.8,108
2004-11-25,0.1,27.6,0.37,,-9,,-9,-99.9,-999,5.8,15.1,10.5,108
2004-11-26,28.0,0.5,12.22,,-9,,-9,-99.9,-999,1.7,11.8,5.3,108
2004-11-27,,,-9.0,,-9,,-9,-99.9,-999,3.7,10.1,7.3,108
2004-11-28,,,-9.0,,-9,,-9,,-9,5.0,10.6,7.6,108
2004-11-29,,,-9.0,,-9,,-9,,-9,0.8,9.1,5.0,108
2004-11-30,,,-9.0,,-9,,-9,,-9,1.2,8.3,4.8,108
2004-12-01,,,-9.0,,-9,,-9,,-9,1.6,9.0,5.2,108
2004-12-02,,,-9.0,,-9,,-9,,-9,3.0,14.3,8.5,108
2004-12-03,,0.5,-9.0,,-9,,-9,-99.9,-999,6.5,16.2,10.6,108
2004-12-04,15.0,14.5,12.7,,-9,,-9,-99.9,-999,6.0,10.5,9.0,108
2004-12-05,,,-9.0,,-9,,-9,-99.9,-999,-0.2,6.0,1.8,108
2004-12-06,8.0,8.0,3.48,,-9,,-9,-99.9,-999,-2.2,7.1,3.3,108
2004-12-07,,,-9.0,,-9,,-9,-99.9,-999,1.6,7.0,3.9,108
2004-12-08,0.0,0.0,0.58,,-9,,-9,-99.9,-999,1.5,9.8,5.8,108
2004-12-09,,0.0,-9.0,,-9,,-9,-99.9,-999,5.4,12.6,8.8,108
2004-12-10,0.0,,0.8,,-9,,-9,-99.9,-999,3.0,10.3,7.5,108
2004-12-11,,,-9.0,,-9,,-9,,-9,-0.4,9.1,4.2,108
2004-12-12,,,-9.0,,-9,,-9,-99.9,-999,1.3,9.8,5.2,108
2004-12-13,,,-9.0,,-9,,-9,-99.9,-999,-0.6,6.6,2.4,108
2004-12-14,,,-9.0,,-9,,-9,,-9,0.4,9.3,4.6,108
2004-12-15,4.0,4.0,5.33,,-9,,-9,-99.9,-999,4.5,7.5,5.7,108
2004-12-16,,,-9.0,,-9,,-9,-99.9,-999,1.7,7.3,4.0,108
2004-12-17,0.0,0.0,1.42,,-9,,-9,-99.9,-999,0.8,7.5,3.8,108
2004-12-18,,,-9.0,,-9,,-9,,-9,1.1,6.5,3.7,108
2004-12-19,0.2,0.2,1.08,,-9,,-9,-99.9,-999,0.4,9.8,5.0,108
2004-12-20,,,-9.0,,-9,,-9,-99.9,-999,-5.8,4.3,-3.6,108
2004-12-21,,,-9.0,,-9,,-9,,-9,-7.3,1.2,-3.2,108
2004-12-22,,,-9.0,,-9,,-9,,-9,-6.0,-0.2,-3.4,108
2004-12-23,,,-9.0,,-9,,-9,,-9,-8.1,1.0,-3.7,108
2004-12-24,,,-9.0,,-9,,-9,,-9,-4.0,3.4,-0.8,108
2004-12-25,,,-9.0,,-9,,-9,,-9,-4.3,1.2,-1.8,108
2004-12-26,,,-9.0,,-9,,-9,,-9,-6.1,0.4,-3.2,108
2004-12-27,,,-9.0,,-9,,-9,,-9,-7.1,-0.4,-4.0,108
2004-12-28,,,-9.0,,-9,,-9,,-9,-7.3,-2.5,-4.9,108
2004-12-29,,,-9.0,,-9,,-9,,-9,-8.3,-2.2,-5.7,108
2004-12-30,,,-9.0,,-9,,-9,,-9,-8.3,-0.8,-4.6,108
2004-12-31,,,-9.0,,-9,,-9,,-9,-7.0,-1.2,-4.7,108
2005-01-01,,,-9.0,,-9,,-9,,-9,-8.8,-1.0,-4.9,108
2005-01-02,0.0,0.0,0.45,,-9,,-9,-99.9,-999,-5.0,4.5,0.4,108
2005-01-03,1.5,1.5,4.65,,-9,,-9,-99.9,-999,-2.0,4.9,2.9,108
2005-01-04,,,-9.0,,-9,,-9,-99.9,-999,-7.4,-1.2,-4.9,108
2005-01-05,,,-9.0,,-9,,-9,,-9,-8.8,0.6,-3.8,108
2005-01-06,0.0,0.0,0.83,,-9,,-9,-99.9,-999,-3.5,2.4,0.1,108
2005-01-07,0.0,,1.58,,-9,,-9,-99.9,-999,-6.0,2.2,-2.9,108
2005-01-08,0.0,0.0,1.7,,-9,,-9,-99.9,-999,-8.0,0.8,-5.0,108
2005-01-09,,,-9.0,,-9,,-9,,-9,-10.3,-4.0,-8.0,108
2005-01-10,0.0,0.0,1.03,,-9,,-9,-99.9,-999,-10.8,-1.5,-5.7,108
2005-01-11,,,-9.0,,-9,,-9,,-9,-8.5,-2.7,-6.3,108
2005-01-12,,,-9.0,,-9,,-9,,-9,-9.5,-2.0,-6.1,108
2005-01-13,,,-9.0,,-9,,-9,,-9,-8.3,-1.2,-4.8,108
2005-01-14,,,-9.0,,-9,,-9,,-9,-7.3,0.6,-3.1,108
2005-01-15,,0.3,-9.0,,-9,,-9,-99.9,-999,-6.5,1.6,-2.6,108
2005-01-16,0.3,0.0,5.38,,-9,,-9,-99.9,-999,-4.6,5.1,-0.8,108
2005-01-17,,,-9.0,,-9,,-9,,-9,-4.0,4.8,0.4,108
2005-01-18,0.5,0.5,2.75,,-9,,-9,-99.9,-999,-3.4,3.0,0.3,108
2005-01-19,,,-9.0,,-9,,-9,-99.9,-999,-6.0,-0.2,-3.8,108
2005-01-20,,,-9.0,,-9,,-9,,-9,-7.8,-2.7,-5.9,108
2005-01-21,,,-9.0,,-9,,-9,,-9,-9.5,-0.6,-5.4,108
2005-01-22,,,-9.0,,-9,,-9,,-9,-7.3,2.5,-2.2,108
2005-01-23,,,-9.0,,-9,,-9,,-9,-2.7,7.0,1.8,108
2005-01-24,,,-9.0,,-9,,-9,,-9,-1.0,5.0,1.3,108
2005-01-25,,,-9.0,,-9,,-9,,-9,-2.2,4.4,1.1,108
2005-01-26,,,-9.0,,-9,,-9,,-9,-1.2,6.1,1.6,108
2005-01-27,,,-9.0,,-9,,-9,,-9,-2.0,5.6,1.3,108
2005-01-28,,0.5,-9.0,,-9,,-9,-99.9,-999,-2.5,7.3,2.1,108
2005-01-29,2.2,1.7,5.3,,-9,,-9,-99.9,-999,-6.1,2.7,-0.8,108
2005-01-30,,,-9.0,,-9,,-9,-99.9,-999,-9.3,-3.7,-7.0,108
2005-01-31,0.0,0.0,0.62,,-9,,-9,-99.9,-999,-11.0,-2.5,-7.3,108
2005-02-01,,,-9.0,,-9,,-9,,-9,-13.1,-6.8,-10.2,108
2005-02-02,,,-9.0,,-9,,-9,,-9,-10.6,-2.5,-6.9,108
2005-02-03,,,-9.0,,-9,,-9,,-9,-8.6,0.0,-4.6,108
2005-02-04,,,-9.0,,-9,,-9,,-9,-5.0,2.4,-1.5,108
2005-02-05,,,-9.0,,-9,,-9,,-9,-4.9,2.0,-1.6,108
2005-02-06,,,-9.0,,-9,,-9,,-9,-5.0,5.5,-0.1,108
2005-02-07,0.0,0.0,0.33,,-9,,-9,-99.9,-999,-0.8,5.5,3.5,108
2005-02-08,0.0,,4.33,,-9,,-9,-99.9,-999,-0.6,5.8,1.7,108
2005-02-09,,,-9.0,,-9,,-9,,-9,-4.5,0.8,-1.4,108
2005-02-10,,,-9.0,,-9,,-9,,-9,-8.8,-2.0,-6.0,108
2005-02-11,,,-9.0,,-9,,-9,,-9,-9.3,-1.6,-6.0,108
2005-02-12,,,-9.0,,-9,,-9,,-9,-7.5,0.1,-4.1,108
2005-02-13,,,-9.0,,-9,,-9,,-9,-6.6,3.5,-1.6,108
2005-02-14,,,-9.0,,-9,,-9,,-9,-2.5,5.5,1.8,108
2005-02-15,5.0,13.5,9.38,,-9,,-9,-99.9,-999,0.8,10.0,4.6,108
2005-02-16,9.0,0.5,12.17,,-9,,-9,-99.9,-999,0.8,5.0,2.7,108
2005-02-17,,,-9.0,,-9,,-9,-99.9,-999,0.0,10.5,4.7,108
2005-02-18,,0.2,-9.0,,-9,,-9,-99.9,-999,3.0,6.0,4.0,108
2005-02-19,0.2,0.0,3.92,,-9,,-9,-99.9,-999,-7.9,3.2,-2.4,108
2005-02-20,,,-9.0,,-9,,-9,,-9,-9.5,-3.4,-7.1,108
2005-02-21,0.0,1.3,0.33,,-9,,-9,-99.9,-999,-10.3,-1.7,-5.8,108
2005-02-22,3.0,1.7,13.67,,-9,,-9,-99.9,-999,-4.6,4.5,-1.0,108
2005-02-23,,,-9.0,,-9,,-9,-99.9,-999,-5.4,-0.1,-2.9,108
2005-02-24,,,-9.0,,-9,,-9,,-9,-6.0,3.2,-2.9,108
2005-02-25,,,-9.0,,-9,,-9,,-9,-7.3,-1.5,-4.8,108
2005-02-26,,,-9.0,,-9,,-9,,-9,-8.6,-1.0,-5.0,108
2005-02-27,,,-9.0,,-9,,-9,,-9,-7.4,2.7,-2.1,108
2005-02-28,,,-9.0,,-9,,-9,,-9,-2.7,5.0,0.6,108
2005-03-01,,2.4,-9.0,,-9,,-9,-99.9,-999,-4.5,4.5,-0.3,108
2005-03-02,2.4,,7.67,,-9,,-9,-99.9,-999,-2.0,4.5,0.3,108
2005-03-03,,,-9.0,,-9,,-9,-99.9,-999,-4.4,2.0,-1.3,108
2005-03-04,,,-9.0,,-9,,-9,,-9,-4.5,4.0,-0.4,108
2005-03-05,,,-9.0,,-9,,-9,,-9,-4.1,3.0,-0.9,108
2005-03-06,,,-9.0,,-9,,-9,,-9,-3.5,5.1,0.5,108
2005-03-07,,,-9.0,,-9,,-9,,-9,-1.1,7.9,3.8,108
2005-03-08,,,-9.0,,-9,,-9,,-9,1.7,8.6,4.2,108
2005-03-09,0.0,0.0,0.83,,-9,,-9,-99.9,-999,-1.2,14.6,7.3,108
2005-03-10,0.5,1.0,10.08,,-9,,-9,-99.9,-999,5.0,13.1,8.4,108
2005-03-11,0.5,,2.25,,-9,,-9,-99.9,-999,-4.0,5.0,0.7,108
2005-03-12,,,-9.0,,-9,,-9,-99.9,-999,-6.5,-0.8,-3.9,108
2005-03-13,,,-9.0,,-9,,-9,,-9,-5.1,3.0,-1.2,108
2005-03-14,,,-9.0,,-9,,-9,,-9,-2.7,7.8,2.6,108
2005-03-15,,,-9.0,,-9,,-9,,-9,1.2,8.8,4.5,108
2005-03-16,,4.5,-9.0,,-9,,-9,-99.9,-999,3.2,12.5,7.5,108
2005-03-17,7.0,2.5,8.83,,-9,,-9,-99.9,-999,3.2,9.8,5.9,108
2005-03-18,,,-9.0,,-9,,-9,-99.9,-999,1.7,8.3,3.9,108
2005-03-19,,,-9.0,,-9,,-9,,-9,-0.6,10.3,4.3,108
2005-03-20,,,-9.0,,-9,,-9,,-9,3.0,9.8,5.9,108
2005-03-21,,2.0,-9.0,,-9,,-9,-99.9,-999,2.0,12.0,7.1,108
2005-03-22,2.0,,6.5,,-9,,-9,-99.9,-999,3.9,14.3,8.5,108
2005-03-23,,0.1,-9.0,,-9,,-9,-99.9,-999,5.3,13.6,8.7,108
2005-03-24,0.1,,2.08,,-9,,-9,-99.9,-999,-0.2,7.5,3.0,108
2005-03-25,,,-9.0,,-9,,-9,,-9,-1.7,7.0,3.1,108
2005-03-26,,,-9.0,,-9,,-9,,-9,2.5,10.8,6.8,108
2005-03-27,,,-9.0,,-9,,-9,,-9,6.0,17.6,10.5,108
2005-03-28,,,-9.0,,-9,,-9,-99.9,-999,4.4,11.8,6.8,108
2005-03-29,,,-9.0,,-9,,-9,,-9,2.2,10.3,5.6,108
2005-03-30,,,-9.0,,-9,,-9,,-9,2.2,12.1,6.7,108
2005-03-31,,,-9.0,,-9,,-9,,-9,3.5,15.5,9.5,108
2005-04-01,,,-9.0,,-9,,-9,,-9,6.3,16.1,11.2,108
2005-04-02,,3.0,-9.0,,-9,,-9,-99.9,-999,6.5,15.8,10.4,108
2005-04-03,3.5,0.5,6.83,1.5,706,0.5,710,-99.9,-999,5.6,14.5,8.6,108
2005-04-04,,,-9.0,,-9,,-9,-99.9,-999,4.1,14.3,9.3,108
2005-04-05,,,-9.0,,-9,,-9,,-9,7.3,19.0,13.3,108
2005-04-06,7.0,7.0,8.08,3.0,1840,1.0,1643,-99.9,-999,9.6,17.7,13.8,108
2005-04-07,,,-9.0,,-9,,-9,-99.9,-999,10.5,16.1,12.9,108
2005-04-08,,,-9.0,,-9,,-9,,-9,7.5,22.5,14.9,108
2005-04-09,41.5,58.5,12.33,14.5,2111,3.5,2117,-99.9,-999,11.3,15.8,13.4,108
2005-04-10,17.0,,7.33,5.0,44,2.0,406,-99.9,-999,9.1,17.1,12.4,108
2005-04-11,,,-9.0,,-9,,-9,,-9,10.1,18.2,13.5,108
2005-04-12,,,-9.0,,-9,,-9,,-9,7.8,14.6,11.2,108
2005-04-13,,,-9.0,,-9,,-9,-99.9,-999,6.4,15.8,10.5,108
2005-04-14,,,-9.0,,-9,,-9,,-9,6.3,14.3,9.9,108
2005-04-15,,,-9.0,,-9,,-9,,-9,4.6,15.3,9.6,108
2005-04-16,,,-9.0,,-9,,-9,,-9,5.5,15.8,10.8,108
2005-04-17,,4.5,-9.0,,-9,,-9,-99.9,-999,7.5,19.2,14.3,108
2005-04-18,4.5,0.0,2.3,2.5,330,2.0,331,-99.9,-999,10.3,18.8,15.2,108
2005-04-19,15.0,21.0,5.67,6.5,2153,1.5,2152,-99.9,-999,12.1,22.0,17.3,108
2005-04-20,6.0,,2.25,4.5,2350,1.0,6,-99.9,-999,7.9,13.0,10.3,108
2005-04-21,,,-9.0,,-9,,-9,,-9,7.4,13.3,10.2,108
2005-04-22,,,-9.0,,-9,,-9,,-9,7.3,16.8,11.6,108
2005-04-23,,,-9.0,,-9,,-9,,-9,7.5,19.6,13.4,108
2005-04-24,0.0,0.0,0.42,0.0,-9,0.0,-9,-99.9,-999,9.3,20.2,14.0,108
2005-04-25,,,-9.0,,-9,,-9,,-9,9.6,19.3,13.7,108
2005-04-26,,0.2,-9.0,,-9,,-9,-99.9,-999,9.1,20.3,14.9,108
2005-04-27,0.2,,1.42,0.2,645,0.1,641,-99.9,-999,13.0,20.6,16.0,108
2005-04-28,,,-9.0,,-9,,-9,,-9,14.5,22.8,17.5,108
2005-04-29,,,-9.0,,-9,,-9,,-9,13.8,25.3,19.2,108
2005-04-30,,0.2,-9.0,,-9,,-9,-99.9,-999,19.2,29.8,23.5,108
2005-05-01,0.3,0.1,3.25,0.2,805,0.2,812,-99.9,-999,17.2,25.6,21.0,108
2005-05-02,,,-9.0,,-9,,-9,-99.9,-999,15.0,24.7,19.5,108
2005-05-03,,,-9.0,,-9,,-9,,-9,11.8,26.5,19.2,108
2005-05-04,,,-9.0,,-9,,-9,,-9,12.6,27.7,20.1,108
2005-05-05,16.5,27.5,6.83,7.0,2045,1.5,2046,-99.9,-999,13.1,26.7,19.8,108
2005-05-06,13.5,2.5,16.67,4.5,9,2.0,47,-99.9,-999,8.8,13.3,11.6,108
2005-05-07,,,-9.0,,-9,,-9,-99.9,-999,6.3,19.7,13.5,108
2005-05-08,,,-9.0,,-9,,-9,,-9,11.1,15.6,13.4,108
2005-05-09,,,-9.0,,-9,,-9,,-9,9.0,17.6,13.3,108
2005-05-10,,0.0,-9.0,,-9,,-9,-99.9,-999,9.0,19.3,14.2,108
2005-05-11,1.5,2.5,6.58,0.5,2055,0.5,2110,-99.9,-999,12.1,16.1,13.7,108
2005-05-12,1.0,,1.52,1.0,115,0.5,120,-99.9,-999,11.6,19.6,14.1,108
2005-05-13,,,-9.0,,-9,,-9,,-9,10.1,23.3,16.6,108
2005-05-14,,,-9.0,,-9,,-9,,-9,13.3,20.7,16.7,108
2005-05-15,,,-9.0,,-9,,-9,,-9,12.5,25.7,18.6,108
2005-05-16,,,-9.0,,-9,,-9,-99.9,-999,14.3,25.3,19.6,108
2005-05-17,26.5,51.5,7.07,10.5,2325,3.5,2022,-99.9,-999,16.0,23.6,19.4,108
2005-05-18,25.0,0.0,9.92,11.0,142,4.0,153,-99.9,-999,11.8,19.6,15.4,108
2005-05-19,,,-9.0,,-9,,-9,-99.9,-999,11.8,23.0,17.2,108
2005-05-20,,,-9.0,,-9,,-9,,-9,12.8,24.5,18.5,108
2005-05-21,,0.0,-9.0,,-9,,-9,-99.9,-999,13.6,22.8,17.7,108
2005-05-22,1.5,1.5,5.17,1.0,1442,0.5,1508,-99.9,-999,14.6,18.5,15.9,108
2005-05-23,,,-9.0,,-9,,-9,-99.9,-999,13.1,20.1,16.1,108
2005-05-24,,,-9.0,,-9,,-9,,-9,12.3,23.5,17.6,108
2005-05-25,,,-9.0,,-9,,-9,,-9,12.6,24.0,18.5,108
2005-05-26,,,-9.0,,-9,,-9,-99.9,-999,15.3,25.0,19.3,108
2005-05-27,,,-9.0,,-9,,-9,-99.9,-999,14.6,27.7,20.7,108
2005-05-28,,,-9.0,,-9,,-9,,-9,15.8,28.2,22.0,108
2005-05-29,,,-9.0,,-9,,-9,,-9,17.1,30.2,23.7,108
2005-05-30,,,-9.0,,-9,,-9,,-9,18.0,26.7,21.5,108
2005-05-31,,,-9.0,,-9,,-9,,-9,15.8,26.6,21.0,108
2005-06-01,2.5,3.0,3.62,2.0,1844,1.0,1859,-99.9,-999,15.5,24.2,19.8,108
2005-06-02,0.5,0.0,3.17,0.5,109,0.5,159,-99.9,-999,17.6,22.2,19.1,108
2005-06-03,,,-9.0,,-9,,-9,-99.9,-999,15.6,22.6,18.0,108
2005-06-04,0.0,0.0,0.33,0.0,-9,0.0,-9,-99.9,-999,15.8,23.6,19.5,108
2005-06-05,,,-9.0,,-9,,-9,,-9,16.0,29.1,22.8,108
2005-06-06,,,-9.0,,-9,,-9,,-9,18.2,27.1,22.2,108
2005-06-07,,,-9.0,,-9,,-9,,-9,18.3,25.1,21.7,108
2005-06-08,,,-9.0,,-9,,-9,,-9,18.3,27.7,23.0,108
2005-06-09,,8.5,-9.0,,-9,,-9,-99.9,-999,18.6,28.0,23.6,108
2005-06-10,13.5,5.0,13.0,2.5,1029,0.5,114,-99.9,-999,18.0,23.1,19.1,108
2005-06-11,,0.0,-9.0,,-9,,-9,-99.9,-999,16.6,26.8,21.0,108
2005-06-12,0.0,,3.25,0.0,-9,0.0,-9,-99.9,-999,17.5,27.5,21.8,108
2005-06-13,,,-9.0,,-9,,-9,,-9,18.7,31.3,24.8,108
2005-06-14,3.0,3.0,2.47,2.5,1726,1.5,1816,-99.9,-999,20.3,31.8,24.1,108
2005-06-15,0.5,0.5,1.35,0.5,1607,0.5,1623,-99.9,-999,19.0,24.3,21.2,108
2005-06-16,0.0,1.5,2.37,0.0,-9,0.0,-9,-99.9,-999,17.8,25.2,21.2,108
2005-06-17,1.5,,1.27,1.5,109,1.5,120,-99.9,-999,19.7,26.3,22.5,108
2005-06-18,,,-9.0,,-9,,-9,-99.9,-999,20.6,27.2,23.1,108
2005-06-19,0.0,0.0,0.38,0.0,-9,0.0,-9,-99.9,-999,19.7,29.3,23.6,108
2005-06-20,,,-9.0,,-9,,-9,,-9,19.0,29.5,23.6,108
2005-06-21,,,-9.0,,-9,,-9,,-9,22.0,29.1,24.5,108
2005-06-22,,,-9.0,,-9,,-9,,-9,21.0,29.2,24.1,108
2005-06-23,,,-9.0,,-9,,-9,,-9,20.7,30.8,24.4,108
2005-06-24,,,-9.0,,-9,,-9,,-9,21.2,32.0,25.9,108
2005-06-25,,,-9.0,,-9,,-9,,-9,22.2,29.2,25.4,108
2005-06-26,95.5,129.5,7.97,49.0,2100,12.5,2148,-99.9,-999,21.1,29.1,24.7,108
2005-06-27,37.0,3.0,17.48,11.0,114,8.5,204,-99.9,-999,20.7,24.2,22.7,108
2005-06-28,,3.5,-9.0,,-9,,-9,-99.9,-999,20.5,28.0,23.8,108
2005-06-29,13.5,11.0,10.57,7.0,1009,5.5,1056,-99.9,-999,21.7,24.3,22.8,108
2005-06-30,1.0,54.0,6.5,0.5,118,0.5,158,-99.9,-999,22.3,31.1,25.7,108
2005-07-01,55.0,1.0,10.05,27.0,750,14.5,808,-99.9,-999,21.6,26.5,23.8,108
2005-07-02,1.0,6.5,6.75,0.5,1446,0.5,1456,-99.9,-999,22.8,26.1,23.9,108
2005-07-03,17.5,12.0,11.83,4.0,1257,2.0,1341,-99.9,-999,20.2,23.5,21.5,108
2005-07-04,,,-9.0,,-9,,-9,-99.9,-999,20.0,28.8,24.2,108
2005-07-05,0.0,0.0,2.33,0.0,-9,0.0,-9,-99.9,-999,21.6,26.3,23.1,108
2005-07-06,,,-9.0,,-9,,-9,-99.9,-999,22.1,29.0,24.6,108
2005-07-07,8.5,8.5,3.58,8.0,1747,4.0,1823,-99.9,-999,22.1,28.5,24.1,108
2005-07-08,11.0,48.0,3.92,10.5,2300,3.5,2310,-99.9,-999,22.1,29.1,25.1,108
2005-07-09,40.0,3.0,12.83,11.5,629,5.5,421,-99.9,-999,21.3,23.7,22.4,108
2005-07-10,,7.5,-9.0,,-9,,-9,-99.9,-999,20.6,26.2,23.7,108
2005-07-11,15.5,8.0,13.38,3.5,601,1.0,628,-99.9,-999,19.5,23.3,20.7,108
2005-07-12,,0.1,-9.0,,-9,,-9,-99.9,-999,18.3,27.0,23.1,108
2005-07-13,1.5,1.4,6.93,1.4,932,1.4,1022,-99.9,-999,21.8,26.1,23.3,108
2005-07-14,0.0,,1.67,0.0,-9,0.0,-9,-99.9,-999,22.1,29.6,25.0,108
2005-07-15,,,-9.0,,-9,,-9,,-9,22.0,30.1,25.8,108
2005-07-16,,0.2,-9.0,,-9,,-9,-99.9,-999,24.2,29.1,26.0,108
2005-07-17,0.2,0.0,2.42,0.2,-9,0.2,-9,-99.9,-999,23.5,26.3,24.8,108
2005-07-18,,,-9.0,,-9,,-9,-99.9,-999,23.5,31.2,26.4,108
2005-07-19,,,-9.0,,-9,,-9,,-9,23.3,30.7,26.5,108
2005-07-20,,,-9.0,,-9,,-9,,-9,23.8,31.7,27.0,108
2005-07-21,,,-9.0,,-9,,-9,,-9,23.7,32.5,27.1,108
2005-07-22,,,-9.0,,-9,,-9,,-9,24.3,34.2,29.1,108
2005-07-23,,,-9.0,,-9,,-9,,-9,26.2,33.9,30.2,108
2005-07-24,3.0,3.0,0.8,3.0,1552,3.0,1553,-99.9,-999,27.0,33.5,29.2,108
2005-07-25,0.0,0.0,0.33,0.0,-9,0.0,-9,-99.9,-999,25.7,30.8,27.8,108
2005-07-26,,,-9.0,,-9,,-9,,-9,24.1,32.2,27.6,108
2005-07-27,0.2,95.7,0.78,0.4,2320,0.2,2350,-99.9,-999,24.7,29.6,27.0,108
2005-07-28,115.0,19.5,17.0,53.5,240,14.0,332,-99.9,-999,20.8,26.0,23.1,108
2005-07-29,,,-9.0,,-9,,-9,-99.9,-999,22.2,28.5,25.4,108
2005-07-30,,,-9.0,,-9,,-9,,-9,24.3,29.5,26.1,108
2005-07-31,1.0,26.5,1.17,1.0,2315,1.0,2332,-99.9,-999,23.0,30.2,26.9,108
2005-08-01,26.5,1.0,10.65,13.5,508,3.5,512,-99.9,-999,23.2,27.0,25.3,108
2005-08-02,0.5,1.5,0.9,0.5,2306,0.5,2322,-99.9,-999,24.1,29.1,26.3,108
2005-08-03,19.0,18.0,10.95,11.5,1356,4.0,1436,-99.9,-999,23.6,27.7,24.8,108
2005-08-04,,,-9.0,,-9,,-9,-99.9,-999,24.3,32.5,28.5,108
2005-08-05,,,-9.0,,-9,,-9,,-9,25.5,34.2,29.3,108
2005-08-06,0.5,0.5,0.95,0.4,-9,0.4,2139,-99.9,-999,25.8,35.0,29.0,108
2005-08-07,0.0,4.5,0.87,0.0,-9,0.0,-9,-99.9,-999,24.3,30.1,26.9,108
2005-08-08,16.0,24.5,5.4,8.5,1817,4.0,1823,-99.9,-999,23.7,30.2,26.2,108
2005-08-09,15.0,5.0,4.32,11.0,424,6.0,453,-99.9,-999,24.3,29.5,26.4,108
2005-08-10,57.5,78.5,11.1,32.0,2044,16.5,2053,-99.9,-999,23.5,28.2,25.1,108
2005-08-11,25.0,2.0,11.02,11.5,205,5.5,430,-99.9,-999,23.2,27.5,25.2,108
2005-08-12,1.0,0.5,4.17,0.5,149,0.5,239,-99.9,-999,24.6,26.8,26.0,108
2005-08-13,0.5,,2.33,0.5,50,0.5,117,-99.9,-999,25.1,30.1,27.2,108
2005-08-14,,0.5,-9.0,,-9,,-9,-99.9,-999,25.2,31.1,27.3,108
2005-08-15,0.5,,2.23,0.4,701,0.1,-9,-99.9,-999,25.0,31.3,27.2,108
2005-08-16,,,-9.0,,-9,,-9,,-9,25.2,33.0,28.3,108
2005-08-17,4.5,9.0,2.0,4.5,1254,4.0,1339,-99.9,-999,25.3,32.4,28.1,108
2005-08-18,8.0,4.5,6.57,4.5,-9,4.5,250,-99.9,-999,22.7,30.0,25.5,108
2005-08-19,6.5,6.0,13.08,4.0,1025,1.5,1027,-99.9,-999,20.0,22.7,21.6,108
2005-08-20,0.5,,0.58,0.5,620,0.5,624,-99.9,-999,19.3,28.2,23.2,108
2005-08-21,,0.0,-9.0,,-9,,-9,-99.9,-999,20.5,28.2,24.1,108
2005-08-22,0.0,,0.33,0.0,-9,0.0,-9,-99.9,-999,20.7,26.0,23.1,108
2005-08-23,,,-9.0,,-9,,-9,,-9,19.1,29.2,24.1,108
2005-08-24,39.5,71.5,7.92,18.5,2228,5.5,2238,-99.9,-999,16.5,23.6,20.6,108
2005-08-25,38.5,6.5,21.87,6.5,-2330,3.0,527,-99.9,-999,16.7,18.6,17.6,108
2005-08-26,,,-9.0,,-9,,-9,-99.9,-999,16.7,25.3,21.2,108
2005-08-27,,6.0,-9.0,,-9,,-9,-99.9,-999,21.0,27.8,23.6,108
2005-08-28,25.5,19.5,2.13,24.5,831,8.0,919,-99.9,-999,20.2,27.3,22.9,108
2005-08-29,,,-9.0,,-9,,-9,-99.9,-999,21.7,29.0,24.6,108
2005-08-30,,,-9.0,,-9,,-9,,-9,22.0,28.0,24.1,108
2005-08-31,,0.0,-9.0,,-9,,-9,-99.9,-999,20.0,31.2,25.6,108
2005-09-01,0.1,0.6,1.02,0.1,-9,0.1,-9,-99.9,-999,25.3,30.2,26.8,108
2005-09-02,0.5,0.0,4.28,0.5,646,0.5,646,-99.9,-999,23.2,27.7,25.2,108
2005-09-03,,,-9.0,,-9,,-9,-99.9,-999,21.6,27.3,23.7,108
2005-09-04,,,-9.0,,-9,,-9,,-9,20.2,26.0,22.5,108
2005-09-05,,,-9.0,,-9,,-9,,-9,18.2,27.3,22.4,108
2005-09-06,,,-9.0,,-9,,-9,,-9,19.2,25.7,21.9,108
2005-09-07,,,-9.0,,-9,,-9,,-9,18.8,27.8,23.3,108
2005-09-08,,1.0,-9.0,,-9,,-9,-99.9,-999,19.7,28.7,24.4,108
2005-09-09,2.5,1.5,7.97,1.0,1216,0.5,1216,-99.9,-999,21.6,23.7,22.6,108
2005-09-10,,,-9.0,,-9,,-9,-99.9,-999,20.0,28.2,24.1,108
2005-09-11,,,-9.0,,-9,,-9,,-9,21.6,30.8,26.3,108
2005-09-12,0.1,2.6,1.42,0.1,-9,0.1,-9,-99.9,-999,22.7,29.0,25.8,108
2005-09-13,90.5,88.0,13.47,38.0,1317,13.5,1350,-99.9,-999,16.7,24.6,20.5,108
2005-09-14,,,-9.0,,-9,,-9,-99.9,-999,16.2,25.0,20.2,108
2005-09-15,,,-9.0,,-9,,-9,,-9,16.5,26.7,21.4,108
2005-09-16,0.0,35.5,0.37,0.0,-9,0.0,-9,-99.9,-999,18.7,26.6,22.8,108
2005-09-17,74.0,39.0,15.0,20.0,656,10.0,1243,-99.9,-999,21.1,23.7,22.5,108
2005-09-18,0.5,,0.92,0.5,0,0.5,12,-99.9,-999,20.2,27.2,22.8,108
2005-09-19,0.0,0.0,0.77,0.0,-9,0.0,-9,-99.9,-999,18.3,22.2,20.1,108
2005-09-20,0.1,3.5,0.67,0.1,2320,0.1,2337,-99.9,-999,16.0,23.5,20.1,108
2005-09-21,40.0,37.0,17.17,9.0,1024,2.0,1024,-99.9,-999,13.8,20.7,15.9,108
2005-09-22,0.5,,4.17,0.5,0,0.5,40,-99.9,-999,14.8,19.0,17.1,108
2005-09-23,,,-9.0,,-9,,-9,-99.9,-999,16.6,23.2,20.1,108
2005-09-24,,,-9.0,,-9,,-9,,-9,17.1,25.7,20.9,108
2005-09-25,,,-9.0,,-9,,-9,,-9,16.6,24.7,20.5,108
2005-09-26,,,-9.0,,-9,,-9,,-9,17.5,25.6,21.0,108
2005-09-27,,,-9.0,,-9,,-9,,-9,17.8,26.1,21.0,108
2005-09-28,,,-9.0,,-9,,-9,,-9,16.3,26.5,20.8,108
2005-09-29,0.0,2.0,0.53,0.0,-9,0.0,-9,-99.9,-999,15.8,25.2,20.8,108
2005-09-30,104.5,117.0,21.2,14.0,1755,4.0,1836,-99.9,-999,16.0,21.2,17.7,108
2005-10-01,14.5,0.0,9.5,5.0,150,1.5,211,-99.9,-999,18.8,21.6,20.1,108
2005-10-02,0.0,,0.7,0.0,-9,0.0,-9,-99.9,-999,15.6,24.2,19.2,108
2005-10-03,0.1,0.1,1.68,0.1,2249,0.1,2339,-99.9,-999,14.1,19.2,16.4,108
2005-10-04,,,-9.0,,-9,,-9,-99.9,-999,13.6,21.7,16.6,108
2005-10-05,,,-9.0,,-9,,-9,,-9,11.0,22.3,16.5,108
2005-10-06,,8.5,-9.0,,-9,,-9,-99.9,-999,10.5,24.9,17.6,108
2005-10-07,19.5,11.0,12.5,4.0,752,1.0,813,-99.9,-999,13.1,17.1,14.4,108
2005-10-08,,,-9.0,,-9,,-9,-99.9,-999,13.8,20.6,16.1,108
2005-10-09,,,-9.0,,-9,,-9,,-9,11.8,21.8,16.2,108
2005-10-10,,,-9.0,,-9,,-9,,-9,12.6,23.1,17.4,108
2005-10-11,,,-9.0,,-9,,-9,,-9,12.5,23.2,17.4,108
2005-10-12,,,-9.0,,-9,,-9,,-9,12.6,23.2,17.5,108
2005-10-13,,2.0,-9.0,,-9,,-9,-99.9,-999,14.6,21.7,17.4,108
2005-10-14,2.0,,0.75,2.0,330,2.0,335,-99.9,-999,12.3,17.8,15.0,108
2005-10-15,,,-9.0,,-9,,-9,-99.9,-999,10.3,19.0,14.6,108
2005-10-16,,,-9.0,,-9,,-9,,-9,9.1,20.2,14.3,108
2005-10-17,,,-9.0,,-9,,-9,,-9,9.3,21.7,15.7,108
2005-10-18,,,-9.0,,-9,,-9,,-9,12.6,20.0,15.4,108
2005-10-19,,,-9.0,,-9,,-9,,-9,11.1,21.2,15.7,108
2005-10-20,,2.0,-9.0,,-9,,-9,-99.9,-999,11.1,21.7,15.8,108
2005-10-21,13.5,11.5,10.87,6.0,840,2.5,1132,-99.9,-999,9.1,14.8,12.4,108
2005-10-22,,,-9.0,,-9,,-9,-99.9,-999,5.1,12.3,8.0,108
2005-10-23,,,-9.0,,-9,,-9,,-9,3.0,15.5,9.5,108
2005-10-24,,,-9.0,,-9,,-9,,-9,7.0,18.5,12.6,108
2005-10-25,,,-9.0,,-9,,-9,,-9,10.1,19.5,14.1,108
2005-10-26,,,-9.0,,-9,,-9,,-9,11.6,19.8,14.9,108
2005-10-27,,3.0,-9.0,,-9,,-9,-99.9,-999,10.1,20.0,14.6,108
2005-10-28,3.0,0.0,1.42,3.0,735,2.0,737,-99.9,-999,8.5,16.2,12.4,108
2005-10-29,,,-9.0,,-9,,-9,-99.9,-999,7.1,12.5,9.2,108
2005-10-30,,,-9.0,,-9,,-9,,-9,4.5,11.8,7.9,108
2005-10-31,,,-9.0,,-9,,-9,,-9,3.9,15.3,9.7,108
2005-11-01,,,-9.0,,-9,,-9,-99.9,-999,7.9,17.5,12.5,108
2005-11-02,0.0,0.5,0.28,,-9,,-9,-99.9,-999,11.1,17.3,14.3,108
2005-11-03,0.5,,1.83,,-9,,-9,-99.9,-999,12.1,20.7,15.8,108
2005-11-04,,,-9.0,,-9,,-9,,-9,12.6,21.8,16.4,108
2005-11-05,0.1,30.1,0.42,,-9,,-9,-99.9,-999,12.1,20.7,16.8,108
2005-11-06,30.0,0.0,6.92,,-9,,-9,-99.9,-999,8.5,18.1,14.1,108
2005-11-07,1.0,1.0,0.92,,-9,,-9,-99.9,-999,6.0,15.3,10.7,108
2005-11-08,,,-9.0,,-9,,-9,-99.9,-999,4.8,12.1,8.8,108
2005-11-09,,,-9.0,,-9,,-9,,-9,5.4,15.3,10.6,108
2005-11-10,0.0,0.0,0.38,,-9,,-9,-99.9,-999,9.8,17.7,13.9,108
2005-11-11,,,-9.0,,-9,,-9,,-9,8.6,17.2,12.8,108
2005-11-12,,,-9.0,,-9,,-9,,-9,4.6,13.8,9.1,108
2005-11-13,0.0,0.0,1.75,,-9,,-9,-99.9,-999,5.6,12.1,8.9,108
2005-11-14,,,-9.0,,-9,,-9,,-9,3.2,10.0,5.7,108
2005-11-15,,,-9.0,,-9,,-9,,-9,1.1,6.9,3.3,108
2005-11-16,,,-9.0,,-9,,-9,,-9,-1.1,7.9,3.1,108
2005-11-17,,,-9.0,,-9,,-9,,-9,-0.8,8.1,3.5,108
2005-11-18,,,-9.0,,-9,,-9,,-9,0.4,7.5,3.6,108
2005-11-19,,,-9.0,,-9,,-9,,-9,-0.5,7.3,2.9,108
2005-11-20,,0.3,-9.0,,-9,,-9,-99.9,-999,-1.0,8.3,3.5,108
2005-11-21,0.3,,2.53,,-9,,-9,-99.9,-999,2.2,10.0,5.7,108
2005-11-22,,0.2,-9.0,,-9,,-9,-99.9,-999,0.8,9.3,5.1,108
2005-11-23,0.2,,0.58,,-9,,-9,-99.9,-999,3.5,13.3,8.5,108
2005-11-24,,,-9.0,,-9,,-9,,-9,5.4,12.6,8.4,108
2005-11-25,,,-9.0,,-9,,-9,,-9,3.9,13.1,8.4,108
2005-11-26,0.0,3.5,0.53,,-9,,-9,-99.9,-999,4.1,12.5,8.2,108
2005-11-27,3.5,,1.83,,-9,,-9,-99.9,-999,6.0,12.1,8.4,108
2005-11-28,9.0,9.0,0.97,,-9,,-9,-99.9,-999,4.0,12.1,7.2,108
2005-11-29,0.0,0.0,0.33,,-9,,-9,-99.9,-999,-0.2,7.5,3.2,108
2005-11-30,,0.0,-9.0,,-9,,-9,-99.9,-999,-0.8,8.8,3.6,108
2005-12-01,0.3,0.3,1.82,,-9,,-9,-99.9,-999,2.5,11.1,5.9,108
2005-12-02,,,-9.0,,-9,,-9,-99.9,-999,-2.0,4.0,1.0,108
2005-12-03,5.0,6.8,4.22,,-9,,-9,-99.9,-999,-3.2,2.7,-0.7,108
2005-12-04,1.8,,3.25,,-9,,-9,-99.9,-999,-7.5,-1.7,-5.1,108
2005-12-05,,,-9.0,,-9,,-9,,-9,-8.8,-1.8,-5.2,108
2005-12-06,,,-9.0,,-9,,-9,,-9,-5.5,0.1,-2.5,108
2005-12-07,,,-9.0,,-9,,-9,,-9,-4.9,2.0,-1.8,108
2005-12-08,,,-9.0,,-9,,-9,,-9,-4.6,0.8,-2.3,108
2005-12-09,,,-9.0,,-9,,-9,,-9,-4.9,1.7,-1.4,108
2005-12-10,,,-9.0,,-9,,-9,,-9,-7.5,0.4,-2.9,108
2005-12-11,,,-9.0,,-9,,-9,,-9,-9.1,-2.7,-6.3,108
2005-12-12,,,-9.0,,-9,,-9,,-9,-10.1,-5.5,-8.0,108
2005-12-13,,,-9.0,,-9,,-9,,-9,-11.6,-5.0,-8.6,108
2005-12-14,,,-9.0,,-9,,-9,,-9,-11.5,-2.0,-5.8,108
2005-12-15,,,-9.0,,-9,,-9,,-9,-8.8,-0.4,-4.5,108
2005-12-16,,,-9.0,,-9,,-9,,-9,-6.5,0.4,-3.3,108
2005-12-17,,0.0,-9.0,,-9,,-9,-99.9,-999,-13.3,-5.8,-9.7,108
2005-12-18,0.8,0.8,3.75,,-9,,-9,-99.9,-999,-14.0,-3.7,-9.2,108
2005-12-19,,,-9.0,,-9,,-9,,-9,-9.8,0.3,-5.0,108
2005-12-20,,1.1,-9.0,,-9,,-9,-99.9,-999,-7.5,1.3,-2.8,108
2005-12-21,1.1,0.0,3.8,,-9,,-9,-99.9,-999,-9.6,-1.7,-6.2,108
2005-12-22,0.4,0.5,2.27,,-9,,-9,-99.9,-999,-11.1,-3.2,-6.6,108
2005-12-23,0.1,,1.92,,-9,,-9,-99.9,-999,-5.3,0.2,-3.2,108
2005-12-24,,0.5,-9.0,,-9,,-9,-99.9,-999,-8.6,-0.5,-4.2,108
2005-12-25,0.5,0.5,2.33,,-9,,-9,-99.9,-999,-6.9,2.0,-1.7,108
2005-12-26,,,-9.0,,-9,,-9,,-9,-10.1,-4.0,-7.5,108
2005-12-27,,,-9.0,,-9,,-9,,-9,-10.1,-3.2,-6.9,108
2005-12-28,,,-9.0,,-9,,-9,,-9,-9.1,-0.4,-5.0,108
2005-12-29,,0.2,-9.0,,-9,,-9,-99.9,-999,-6.8,1.2,-2.9,108
2005-12-30,0.3,0.1,4.67,,-9,,-9,-99.9,-999,-2.0,4.3,0.1,108
2005-12-31,,,-9.0,,-9,,-9,-99.9,-999,-2.0,5.5,1.4,108
2006-01-01,0.0,0.0,4.25,,-9,,-9,-99.9,-999,0.6,1.8,1.4,108
2006-01-02,0.0,,1.58,,-9,,-9,-99.9,-999,-2.4,3.9,0.2,108
2006-01-03,,,-9.0,,-9,,-9,,-9,-4.5,1.2,-2.4,108
2006-01-04,,,-9.0,,-9,,-9,,-9,-8.3,-4.4,-6.2,108
2006-01-05,,,-9.0,,-9,,-9,,-9,-10.0,-2.5,-7.1,108
2006-01-06,,,-9.0,,-9,,-9,,-9,-10.1,-3.9,-7.5,108
2006-01-07,,,-9.0,,-9,,-9,,-9,-9.6,-1.8,-6.2,108
2006-01-08,,,-9.0,,-9,,-9,,-9,-8.5,0.4,-4.2,108
2006-01-09,0.3,0.3,4.62,,-9,,-9,-99.9,-999,-7.0,3.0,-1.6,108
2006-01-10,,,-9.0,,-9,,-9,-99.9,-999,-2.2,2.4,-0.3,108
2006-01-11,,,-9.0,,-9,,-9,,-9,-5.3,3.5,-1.2,108
2006-01-12,6.5,31.0,7.25,,-9,,-9,-99.9,-999,-2.4,4.5,1.4,108
2006-01-13,26.5,2.0,13.0,,-9,,-9,-99.9,-999,1.8,6.0,4.1,108
2006-01-14,,,-9.0,,-9,,-9,-99.9,-999,1.7,9.3,4.4,108
2006-01-15,,,-9.0,,-9,,-9,,-9,0.8,7.5,3.7,108
2006-01-16,,,-9.0,,-9,,-9,,-9,-0.2,3.9,1.8,108
2006-01-17,,,-9.0,,-9,,-9,,-9,-1.2,4.8,1.3,108
2006-01-18,,,-9.0,,-9,,-9,,-9,-1.7,5.5,1.3,108
2006-01-19,,,-9.0,,-9,,-9,,-9,-1.6,6.9,2.4,108
2006-01-20,,,-9.0,,-9,,-9,,-9,0.2,6.5,2.6,108
2006-01-21,,,-9.0,,-9,,-9,,-9,-2.2,5.1,0.9,108
2006-01-22,,,-9.0,,-9,,-9,,-9,-6.0,-0.6,-3.1,108
2006-01-23,,,-9.0,,-9,,-9,,-9,-8.0,-0.4,-4.7,108
2006-01-24,,,-9.0,,-9,,-9,,-9,-7.6,1.7,-3.1,108
2006-01-25,,,-9.0,,-9,,-9,,-9,-4.5,3.2,-0.7,108
2006-01-26,,,-9.0,,-9,,-9,,-9,-2.5,3.9,0.2,108
2006-01-27,,,-9.0,,-9,,-9,,-9,-1.1,5.5,1.4,108
2006-01-28,,,-9.0,,-9,,-9,,-9,-3.0,6.0,1.3,108
2006-01-29,0.0,0.0,3.33,,-9,,-9,-99.9,-999,-0.4,8.1,4.5,108
2006-01-30,0.0,1.0,0.83,,-9,,-9,-99.9,-999,2.9,8.1,5.0,108
2006-01-31,1.0,0.0,4.92,,-9,,-9,-99.9,-999,1.1,6.3,3.8,108
2006-02-01,0.0,,3.17,,-9,,-9,-99.9,-999,-2.5,5.4,1.7,108
2006-02-02,,,-9.0,,-9,,-9,,-9,-8.6,1.0,-2.9,108
2006-02-03,,,-9.0,,-9,,-9,,-9,-14.1,-8.6,-11.7,108
2006-02-04,,,-9.0,,-9,,-9,,-9,-13.1,-4.6,-9.3,108
2006-02-05,,,-9.0,,-9,,-9,,-9,-10.3,-1.6,-5.3,108
2006-02-06,,5.7,-9.0,,-9,,-9,-99.9,-999,-3.9,4.9,0.2,108
2006-02-07,8.4,2.7,13.0,,-9,,-9,-99.9,-999,-4.8,1.2,-0.9,108
2006-02-08,,,-9.0,,-9,,-9,-99.9,-999,-9.3,-3.9,-7.2,108
2006-02-09,0.9,0.9,4.33,,-9,,-9,-99.9,-999,-10.3,-1.2,-4.5,108
2006-02-10,,,-9.0,,-9,,-9,-99.9,-999,-1.7,4.0,1.4,108
2006-02-11,,,-9.0,,-9,,-9,,-9,-2.7,5.1,1.2,108
2006-02-12,,,-9.0,,-9,,-9,,-9,-5.9,2.5,-1.8,108
2006-02-13,0.1,5.6,0.25,,-9,,-9,-99.9,-999,-2.0,10.6,4.5,108
2006-02-14,5.5,0.0,10.33,,-9,,-9,-99.9,-999,4.4,7.5,5.5,108
2006-02-15,,,-9.0,,-9,,-9,-99.9,-999,2.9,6.5,4.6,108
2006-02-16,,,-9.0,,-9,,-9,,-9,-5.1,6.9,1.7,108
2006-02-17,,,-9.0,,-9,,-9,,-9,-8.1,-1.3,-4.5,108
2006-02-18,,,-9.0,,-9,,-9,,-9,-5.3,5.3,0.2,108
2006-02-19,,,-9.0,,-9,,-9,,-9,-1.0,8.0,3.3,108
2006-02-20,,,-9.0,,-9,,-9,,-9,-0.1,9.1,3.8,108
2006-02-21,,0.5,-9.0,,-9,,-9,-99.9,-999,-0.5,8.6,4.4,108
2006-02-22,0.5,,2.33,,-9,,-9,-99.9,-999,-1.5,7.3,3.0,108
2006-02-23,,,-9.0,,-9,,-9,,-9,-3.4,6.1,1.1,108
2006-02-24,,,-9.0,,-9,,-9,,-9,-1.7,11.5,4.6,108
2006-02-25,,0.2,-9.0,,-9,,-9,-99.9,-999,2.7,10.8,7.0,108
2006-02-26,0.2,,1.92,,-9,,-9,-99.9,-999,-3.5,7.5,0.5,108
2006-02-27,,,-9.0,,-9,,-9,,-9,-4.6,4.4,-0.5,108
2006-02-28,0.1,3.9,8.05,,-9,,-9,-99.9,-999,0.5,4.8,2.8,108
2006-03-01,3.8,1.0,10.0,,-9,,-9,-99.9,-999,-2.4,2.5,0.0,108
2006-03-02,1.0,0.0,2.42,,-9,,-9,-99.9,-999,-2.9,2.0,-0.9,108
2006-03-03,,,-9.0,,-9,,-9,,-9,-3.2,5.1,0.5,108
2006-03-04,3.0,3.0,3.28,,-9,,-9,-99.9,-999,-2.2,10.0,3.6,108
2006-03-05,0.0,,0.83,,-9,,-9,-99.9,-999,4.5,12.6,7.9,108
2006-03-06,,,-9.0,,-9,,-9,,-9,0.6,12.1,5.9,108
2006-03-07,,,-9.0,,-9,,-9,,-9,1.2,11.1,5.7,108
2006-03-08,,0.0,-9.0,,-9,,-9,-99.9,-999,0.5,10.3,5.7,108
2006-03-09,0.0,,0.5,,-9,,-9,-99.9,-999,6.8,15.6,10.7,108
2006-03-10,0.0,0.0,3.55,,-9,,-9,-99.9,-999,7.0,14.6,9.9,108
2006-03-11,,,-9.0,,-9,,-9,,-9,0.8,9.8,6.2,108
2006-03-12,,0.0,-9.0,,-9,,-9,-99.9,-999,-6.4,1.0,-4.3,108
2006-03-13,0.0,0.0,0.92,,-9,,-9,-99.9,-999,-6.9,3.0,-2.0,108
2006-03-14,,,-9.0,,-9,,-9,,-9,-3.7,4.9,0.8,108
2006-03-15,,3.5,-9.0,,-9,,-9,-99.9,-999,-0.4,11.0,5.7,108
2006-03-16,4.5,1.0,14.25,,-9,,-9,-99.9,-999,3.0,6.9,4.1,108
2006-03-17,,,-9.0,,-9,,-9,-99.9,-999,3.2,15.1,8.8,108
2006-03-18,,,-9.0,,-9,,-9,,-9,3.7,13.1,9.0,108
2006-03-19,,,-9.0,,-9,,-9,,-9,0.8,8.8,4.3,108
2006-03-20,,,-9.0,,-9,,-9,,-9,0.6,8.5,5.1,108
2006-03-21,,,-9.0,,-9,,-9,,-9,2.9,16.2,9.7,108
2006-03-22,0.0,0.0,0.57,,-9,,-9,-99.9,-999,6.0,17.2,10.3,108
2006-03-23,,,-9.0,,-9,,-9,,-9,3.0,10.8,6.3,108
2006-03-24,,,-9.0,,-9,,-9,,-9,0.8,12.0,6.2,108
2006-03-25,0.0,0.0,1.0,,-9,,-9,-99.9,-999,4.4,14.8,8.9,108
2006-03-26,,,-9.0,,-9,,-9,,-9,1.8,11.8,6.5,108
2006-03-27,,0.2,-9.0,,-9,,-9,-99.9,-999,2.9,12.1,6.8,108
2006-03-28,0.2,0.0,1.42,,-9,,-9,-99.9,-999,1.0,4.9,2.9,108
2006-03-29,1.5,1.5,2.67,,-9,,-9,-99.9,-999,-0.3,7.1,3.8,108
2006-03-30,,0.4,-9.0,,-9,,-9,-99.9,-999,0.2,9.3,4.4,108
2006-03-31,,,-9.0,,-9,,-9,-99.9,-999,1.1,14.1,8.1,108
2006-04-01,16.5,17.0,13.83,3.0,1242,1.5,944,-99.9,-999,7.5,11.6,9.7,108
2006-04-02,0.5,0.0,8.67,0.5,-2330,0.5,140,-99.9,-999,5.3,11.1,7.4,108
2006-04-03,,0.0,-9.0,,-9,,-9,-99.9,-999,4.3,18.7,11.4,108
2006-04-04,1.5,1.5,4.58,1.0,1115,0.2,954,-99.9,-999,10.8,14.5,12.0,108
2006-04-05,,,-9.0,,-9,,-9,-99.9,-999,7.3,17.5,11.6,108
2006-04-06,,,-9.0,,-9,,-9,,-9,5.6,13.0,9.7,108
2006-04-07,,,-9.0,,-9,,-9,-99.9,-999,7.9,13.3,10.2,108
2006-04-08,,0.1,-9.0,,-9,,-9,-99.9,-999,6.6,14.1,10.2,108
2006-04-09,0.1,10.5,1.87,0.1,217,0.1,307,-99.9,-999,8.8,21.7,15.2,108
2006-04-10,11.5,1.0,10.08,3.5,233,1.0,303,-99.9,-999,11.6,18.6,14.7,108
2006-04-11,,,-9.0,,-9,,-9,-99.9,-999,13.1,22.2,16.4,108
2006-04-12,,,-9.0,,-9,,-9,,-9,11.0,21.2,15.0,108
2006-04-13,,,-9.0,,-9,,-9,,-9,7.8,12.0,9.7,108
2006-04-14,,,-9.0,,-9,,-9,,-9,6.6,18.8,12.7,108
2006-04-15,,,-9.0,,-9,,-9,,-9,8.8,16.2,12.0,108
2006-04-16,,,-9.0,,-9,,-9,,-9,2.9,12.6,7.4,108
2006-04-17,,,-9.0,,-9,,-9,,-9,4.6,14.3,10.3,108
2006-04-18,0.0,11.0,0.53,0.0,-9,0.0,-9,-99.9,-999,12.1,17.7,14.6,108
2006-04-19,16.0,5.0,9.47,10.5,207,5.5,225,-99.9,-999,3.2,16.6,8.8,108
2006-04-20,0.0,,2.67,0.0,-9,0.0,-9,-99.9,-999,3.2,9.3,7.3,108
2006-04-21,,,-9.0,,-9,,-9,,-9,5.5,16.7,10.6,108
2006-04-22,,,-9.0,,-9,,-9,,-9,8.0,17.2,11.8,108
2006-04-23,3.5,3.5,1.5,3.5,1310,1.5,1310,-99.9,-999,7.1,13.1,9.2,108
2006-04-24,,,-9.0,,-9,,-9,-99.9,-999,5.9,15.3,10.4,108
2006-04-25,,,-9.0,,-9,,-9,,-9,6.1,16.5,11.3,108
2006-04-26,0.0,0.2,1.62,0.0,-9,0.0,-9,-99.9,-999,8.3,16.7,12.0,108
2006-04-27,0.2,,3.63,0.1,102,0.1,152,-99.9,-999,9.1,18.7,12.3,108
2006-04-28,,,-9.0,,-9,,-9,,-9,7.5,18.5,12.8,108
2006-04-29,,2.0,-9.0,,-9,,-9,-99.9,-999,10.8,17.7,13.9,108
2006-04-30,2.0,,1.67,2.0,326,1.5,416,-99.9,-999,12.6,20.1,15.9,108
2006-05-01,,,-9.0,,-9,,-9,,-9,12.6,23.8,18.0,108
2006-05-02,,,-9.0,,-9,,-9,,-9,12.8,23.7,17.2,108
2006-05-03,,,-9.0,,-9,,-9,,-9,10.8,21.2,15.7,108
2006-05-04,0.2,0.2,0.22,0.2,-9,0.2,1546,-99.9,-999,11.3,24.7,17.7,108
2006-05-05,3.5,73.0,1.58,4.5,2325,1.0,2316,-99.9,-999,18.1,23.6,20.7,108
2006-05-06,93.0,23.5,18.83,15.0,608,4.0,635,-99.9,-999,13.5,18.8,15.1,108
2006-05-07,,,-9.0,,-9,,-9,-99.9,-999,12.3,26.5,19.7,108
2006-05-08,,,-9.0,,-9,,-9,,-9,15.6,26.7,21.0,108
2006-05-09,,0.3,-9.0,,-9,,-9,-99.9,-999,15.8,27.6,21.3,108
2006-05-10,0.3,0.0,5.75,0.1,-9,0.1,-9,-99.9,-999,16.0,20.2,18.2,108
2006-05-11,,,-9.0,,-9,,-9,,-9,13.5,24.2,18.9,108
2006-05-12,0.0,0.0,2.42,0.0,-9,0.0,-9,-99.9,-999,15.1,18.8,16.8,108
2006-05-13,,,-9.0,,-9,,-9,,-9,12.3,19.0,15.2,108
2006-05-14,,,-9.0,,-9,,-9,,-9,10.8,21.5,16.0,108
2006-05-15,,,-9.0,,-9,,-9,,-9,11.3,25.0,18.6,108
2006-05-16,,,-9.0,,-9,,-9,,-9,13.8,24.7,18.8,108
2006-05-17,,,-9.0,,-9,,-9,,-9,13.1,24.6,18.8,108
2006-05-18,,,-9.0,,-9,,-9,,-9,15.3,24.8,20.2,108
2006-05-19,,,-9.0,,-9,,-9,,-9,16.0,20.2,17.9,108
2006-05-20,,,-9.0,,-9,,-9,,-9,13.0,24.7,18.2,108
2006-05-21,,0.0,-9.0,,-9,,-9,,-9,15.3,28.3,22.5,108
2006-05-22,30.5,30.5,13.25,9.0,1355,2.5,1418,,-9,14.6,22.5,17.5,108
2006-05-23,,,-9.0,,-9,,-9,,-9,12.0,20.1,15.0,108
2006-05-24,,,-9.0,,-9,,-9,,-9,13.8,23.8,18.5,108
2006-05-25,,,-9.0,,-9,,-9,,-9,16.1,21.3,18.8,108
2006-05-26,,0.5,-9.0,,-9,,-9,,-9,16.7,27.0,21.6,108
2006-05-27,27.5,27.0,10.78,11.0,1821,5.5,1840,,-9,13.8,21.2,16.3,108
2006-05-28,1.0,1.2,1.25,1.0,2030,0.5,2105,,-9,13.5,22.2,17.3,108
2006-05-29,0.2,,1.17,0.2,655,0.2,700,,-9,14.6,22.7,18.4,108
2006-05-30,,,-9.0,,-9,,-9,,-9,15.0,25.5,20.5,108
2006-05-31,,,-9.0,,-9,,-9,,-9,15.6,26.7,21.3,108
2006-06-01,,,-9.0,,-9,,-9,,-9,16.7,28.1,22.7,108
2006-06-02,,,-9.0,,-9,,-9,,-9,18.6,32.4,25.9,108
2006-06-03,,,-9.0,,-9,,-9,,-9,19.5,29.8,23.4,108
2006-06-04,,,-9.0,,-9,,-9,,-9,17.3,26.2,20.8,108
2006-06-05,,,-9.0,,-9,,-9,,-9,17.1,26.1,21.3,108
2006-06-06,,,-9.0,,-9,,-9,,-9,17.7,27.3,21.9,108
2006-06-07,,0.0,-9.0,,-9,,-9,,-9,17.8,26.5,21.9,108
2006-06-08,6.5,6.5,2.17,6.5,1120,4.5,1130,,-9,18.3,24.0,20.1,108
2006-06-09,0.5,4.5,1.12,0.3,2234,0.2,-9,,-9,17.2,26.2,21.0,108
2006-06-10,39.5,35.5,10.73,10.0,1811,4.5,1333,,-9,15.1,20.6,17.3,108
2006-06-11,2.5,2.5,1.75,2.0,1022,1.5,1030,,-9,15.6,17.8,16.9,108
2006-06-12,,,-9.0,,-9,,-9,,-9,14.1,28.3,21.3,108
2006-06-13,,,-9.0,,-9,,-9,,-9,18.7,28.8,23.5,108
2006-06-14,63.0,65.0,14.33,9.5,1701,2.5,1739,,-9,16.5,22.1,19.0,108
2006-06-15,2.0,,3.75,1.0,100,0.5,12,,-9,15.8,22.7,18.5,108
2006-06-16,,,-9.0,,-9,,-9,,-9,15.6,27.3,21.4,108
2006-06-17,0.0,0.0,0.28,0.0,-9,0.0,-9,,-9,18.0,26.3,22.2,108
2006-06-18,,,-9.0,,-9,,-9,,-9,17.6,27.2,21.5,108
2006-06-19,,,-9.0,,-9,,-9,,-9,17.2,28.7,22.9,108
2006-06-20,,3.0,-9.0,,-9,,-9,,-9,19.8,26.2,22.5,108
2006-06-21,14.0,11.0,17.5,5.5,1118,2.0,1200,,-9,18.7,20.1,19.2,108
2006-06-22,,,-9.0,,-9,,-9,,-9,17.7,28.8,22.6,108
2006-06-23,,,-9.0,,-9,,-9,,-9,19.7,29.3,23.9,108
2006-06-24,,,-9.0,,-9,,-9,,-9,19.2,28.5,24.4,108
2006-06-25,8.0,18.0,2.92,8.0,2240,5.5,2249,,-9,20.3,29.2,24.4,108
2006-06-26,11.5,2.5,10.6,5.0,0,3.0,40,,-9,19.6,22.8,20.4,108
2006-06-27,1.0,0.0,3.75,1.0,157,0.5,150,,-9,19.1,24.2,21.1,108
2006-06-28,,,-9.0,,-9,,-9,,-9,20.5,27.7,23.7,108
2006-06-29,13.5,20.0,2.33,9.5,2218,8.5,2226,,-9,21.7,29.3,25.0,108
2006-06-30,6.5,4.5,6.93,5.5,5,3.0,53,,-9,20.8,26.8,23.2,108
2006-07-01,4.5,0.0,2.28,4.0,312,1.0,319,,-9,21.1,24.7,22.6,108
2006-07-02,0.0,,0.58,0.0,-9,0.0,-9,,-9,20.6,26.7,23.0,108
2006-07-03,,0.5,-9.0,,-9,,-9,,-9,19.6,28.6,24.1,108
2006-07-04,4.0,6.0,8.97,3.0,909,0.5,710,,-9,21.5,24.0,22.4,108
2006-07-05,2.5,,3.75,1.5,605,1.5,605,,-9,18.7,24.7,21.5,108
2006-07-06,13.0,23.0,5.25,6.0,2051,3.5,2141,,-9,19.2,23.5,21.1,108
2006-07-07,10.0,,6.15,3.5,254,1.0,256,,-9,20.0,26.8,23.0,108
2006-07-08,,,-9.0,,-9,,-9,,-9,21.3,29.0,25.5,108
2006-07-09,3.5,3.5,2.03,2.5,1805,2.0,1834,,-9,23.5,28.8,25.7,108
2006-07-10,19.0,19.5,9.15,8.5,1311,4.0,1401,,-9,21.2,26.1,23.8,108
2006-07-11,0.5,127.0,1.73,0.5,10,0.5,10,,-9,21.2,28.7,24.7,108
2006-07-12,226.5,114.5,22.17,49.5,930,13.0,932,,-9,22.6,25.1,23.8,108
2006-07-13,18.5,3.6,13.12,7.0,305,2.5,316,,-9,23.7,27.2,25.2,108
2006-07-14,0.1,0.5,1.05,0.1,749,0.1,749,,-9,25.2,29.2,27.2,108
2006-07-15,69.0,227.5,12.55,42.5,2311,15.5,2311,,-9,21.1,27.2,24.1,108
2006-07-16,241.0,100.0,21.35,45.0,-2349,11.5,38,,-9,17.7,21.2,18.7,108
2006-07-17,42.5,49.0,17.55,8.0,2227,3.0,2252,,-9,18.7,20.3,19.2,108
2006-07-18,31.0,7.0,19.12,6.5,338,2.5,420,,-9,17.5,20.7,19.1,108
2006-07-19,0.5,,2.38,0.5,-2330,0.5,-2355,,-9,18.5,24.2,21.8,108
2006-07-20,4.5,8.0,6.27,2.0,2152,0.5,1956,,-9,19.1,24.7,21.7,108
2006-07-21,3.5,9.5,8.75,1.5,220,0.5,55,,-9,18.8,26.7,22.1,108
2006-07-22,9.5,,3.53,4.5,19,3.0,108,,-9,21.2,27.5,23.4,108
2006-07-23,,,-9.0,,-9,,-9,,-9,20.1,28.1,23.4,108
2006-07-24,,,-9.0,,-9,,-9,,-9,21.6,26.6,23.4,108
2006-07-25,0.3,4.3,0.97,0.5,2322,0.3,2343,,-9,20.7,28.3,24.7,108
2006-07-26,5.0,30.5,9.42,1.5,544,0.5,12,,-9,20.7,24.6,22.2,108
2006-07-27,195.0,182.5,21.0,37.0,1441,10.5,1509,,-9,20.1,22.0,20.9,108
2006-07-28,88.0,93.5,13.2,37.0,1603,9.0,1603,,-9,20.6,23.2,21.8,108
2006-07-29,22.0,0.1,3.25,16.5,411,10.0,456,,-9,22.1,27.2,24.6,108
2006-07-30,0.1,0.0,1.75,0.1,-9,0.1,-9,,-9,24.3,29.7,26.1,108
2006-07-31,,,-9.0,,-9,,-9,,-9,24.6,30.1,26.5,108
2006-08-01,,,-9.0,,-9,,-9,,-9,24.7,32.0,27.7,108
2006-08-02,,,-9.0,,-9,,-9,,-9,24.2,32.0,28.0,108
2006-08-03,,,-9.0,,-9,,-9,,-9,24.0,33.2,28.6,108
2006-08-04,,,-9.0,,-9,,-9,,-9,24.8,34.7,29.5,108
2006-08-05,0.1,0.1,0.25,0.1,1335,0.1,1335,,-9,25.6,32.9,29.0,108
2006-08-06,,,-9.0,,-9,,-9,,-9,25.5,32.4,28.3,108
2006-08-07,22.0,22.0,1.12,22.0,1648,15.5,1714,,-9,23.7,31.7,27.2,108
2006-08-08,,,-9.0,,-9,,-9,,-9,24.0,34.2,29.0,108
2006-08-09,,,-9.0,,-9,,-9,,-9,25.6,34.2,29.2,108
2006-08-10,,,-9.0,,-9,,-9,,-9,24.8,33.2,28.6,108
2006-08-11,0.0,0.0,0.35,0.0,-9,0.0,-9,,-9,24.5,30.1,26.6,108
2006-08-12,,,-9.0,,-9,,-9,,-9,22.7,32.7,27.5,108
2006-08-13,,,-9.0,,-9,,-9,,-9,25.1,33.2,28.8,108
2006-08-14,,,-9.0,,-9,,-9,,-9,26.5,33.5,29.3,108
2006-08-15,20.5,20.5,2.17,13.5,1359,4.0,1440,,-9,26.2,32.4,28.2,108
2006-08-16,0.5,11.0,2.75,0.2,-9,0.1,-9,,-9,26.0,31.7,28.3,108
2006-08-17,10.5,,3.17,10.0,51,5.5,120,,-9,24.2,30.8,26.6,108
2006-08-18,,,-9.0,,-9,,-9,,-9,23.3,30.7,26.5,108
2006-08-19,0.1,0.1,1.57,0.1,1930,0.1,1937,,-9,20.8,29.7,24.8,108
2006-08-20,0.0,,0.47,0.0,-9,0.0,-9,,-9,21.0,26.5,23.6,108
2006-08-21,,,-9.0,,-9,,-9,,-9,23.0,30.5,27.2,108
2006-08-22,0.0,0.0,0.18,0.0,-9,0.0,-9,,-9,24.3,31.6,27.6,108
2006-08-23,0.0,0.0,0.43,0.0,-9,0.0,-9,,-9,25.2,30.6,27.1,108
2006-08-24,0.0,0.0,0.7,0.0,-9,0.0,-9,,-9,23.7,30.7,27.0,108
2006-08-25,14.5,16.0,5.6,13.0,1445,8.0,1507,,-9,23.3,29.0,25.1,108
2006-08-26,32.0,44.0,3.38,29.0,1639,13.5,1659,,-9,22.8,31.3,25.2,108
2006-08-27,18.5,5.0,8.63,6.5,407,2.0,422,,-9,23.0,25.7,24.2,108
2006-08-28,,,-9.0,,-9,,-9,,-9,22.8,29.6,25.4,108
2006-08-29,2.5,2.5,3.58,1.5,1739,0.5,1733,,-9,22.2,25.8,23.7,108
2006-08-30,,,-9.0,,-9,,-9,,-9,21.6,29.5,25.2,108
2006-08-31,,,-9.0,,-9,,-9,,-9,22.7,29.5,25.2,108
2006-09-01,,,-9.0,,-9,,-9,,-9,19.5,28.8,24.2,108
2006-09-02,,,-9.0,,-9,,-9,,-9,21.0,30.3,25.6,108
2006-09-03,,,-9.0,,-9,,-9,,-9,21.5,30.2,25.5,108
2006-09-04,,,-9.0,,-9,,-9,,-9,17.7,25.1,21.4,108
2006-09-05,0.1,3.6,0.83,0.1,-9,0.1,-9,,-9,16.2,26.3,21.1,108
2006-09-06,3.5,,3.17,2.5,120,1.0,155,,-9,15.8,25.2,19.8,108
2006-09-07,,,-9.0,,-9,,-9,,-9,15.8,28.1,22.0,108
2006-09-08,0.0,1.0,1.5,0.0,-9,0.0,-9,,-9,18.7,25.7,22.0,108
2006-09-09,4.5,3.5,11.75,1.0,804,0.5,709,,-9,13.6,22.1,17.2,108
2006-09-10,,,-9.0,,-9,,-9,,-9,12.6,20.1,15.8,108
2006-09-11,,,-9.0,,-9,,-9,,-9,11.3,21.3,16.5,108
2006-09-12,,,-9.0,,-9,,-9,,-9,13.6,25.2,19.9,108
2006-09-13,,,-9.0,,-9,,-9,,-9,17.0,27.2,21.8,108
2006-09-14,,,-9.0,,-9,,-9,,-9,16.2,27.0,21.5,108
2006-09-15,,,-9.0,,-9,,-9,,-9,17.7,24.5,20.8,108
2006-09-16,,0.0,-9.0,,-9,,-9,,-9,19.2,24.7,21.6,108
2006-09-17,2.0,2.5,4.13,1.5,2213,0.5,2227,,-9,16.8,22.8,20.2,108
2006-09-18,0.5,0.0,9.72,0.5,1,0.5,1,,-9,16.3,20.0,18.2,108
2006-09-19,,,-9.0,,-9,,-9,,-9,14.1,26.1,20.2,108
2006-09-20,,,-9.0,,-9,,-9,,-9,17.8,26.7,22.1,108
2006-09-21,,,-9.0,,-9,,-9,,-9,19.1,28.6,23.5,108
2006-09-22,,,-9.0,,-9,,-9,,-9,18.6,27.7,22.9,108
2006-09-23,,,-9.0,,-9,,-9,,-9,17.1,26.6,21.5,108
2006-09-24,,,-9.0,,-9,,-9,,-9,15.3,26.8,21.2,108
2006-09-25,,,-9.0,,-9,,-9,,-9,16.0,26.7,20.9,108
2006-09-26,,0.0,-9.0,,-9,,-9,,-9,17.8,27.1,21.6,108
2006-09-27,0.0,,0.33,0.0,-9,0.0,-9,,-9,18.7,27.2,22.0,108
2006-09-28,0.5,0.5,1.0,0.5,2240,0.5,2240,,-9,18.1,23.1,20.5,108
2006-09-29,0.0,,0.08,0.0,-9,0.0,-9,,-9,17.3,25.6,20.7,108
2006-09-30,,,-9.0,,-9,,-9,,-9,16.2,25.5,20.7,108
2006-10-01,,,-9.0,,-9,,-9,,-9,17.7,25.3,20.7,108
2006-10-02,,,-9.0,,-9,,-9,,-9,15.3,26.3,20.7,108
2006-10-03,,,-9.0,,-9,,-9,,-9,15.1,26.3,20.6,108
2006-10-04,,,-9.0,,-9,,-9,,-9,15.6,27.5,21.6,108
2006-10-05,,,-9.0,,-9,,-9,,-9,16.3,27.2,21.4,108
2006-10-06,,,-9.0,,-9,,-9,,-9,16.2,26.7,21.1,108
2006-10-07,,,-9.0,,-9,,-9,,-9,14.5,25.7,20.3,108
2006-10-08,,,-9.0,,-9,,-9,,-9,15.8,23.7,19.7,108
2006-10-09,,,-9.0,,-9,,-9,,-9,17.0,23.6,20.1,108
2006-10-10,,,-9.0,,-9,,-9,,-9,18.7,25.7,20.9,108
2006-10-11,0.0,0.0,0.38,0.0,-9,0.0,-9,,-9,15.0,23.6,19.3,108
2006-10-12,,,-9.0,,-9,,-9,,-9,10.6,22.5,16.4,108
2006-10-13,,,-9.0,,-9,,-9,,-9,12.0,24.2,17.9,108
2006-10-14,,,-9.0,,-9,,-9,,-9,14.0,24.2,18.5,108
2006-10-15,,,-9.0,,-9,,-9,,-9,14.3,24.1,18.9,108
2006-10-16,,,-9.0,,-9,,-9,,-9,15.6,25.6,19.7,108
2006-10-17,,0.2,-9.0,,-9,,-9,,-9,16.0,21.7,18.9,108
2006-10-18,0.2,,1.58,0.2,218,0.1,253,,-9,16.7,23.2,19.4,108
2006-10-19,,0.5,-9.0,,-9,,-9,,-9,17.7,21.8,19.5,108
2006-10-20,0.5,,0.37,0.5,545,0.4,547,,-9,16.0,23.5,19.1,108
2006-10-21,,,-9.0,,-9,,-9,,-9,14.8,24.0,18.7,108
2006-10-22,21.5,29.5,11.35,10.5,2125,4.5,2140,,-9,15.1,18.7,16.5,108
2006-10-23,8.0,0.0,4.68,7.5,111,5.0,201,,-9,10.5,15.6,12.0,108
2006-10-24,,,-9.0,,-9,,-9,,-9,9.5,18.3,13.2,108
2006-10-25,,,-9.0,,-9,,-9,,-9,9.3,17.2,13.5,108
2006-10-26,,,-9.0,,-9,,-9,,-9,12.1,18.8,15.0,108
2006-10-27,,,-9.0,,-9,,-9,,-9,10.3,17.8,13.6,108
2006-10-28,,,-9.0,,-9,,-9,,-9,9.5,19.5,14.7,108
2006-10-29,,,-9.0,,-9,,-9,,-9,11.8,19.5,15.3,108
2006-10-30,,,-9.0,,-9,,-9,,-9,7.9,19.8,13.9,108
2006-10-31,,,-9.0,,-9,,-9,,-9,10.1,19.7,14.8,108
2006-11-01,,,-9.0,,-9,,-9,,-9,12.6,19.8,15.6,108
2006-11-02,,,-9.0,,-9,,-9,,-9,11.8,18.3,14.5,108
2006-11-03,1.5,1.5,1.3,,-9,,-9,,-9,9.6,20.2,14.8,108
2006-11-04,,7.0,-9.0,,-9,,-9,,-9,12.1,19.3,16.0,108
2006-11-05,7.0,12.0,3.17,,-9,,-9,,-9,8.3,17.7,13.3,108
2006-11-06,17.0,5.0,12.25,,-9,,-9,,-9,-0.1,8.8,4.6,108
2006-11-07,,,-9.0,,-9,,-9,,-9,-1.3,8.1,3.5,108
2006-11-08,0.0,2.5,1.0,,-9,,-9,,-9,5.5,17.1,13.0,108
2006-11-09,2.5,,2.33,,-9,,-9,,-9,8.6,17.2,13.8,108
2006-11-10,,,-9.0,,-9,,-9,,-9,5.1,12.6,8.4,108
2006-11-11,,,-9.0,,-9,,-9,,-9,2.0,9.3,5.3,108
2006-11-12,,,-9.0,,-9,,-9,,-9,0.6,11.3,5.8,108
2006-11-13,3.0,3.0,2.25,,-9,,-9,,-9,4.5,13.6,9.1,108
2006-11-14,0.0,1.5,0.5,,-9,,-9,,-9,2.5,8.6,5.6,108
2006-11-15,3.5,2.0,4.17,,-9,,-9,,-9,1.8,10.5,5.6,108
2006-11-16,,,-9.0,,-9,,-9,,-9,-0.4,7.0,3.4,108
2006-11-17,,,-9.0,,-9,,-9,,-9,0.5,10.1,5.5,108
2006-11-18,,,-9.0,,-9,,-9,,-9,2.5,13.1,7.2,108
2006-11-19,,,-9.0,,-9,,-9,,-9,3.5,13.6,8.8,108
2006-11-20,,,-9.0,,-9,,-9,,-9,4.6,13.1,8.6,108
2006-11-21,0.1,0.1,1.33,,-9,,-9,,-9,5.4,11.1,8.4,108
2006-11-22,,,-9.0,,-9,,-9,,-9,5.0,10.1,7.1,108
2006-11-23,,,-9.0,,-9,,-9,,-9,6.0,11.3,7.9,108
2006-11-24,,,-9.0,,-9,,-9,,-9,4.8,12.6,7.3,108
2006-11-25,,,-9.0,,-9,,-9,,-9,4.0,16.2,9.1,108
2006-11-26,,6.5,-9.0,,-9,,-9,,-9,8.3,13.8,11.3,108
2006-11-27,12.0,5.6,17.0,,-9,,-9,,-9,5.8,12.0,8.1,108
2006-11-28,0.5,0.4,2.43,,-9,,-9,,-9,2.5,7.0,5.1,108
2006-11-29,,0.2,-9.0,,-9,,-9,,-9,0.0,5.0,2.0,108
2006-11-30,0.5,0.3,6.5,,-9,,-9,,-9,-0.6,3.5,1.8,108
2006-12-01,0.3,0.3,1.17,,-9,,-9,,-9,0.8,5.9,3.1,108
2006-12-02,,,-9.0,,-9,,-9,,-9,-6.1,3.0,-2.8,108
2006-12-03,,,-9.0,,-9,,-9,,-9,-8.5,-0.8,-4.5,108
2006-12-04,,,-9.0,,-9,,-9,,-9,-5.4,2.5,-1.4,108
2006-12-05,,,-9.0,,-9,,-9,,-9,-0.4,6.6,2.4,108
2006-12-06,,1.0,-9.0,,-9,,-9,,-9,-0.6,6.9,3.2,108
2006-12-07,1.0,0.0,8.0,,-9,,-9,,-9,3.5,7.4,5.0,108
2006-12-08,2.5,4.5,2.58,,-9,,-9,,-9,4.0,9.1,6.6,108
2006-12-09,2.5,0.5,8.5,,-9,,-9,,-9,-1.2,5.9,2.5,108
2006-12-10,,,-9.0,,-9,,-9,,-9,-3.5,3.7,-0.4,108
2006-12-11,,,-9.0,,-9,,-9,,-9,-2.0,6.0,1.8,108
2006-12-12,,,-9.0,,-9,,-9,,-9,1.2,9.5,5.2,108
2006-12-13,,,-9.0,,-9,,-9,,-9,3.5,9.8,5.7,108
2006-12-14,,,-9.0,,-9,,-9,,-9,1.1,6.1,3.3,108
2006-12-15,2.5,2.5,4.5,,-9,,-9,,-9,0.6,6.4,3.2,108
2006-12-16,3.0,8.5,2.33,,-9,,-9,,-9,-0.2,4.8,2.4,108
2006-12-17,5.5,0.0,8.67,,-9,,-9,,-9,-3.9,1.6,-1.0,108
2006-12-18,,,-9.0,,-9,,-9,,-9,-5.4,1.1,-2.4,108
2006-12-19,,,-9.0,,-9,,-9,,-9,-4.1,5.0,0.8,108
2006-12-20,,,-9.0,,-9,,-9,,-9,1.7,8.1,4.1,108
2006-12-21,,0.0,-9.0,,-9,,-9,,-9,0.1,8.1,3.6,108
2006-12-22,0.0,,1.0,,-9,,-9,,-9,2.0,7.3,4.1,108
2006-12-23,,,-9.0,,-9,,-9,,-9,-0.8,7.0,2.5,108
2006-12-24,,,-9.0,,-9,,-9,,-9,-1.7,7.3,2.4,108
2006-12-25,,,-9.0,,-9,,-9,,-9,0.4,12.6,5.8,108
2006-12-26,,,-9.0,,-9,,-9,,-9,2.5,12.6,7.1,108
2006-12-27,,,-9.0,,-9,,-9,,-9,-4.3,5.6,0.9,108
2006-12-28,,,-9.0,,-9,,-9,,-9,-11.3,-4.3,-8.4,108
2006-12-29,,,-9.0,,-9,,-9,,-9,-12.3,-3.7,-8.1,108
2006-12-30,,,-9.0,,-9,,-9,,-9,-8.8,-0.1,-3.6,108
2006-12-31,,,-9.0,,-9,,-9,,-9,-4.4,6.1,0.7,108
2007-01-01,0.2,0.7,2.83,,-9,,-9,,-9,0.0,6.0,3.3,108
2007-01-02,0.5,,3.33,,-9,,-9,,-9,1.5,4.5,3.1,108
2007-01-03,,,-9.0,,-9,,-9,,-9,1.6,9.3,5.3,108
2007-01-04,,,-9.0,,-9,,-9,,-9,0.8,11.8,4.8,108
2007-01-05,,4.5,-9.0,,-9,,-9,,-9,1.0,9.0,4.5,108
2007-01-06,9.0,4.5,9.35,,-9,,-9,,-9,-4.8,4.6,-1.2,108
2007-01-07,,,-9.0,,-9,,-9,,-9,-6.5,-0.8,-3.9,108
2007-01-08,,,-9.0,,-9,,-9,,-9,-4.6,0.2,-3.0,108
2007-01-09,,,-9.0,,-9,,-9,,-9,-6.0,2.5,-1.7,108
2007-01-10,,,-9.0,,-9,,-9,,-9,-3.0,2.9,-0.4,108
2007-01-11,,,-9.0,,-9,,-9,,-9,-4.5,1.5,-1.6,108
2007-01-12,,,-9.0,,-9,,-9,,-9,-5.8,-0.8,-3.0,108
2007-01-13,,,-9.0,,-9,,-9,,-9,-7.6,-2.2,-5.2,108
2007-01-14,,,-9.0,,-9,,-9,,-9,-7.6,2.5,-2.7,108
2007-01-15,,,-9.0,,-9,,-9,,-9,-4.5,4.0,-0.2,108
2007-01-16,,,-9.0,,-9,,-9,,-9,-0.6,5.3,2.2,108
2007-01-17,,0.0,-9.0,,-9,,-9,,-9,-0.8,4.5,2.3,108
2007-01-18,0.0,,0.38,,-9,,-9,,-9,-1.1,4.3,1.0,108
2007-01-19,,,-9.0,,-9,,-9,,-9,-3.4,4.4,0.2,108
2007-01-20,,,-9.0,,-9,,-9,,-9,-2.7,6.1,1.0,108
2007-01-21,,,-9.0,,-9,,-9,,-9,-2.5,7.1,1.8,108
2007-01-22,,,-9.0,,-9,,-9,,-9,-1.1,5.5,2.0,108
2007-01-23,,,-9.0,,-9,,-9,,-9,-1.6,6.0,1.9,108
2007-01-24,,,-9.0,,-9,,-9,,-9,-1.8,5.5,1.5,108
2007-01-25,,,-9.0,,-9,,-9,,-9,-2.0,4.6,1.0,108
2007-01-26,0.1,0.1,5.25,,-9,,-9,,-9,-0.2,4.3,1.4,108
2007-01-27,,,-9.0,,-9,,-9,,-9,-1.5,3.5,0.7,108
2007-01-28,,,-9.0,,-9,,-9,,-9,-3.0,4.4,0.2,108
2007-01-29,,1.0,-9.0,,-9,,-9,,-9,-2.7,4.9,1.0,108
2007-01-30,1.0,,1.87,,-9,,-9,,-9,-5.0,2.7,-0.4,108
2007-01-31,,,-9.0,,-9,,-9,,-9,-6.5,-0.3,-3.7,108
2007-02-01,,,-9.0,,-9,,-9,,-9,-8.3,-1.5,-5.4,108
2007-02-02,,,-9.0,,-9,,-9,,-9,-8.6,-0.5,-5.0,108
2007-02-03,,,-9.0,,-9,,-9,,-9,-5.6,6.4,0.3,108
2007-02-04,,,-9.0,,-9,,-9,,-9,-2.2,9.3,3.0,108
2007-02-05,,,-9.0,,-9,,-9,,-9,0.3,8.1,4.5,108
2007-02-06,,,-9.0,,-9,,-9,,-9,5.5,13.3,8.0,108
2007-02-07,,0.5,-9.0,,-9,,-9,,-9,1.2,13.8,7.1,108
2007-02-08,1.0,0.5,8.75,,-9,,-9,,-9,4.5,6.5,5.6,108
2007-02-09,0.0,0.0,0.08,,-9,,-9,,-9,3.9,6.1,4.6,108
2007-02-10,0.0,0.0,0.07,,-9,,-9,,-9,0.4,6.0,3.5,108
2007-02-11,,,-9.0,,-9,,-9,,-9,-2.5,5.8,1.3,108
2007-02-12,,,-9.0,,-9,,-9,,-9,-0.8,8.3,3.4,108
2007-02-13,11.5,11.6,7.67,,-9,,-9,,-9,1.2,7.4,3.7,108
2007-02-14,0.1,0.0,1.22,,-9,,-9,,-9,-3.2,4.0,-0.1,108
2007-02-15,,,-9.0,,-9,,-9,,-9,-3.5,4.4,0.0,108
2007-02-16,,,-9.0,,-9,,-9,,-9,-3.2,9.5,3.1,108
2007-02-17,,,-9.0,,-9,,-9,,-9,3.5,10.1,6.2,108
2007-02-18,,,-9.0,,-9,,-9,,-9,0.6,12.1,5.6,108
2007-02-19,,,-9.0,,-9,,-9,,-9,1.7,10.3,4.4,108
2007-02-20,,,-9.0,,-9,,-9,,-9,0.4,12.0,5.6,108
2007-02-21,,,-9.0,,-9,,-9,,-9,2.2,8.5,5.2,108
2007-02-22,0.0,0.0,0.25,,-9,,-9,,-9,2.5,13.1,7.6,108
2007-02-23,0.0,,0.2,,-9,,-9,,-9,-0.6,7.4,2.9,108
2007-02-24,,,-9.0,,-9,,-9,,-9,-1.7,9.3,4.3,108
2007-02-25,,,-9.0,,-9,,-9,,-9,4.5,11.5,7.3,108
2007-02-26,,,-9.0,,-9,,-9,,-9,3.7,14.0,8.3,108
2007-02-27,,,-9.0,,-9,,-9,,-9,3.9,12.5,7.7,108
2007-02-28,,,-9.0,,-9,,-9,,-9,2.7,14.8,8.1,108
2007-03-01,,4.5,-9.0,,-9,,-9,,-9,3.9,15.3,10.2,108
2007-03-02,22.0,17.7,22.33,,-9,,-9,,-9,6.5,12.0,8.3,108
2007-03-03,0.2,,4.0,,-9,,-9,,-9,8.6,12.0,10.4,108
2007-03-04,34.0,36.0,12.42,,-9,,-9,,-9,5.5,14.1,10.9,108
2007-03-05,2.0,0.0,10.08,,-9,,-9,,-9,-5.3,5.5,-2.1,108
2007-03-06,0.0,,0.33,,-9,,-9,,-9,-7.6,-1.6,-5.0,108
2007-03-07,0.9,0.9,5.25,,-9,,-9,,-9,-6.9,1.2,-2.8,108
2007-03-08,1.0,1.0,3.33,,-9,,-9,,-9,-3.5,3.9,0.7,108
2007-03-09,,,-9.0,,-9,,-9,,-9,0.6,9.3,4.9,108
2007-03-10,1.0,1.0,2.75,,-9,,-9,,-9,-3.5,6.5,2.3,108
2007-03-11,,,-9.0,,-9,,-9,,-9,-3.7,3.5,0.1,108
2007-03-12,,,-9.0,,-9,,-9,,-9,-1.8,7.5,3.1,108
2007-03-13,,,-9.0,,-9,,-9,,-9,0.6,10.1,5.1,108
2007-03-14,,,-9.0,,-9,,-9,,-9,1.3,11.6,6.6,108
2007-03-15,,,-9.0,,-9,,-9,,-9,5.0,14.5,9.1,108
2007-03-16,,,-9.0,,-9,,-9,,-9,5.0,12.8,7.9,108
2007-03-17,,,-9.0,,-9,,-9,,-9,3.2,11.6,6.9,108
2007-03-18,,,-9.0,,-9,,-9,,-9,1.7,11.6,6.3,108
2007-03-19,,,-9.0,,-9,,-9,,-9,1.8,12.3,6.8,108
2007-03-20,,0.0,-9.0,,-9,,-9,,-9,1.7,10.1,5.4,108
2007-03-21,1.0,1.0,7.52,,-9,,-9,,-9,5.4,8.3,6.7,108
2007-03-22,,,-9.0,,-9,,-9,,-9,6.0,12.6,7.9,108
2007-03-23,0.4,7.4,1.95,,-9,,-9,,-9,6.0,16.2,10.8,108
2007-03-24,10.5,3.5,11.08,,-9,,-9,,-9,7.8,13.0,9.5,108
2007-03-25,,,-9.0,,-9,,-9,,-9,4.4,12.3,8.0,108
2007-03-26,0.0,0.0,1.83,,-9,,-9,,-9,3.0,13.5,9.6,108
2007-03-27,0.5,,3.58,,-9,,-9,,-9,8.3,13.8,10.5,108
2007-03-28,10.5,10.5,5.25,,-9,,-9,,-9,3.0,9.5,5.5,108
2007-03-29,18.0,18.0,6.33,,-9,,-9,,-9,1.8,10.6,5.6,108
2007-03-30,0.0,21.5,0.33,,-9,,-9,,-9,3.4,15.6,9.6,108
2007-03-31,21.5,0.0,10.33,,-9,,-9,,-9,7.9,11.1,8.9,108
2007-04-01,,,-9.0,,-9,,-9,,-9,6.5,13.3,9.1,108
2007-04-02,,,-9.0,,-9,,-9,,-9,3.2,8.8,5.6,108
2007-04-03,0.0,0.0,1.33,0.0,-9,0.0,-9,,-9,1.6,9.1,5.5,108
2007-04-04,,,-9.0,,-9,,-9,,-9,2.0,11.1,6.3,108
2007-04-05,,,-9.0,,-9,,-9,,-9,2.5,13.6,8.3,108
2007-04-06,,0.0,-9.0,,-9,,-9,,-9,6.5,14.6,9.5,108
2007-04-07,0.0,,0.08,0.0,-9,0.0,-9,,-9,6.3,13.8,9.3,108
2007-04-08,,,-9.0,,-9,,-9,,-9,6.0,14.6,9.5,108
2007-04-09,,0.0,-9.0,,-9,,-9,,-9,5.6,16.0,10.8,108
2007-04-10,0.1,0.1,4.37,0.1,1620,0.1,1710,,-9,9.0,14.3,10.4,108
2007-04-11,2.5,6.0,2.93,1.5,2124,0.5,2139,,-9,6.8,17.0,11.1,108
2007-04-12,3.5,5.0,7.8,1.5,219,0.5,219,,-9,8.3,15.6,11.8,108
2007-04-13,5.0,0.0,7.87,2.5,202,1.0,244,,-9,7.5,14.3,9.6,108
2007-04-14,1.5,2.5,1.35,1.5,2300,0.5,2258,,-9,5.5,15.8,10.5,108
2007-04-15,1.0,0.0,1.17,1.0,0,1.0,9,,-9,8.0,17.6,12.2,108
2007-04-16,0.0,0.0,1.1,0.0,-9,0.0,-9,,-9,7.5,13.6,9.5,108
2007-04-17,,,-9.0,,-9,,-9,,-9,5.6,15.6,10.4,108
2007-04-18,,,-9.0,,-9,,-9,,-9,6.3,16.6,11.1,108
2007-04-19,,,-9.0,,-9,,-9,,-9,8.5,17.5,12.7,108
2007-04-20,26.0,26.0,12.92,16.0,1415,6.5,1433,,-9,10.1,14.5,12.5,108
2007-04-21,1.0,1.5,3.67,1.0,2129,0.5,2206,,-9,11.8,20.0,15.2,108
2007-04-22,0.5,,4.17,0.5,0,0.5,16,,-9,11.1,16.2,13.1,108
2007-04-23,,,-9.0,,-9,,-9,,-9,9.3,19.6,14.3,108
2007-04-24,,,-9.0,,-9,,-9,,-9,10.8,16.7,12.9,108
2007-04-25,,,-9.0,,-9,,-9,,-9,9.3,17.7,12.9,108
2007-04-26,,,-9.0,,-9,,-9,,-9,8.1,21.1,14.7,108
2007-04-27,,,-9.0,,-9,,-9,,-9,10.3,21.0,15.2,108
2007-04-28,,,-9.0,,-9,,-9,,-9,10.0,20.7,14.8,108
2007-04-29,,,-9.0,,-9,,-9,,-9,10.8,22.5,16.3,108
2007-04-30,0.0,2.5,0.8,0.0,-9,0.0,-9,,-9,11.3,18.7,15.7,108
2007-05-01,2.5,0.0,8.0,1.5,155,0.5,117,,-9,11.6,16.8,14.0,108
2007-05-02,,0.0,-9.0,,-9,,-9,,-9,11.1,21.2,15.6,108
2007-05-03,0.0,,0.18,0.0,-9,0.0,-9,,-9,13.0,19.5,15.3,108
2007-05-04,,,-9.0,,-9,,-9,,-9,13.8,21.7,16.3,108
2007-05-05,,,-9.0,,-9,,-9,,-9,13.8,26.1,19.2,108
2007-05-06,,,-9.0,,-9,,-9,,-9,15.5,25.2,20.0,108
2007-05-07,,,-9.0,,-9,,-9,,-9,13.8,26.1,19.5,108
2007-05-08,,,-9.0,,-9,,-9,,-9,15.3,25.6,19.4,108
2007-05-09,5.5,5.5,3.57,3.0,1946,1.5,1710,,-9,10.8,22.2,15.9,108
2007-05-10,,,-9.0,,-9,,-9,,-9,9.0,22.8,15.7,108
2007-05-11,,9.0,-9.0,,-9,,-9,,-9,12.5,24.7,18.7,108
2007-05-12,20.0,11.0,14.28,6.0,1527,3.0,1617,,-9,11.1,18.6,13.0,108
2007-05-13,,,-9.0,,-9,,-9,,-9,10.0,22.8,16.6,108
2007-05-14,0.1,0.1,1.35,0.1,1415,0.1,1426,,-9,14.1,20.7,16.5,108
2007-05-15,,,-9.0,,-9,,-9,,-9,12.6,25.2,19.6,108
2007-05-16,42.0,46.5,10.47,15.0,1928,4.5,1930,,-9,13.6,22.0,17.3,108
2007-05-17,4.5,2.0,4.62,2.5,145,1.0,231,,-9,13.3,24.0,18.3,108
2007-05-18,13.0,11.0,6.0,8.5,1735,7.5,1738,,-9,12.5,18.8,14.3,108
2007-05-19,0.0,0.0,0.07,0.0,-9,0.0,-9,,-9,12.5,20.0,16.0,108
2007-05-20,,,-9.0,,-9,,-9,,-9,12.0,23.1,17.4,108
2007-05-21,,,-9.0,,-9,,-9,,-9,12.8,24.1,18.4,108
2007-05-22,,,-9.0,,-9,,-9,,-9,12.6,26.0,19.7,108
2007-05-23,0.0,0.4,0.25,0.0,-9,0.0,-9,,-9,15.5,25.6,20.7,108
2007-05-24,49.0,49.6,14.23,11.5,1728,2.5,1813,,-9,18.3,22.2,19.8,108
2007-05-25,1.0,,5.28,0.5,0,0.5,0,,-9,16.8,23.1,19.7,108
2007-05-26,,,-9.0,,-9,,-9,,-9,14.6,25.7,20.3,108
2007-05-27,,,-9.0,,-9,,-9,,-9,16.0,30.1,22.5,108
2007-05-28,,,-9.0,,-9,,-9,,-9,16.2,27.5,21.3,108
2007-05-29,0.0,0.0,1.87,0.0,-9,0.0,-9,,-9,15.8,20.8,18.1,108
2007-05-30,,,-9.0,,-9,,-9,,-9,15.3,24.7,19.7,108
2007-05-31,,,-9.0,,-9,,-9,,-9,16.5,27.2,22.2,108
2007-06-01,,,-9.0,,-9,,-9,,-9,16.7,22.2,20.4,108
2007-06-02,,,-9.0,,-9,,-9,,-9,17.2,28.6,23.2,108
2007-06-03,,,-9.0,,-9,,-9,,-9,19.0,29.6,23.8,108
2007-06-04,,,-9.0,,-9,,-9,,-9,19.3,25.8,22.4,108
2007-06-05,,0.1,-9.0,,-9,,-9,,-9,18.3,21.5,19.9,108
2007-06-06,0.1,0.0,3.07,0.1,457,0.1,547,,-9,17.5,24.8,20.1,108
2007-06-07,0.1,0.1,4.77,0.1,2123,0.1,2213,,-9,17.7,21.7,19.3,108
2007-06-08,0.5,0.5,3.57,0.4,2153,0.4,2200,,-9,17.2,23.8,19.4,108
2007-06-09,,,-9.0,,-9,,-9,,-9,14.1,25.7,20.3,108
2007-06-10,,,-9.0,,-9,,-9,,-9,16.6,30.7,23.6,108
2007-06-11,,,-9.0,,-9,,-9,,-9,19.2,30.0,24.4,108
2007-06-12,,,-9.0,,-9,,-9,,-9,19.7,29.6,24.4,108
2007-06-13,0.0,0.5,4.72,0.0,-9,0.0,-9,,-9,19.5,29.3,23.8,108
2007-06-14,0.5,,7.83,0.3,208,0.2,208,,-9,19.8,28.5,23.4,108
2007-06-15,,,-9.0,,-9,,-9,,-9,18.2,28.5,23.1,108
2007-06-16,,,-9.0,,-9,,-9,,-9,18.7,32.2,25.5,108
2007-06-17,,,-9.0,,-9,,-9,,-9,18.7,30.7,25.6,108
2007-06-18,,,-9.0,,-9,,-9,,-9,20.5,33.2,26.3,108
2007-06-19,,,-9.0,,-9,,-9,,-9,21.5,32.2,26.4,108
2007-06-20,0.0,0.5,0.5,0.0,-9,0.0,-9,,-9,21.5,28.6,24.2,108
2007-06-21,14.0,13.6,17.62,3.0,1815,1.0,1110,,-9,19.2,23.2,21.0,108
2007-06-22,0.1,,1.0,0.1,15,0.1,34,,-9,19.5,31.7,25.4,108
2007-06-23,0.1,4.1,2.33,0.1,2236,0.1,2326,,-9,21.3,29.5,24.8,108
2007-06-24,6.0,9.0,9.92,3.0,414,1.0,432,,-9,17.8,24.5,21.2,108
2007-06-25,7.0,0.0,8.08,3.5,112,1.5,140,,-9,19.2,25.2,21.7,108
2007-06-26,,,-9.0,,-9,,-9,,-9,21.3,30.6,25.4,108
2007-06-27,0.0,15.0,3.5,0.0,-9,0.0,-9,,-9,21.5,30.6,25.9,108
2007-06-28,22.0,8.0,10.63,12.0,716,8.0,724,,-9,23.0,27.2,24.6,108
2007-06-29,4.0,3.0,10.7,1.5,816,1.0,906,,-9,21.1,23.7,21.8,108
2007-06-30,0.1,20.6,1.42,0.1,-9,0.1,-9,,-9,21.0,28.7,24.2,108
2007-07-01,31.0,80.0,21.55,5.5,235,2.0,1501,,-9,19.0,23.2,19.8,108
2007-07-02,76.0,7.5,12.83,16.5,426,7.5,331,,-9,18.7,22.8,20.6,108
2007-07-03,1.0,6.0,2.68,1.0,26,0.5,27,,-9,20.3,27.3,23.6,108
2007-07-04,31.5,25.5,6.92,17.0,920,6.5,854,,-9,20.7,25.3,22.7,108
2007-07-05,0.0,0.0,2.68,0.0,-9,0.0,-9,,-9,20.7,25.1,22.6,108
2007-07-06,,,-9.0,,-9,,-9,,-9,21.3,31.1,26.2,108
2007-07-07,0.0,0.0,0.12,0.0,-9,0.0,-9,,-9,22.7,30.7,26.4,108
2007-07-08,,,-9.0,,-9,,-9,,-9,22.6,30.2,25.8,108
2007-07-09,0.5,4.0,1.08,0.5,2256,0.5,2346,,-9,21.7,30.3,25.9,108
2007-07-10,3.5,2.0,5.55,1.5,0,1.0,3,,-9,19.5,25.1,22.4,108
2007-07-11,35.5,33.5,18.18,11.5,1651,10.0,1738,,-9,17.7,21.1,18.9,108
2007-07-12,0.0,,0.08,0.0,-9,0.0,-9,,-9,20.1,28.0,23.4,108
2007-07-13,,0.0,-9.0,,-9,,-9,,-9,21.6,30.7,25.7,108
2007-07-14,0.0,,0.18,0.0,-9,0.0,-9,,-9,22.0,27.8,24.0,108
2007-07-15,0.0,11.0,1.0,0.0,-9,0.0,-9,,-9,19.1,29.0,24.7,108
2007-07-16,35.5,27.0,17.98,7.0,2101,2.5,226,,-9,18.6,25.2,19.9,108
2007-07-17,2.5,,7.17,1.0,32,0.5,22,,-9,19.0,27.7,22.4,108
2007-07-18,,11.5,-9.0,,-9,,-9,,-9,19.7,31.0,26.0,108
2007-07-19,29.5,18.2,19.08,6.0,301,2.5,306,,-9,23.3,26.8,24.1,108
2007-07-20,0.4,0.3,2.62,0.2,-9,0.1,1820,,-9,23.1,30.0,26.2,108
2007-07-21,0.2,0.1,5.75,0.1,-9,0.1,-9,,-9,22.0,26.2,23.6,108
2007-07-22,,,-9.0,,-9,,-9,,-9,20.7,29.7,24.6,108
2007-07-23,,6.0,-9.0,,-9,,-9,,-9,21.7,29.3,25.5,108
2007-07-24,19.0,13.5,13.5,12.0,1953,6.5,2035,,-9,21.1,26.7,23.4,108
2007-07-25,0.5,0.0,6.0,0.5,535,0.5,546,,-9,23.2,26.7,24.7,108
2007-07-26,,,-9.0,,-9,,-9,,-9,23.0,31.2,26.7,108
2007-07-27,,,-9.0,,-9,,-9,,-9,25.1,29.7,26.9,108
2007-07-28,,,-9.0,,-9,,-9,,-9,24.1,26.2,25.1,108
2007-07-29,7.5,7.5,1.83,6.0,1142,2.0,1150,,-9,21.7,27.2,24.6,108
2007-07-30,,,-9.0,,-9,,-9,,-9,22.2,31.2,26.4,108
2007-07-31,,1.0,-9.0,,-9,,-9,,-9,23.5,29.8,26.4,108
2007-08-01,1.0,5.0,1.98,1.0,743,0.5,750,,-9,25.1,30.1,27.2,108
2007-08-02,5.0,,3.33,5.0,405,4.5,421,,-9,25.7,30.2,27.8,108
2007-08-03,0.5,9.0,1.17,0.3,1335,0.2,-9,,-9,25.2,32.2,27.5,108
2007-08-04,42.0,33.5,9.58,27.5,1022,16.0,1135,,-9,22.2,26.1,24.5,108
2007-08-05,0.1,0.3,1.75,0.1,-9,0.1,-9,,-9,22.2,27.7,24.8,108
2007-08-06,0.5,5.8,2.92,0.3,905,0.2,-9,,-9,24.0,29.3,25.7,108
2007-08-07,32.0,48.0,12.2,12.5,1318,4.0,1321,,-9,22.3,25.2,23.8,108
2007-08-08,40.5,19.5,7.48,15.5,743,10.5,749,,-9,21.8,27.7,25.3,108
2007-08-09,31.0,31.0,6.97,16.0,1142,7.0,1210,,-9,22.2,29.2,26.1,108
2007-08-10,3.5,3.0,3.45,2.0,1305,2.0,1326,,-9,25.7,31.0,27.7,108
2007-08-11,0.0,0.1,0.07,0.0,-9,0.0,-9,,-9,25.5,33.0,28.7,108
2007-08-12,9.0,9.4,9.53,2.5,1748,1.0,1829,,-9,24.6,28.1,26.2,108
2007-08-13,2.5,9.5,5.2,0.5,512,0.5,522,,-9,24.8,30.3,27.6,108
2007-08-14,26.5,19.5,12.05,6.5,538,6.0,544,,-9,25.0,28.6,25.8,108
2007-08-15,6.5,9.0,2.75,5.5,1835,4.5,1840,,-9,23.7,29.5,26.4,108
2007-08-16,6.0,3.0,2.22,3.0,940,2.0,945,,-9,25.3,30.8,27.2,108
2007-08-17,,,-9.0,,-9,,-9,,-9,24.2,32.2,27.6,108
2007-08-18,,,-9.0,,-9,,-9,,-9,24.2,31.2,26.9,108
2007-08-19,,,-9.0,,-9,,-9,,-9,25.0,31.0,27.3,108
2007-08-20,2.5,2.5,1.1,1.5,943,1.0,2233,,-9,24.5,31.0,27.2,108
2007-08-21,2.0,11.5,1.7,2.0,1125,1.0,1147,,-9,25.8,29.7,27.4,108
2007-08-22,9.5,,1.87,9.5,453,3.0,525,,-9,24.2,31.8,27.5,108
2007-08-23,,,-9.0,,-9,,-9,,-9,21.8,33.2,26.9,108
2007-08-24,,,-9.0,,-9,,-9,,-9,22.3,31.7,27.2,108
2007-08-25,,,-9.0,,-9,,-9,,-9,25.3,33.0,28.3,108
2007-08-26,,13.5,-9.0,,-9,,-9,,-9,25.1,32.2,28.0,108
2007-08-27,17.0,3.5,2.72,13.0,804,8.5,850,,-9,24.2,30.0,26.7,108
2007-08-28,,,-9.0,,-9,,-9,,-9,23.7,30.8,26.7,108
2007-08-29,0.0,0.0,1.8,0.0,-9,0.0,-9,,-9,20.7,26.3,23.3,108
2007-08-30,,,-9.0,,-9,,-9,,-9,21.2,25.6,23.2,108
2007-08-31,,2.0,-9.0,,-9,,-9,,-9,19.8,27.1,23.7,108
2007-09-01,22.0,20.1,14.6,5.5,1242,1.5,1259,,-9,19.2,23.2,20.4,108
2007-09-02,0.3,2.2,2.87,0.2,-9,0.1,-9,,-9,19.0,22.7,20.7,108
2007-09-03,2.0,0.5,2.53,2.0,156,0.5,150,,-9,18.2,27.6,22.6,108
2007-09-04,0.5,,3.85,0.4,322,0.3,412,,-9,20.8,25.0,22.4,108
2007-09-05,2.0,8.5,5.5,1.0,1802,0.5,1655,,-9,19.0,24.2,21.3,108
2007-09-06,19.0,12.5,15.58,3.0,540,1.0,557,,-9,16.8,20.0,17.8,108
2007-09-07,,,-9.0,,-9,,-9,,-9,17.3,26.5,21.2,108
2007-09-08,,1.5,-9.0,,-9,,-9,,-9,18.2,26.0,21.8,108
2007-09-09,1.5,,1.32,1.0,603,1.0,613,,-9,17.3,27.3,21.9,108
2007-09-10,,,-9.0,,-9,,-9,,-9,20.1,28.3,23.7,108
2007-09-11,,,-9.0,,-9,,-9,,-9,21.8,28.1,24.2,108
2007-09-12,,,-9.0,,-9,,-9,,-9,20.0,28.6,24.0,108
2007-09-13,,,-9.0,,-9,,-9,,-9,20.1,27.8,24.2,108
2007-09-14,44.5,60.0,9.43,13.0,1823,3.0,1844,,-9,18.2,27.0,22.0,108
2007-09-15,15.5,,6.98,11.0,-2337,4.0,26,,-9,18.1,23.2,20.5,108
2007-09-16,3.5,3.5,7.63,1.5,1444,0.5,1435,,-9,19.7,24.2,21.1,108
2007-09-17,,4.0,-9.0,,-9,,-9,,-9,19.2,27.7,23.1,108
2007-09-18,36.5,33.0,8.83,14.5,1231,4.5,1244,,-9,18.3,21.8,20.4,108
2007-09-19,48.5,62.0,13.5,12.0,1331,5.0,1339,,-9,20.3,26.7,22.4,108
2007-09-20,18.0,10.5,8.43,5.5,32,4.0,0,,-9,20.1,31.1,25.6,108
2007-09-21,6.5,,4.0,5.0,0,3.0,20,,-9,20.7,24.0,22.1,108
2007-09-22,0.0,0.0,1.0,0.0,-9,0.0,-9,,-9,18.5,22.1,20.2,108
2007-09-23,0.4,0.9,2.05,0.3,2231,0.2,-9,,-9,18.7,25.0,21.7,108
2007-09-24,0.5,,3.73,0.5,40,0.2,-9,,-9,18.6,27.0,22.5,108
2007-09-25,,,-9.0,,-9,,-9,,-9,17.8,27.7,22.2,108
2007-09-26,,5.0,-9.0,,-9,,-9,,-9,18.6,26.2,22.1,108
2007-09-27,19.5,15.0,12.93,5.5,1800,2.5,1926,,-9,18.3,23.5,21.0,108
2007-09-28,0.5,0.0,1.08,0.5,0,0.5,26,,-9,15.1,19.7,17.2,108
2007-09-29,0.2,0.3,1.75,0.2,-9,0.1,-9,,-9,14.1,21.2,18.1,108
2007-09-30,0.5,0.4,5.05,0.2,-9,0.1,-9,,-9,16.7,18.7,17.9,108
2007-10-01,0.0,0.0,0.9,0.0,-9,0.0,-9,,-9,16.6,20.7,18.3,108
2007-10-02,,0.1,-9.0,,-9,,-9,,-9,16.7,22.2,19.5,108
2007-10-03,1.0,2.4,8.88,0.4,1832,0.2,-9,,-9,17.5,19.3,18.3,108
2007-10-04,1.5,,3.0,1.0,27,0.5,52,,-9,17.5,25.0,20.2,108
2007-10-05,,,-9.0,,-9,,-9,,-9,16.2,26.2,20.9,108
2007-10-06,,,-9.0,,-9,,-9,,-9,18.2,25.3,21.3,108
2007-10-07,1.5,1.5,2.33,1.0,1638,0.5,1705,,-9,15.1,25.2,19.5,108
2007-10-08,,,-9.0,,-9,,-9,,-9,10.8,17.2,13.4,108
2007-10-09,,,-9.0,,-9,,-9,,-9,7.9,21.7,14.7,108
2007-10-10,0.0,0.0,0.22,0.0,-9,0.0,-9,,-9,11.3,19.7,15.9,108
2007-10-11,0.0,,0.17,0.0,-9,0.0,-9,,-9,12.8,20.0,16.1,108
2007-10-12,,,-9.0,,-9,,-9,,-9,13.1,21.2,16.4,108
2007-10-13,,,-9.0,,-9,,-9,,-9,11.3,19.5,15.0,108
2007-10-14,,,-9.0,,-9,,-9,,-9,12.1,21.3,15.5,108
2007-10-15,,,-9.0,,-9,,-9,,-9,9.8,20.7,14.9,108
2007-10-16,,,-9.0,,-9,,-9,,-9,10.1,19.1,14.4,108
2007-10-17,,,-9.0,,-9,,-9,,-9,10.3,17.7,13.6,108
2007-10-18,,0.5,-9.0,,-9,,-9,,-9,8.5,20.2,14.4,108
2007-10-19,6.5,6.0,4.4,4.5,907,1.0,909,,-9,7.5,13.8,10.9,108
2007-10-20,,,-9.0,,-9,,-9,,-9,3.2,9.6,6.2,108
2007-10-21,,,-9.0,,-9,,-9,,-9,3.5,17.6,10.6,108
2007-10-22,,,-9.0,,-9,,-9,,-9,9.5,19.3,14.6,108
2007-10-23,,,-9.0,,-9,,-9,,-9,12.6,20.2,15.6,108
2007-10-24,,,-9.0,,-9,,-9,,-9,11.8,21.7,15.9,108
2007-10-25,6.0,7.0,7.15,2.5,2245,0.5,1954,,-9,11.8,20.6,15.7,108
2007-10-26,1.0,,4.25,2.0,-2330,0.5,-2355,,-9,12.8,20.7,16.0,108
2007-10-27,,,-9.0,,-9,,-9,,-9,10.1,21.3,15.3,108
2007-10-28,22.0,22.0,3.33,17.0,1700,6.5,1730,,-9,10.3,17.6,13.7,108
2007-10-29,,,-9.0,,-9,,-9,,-9,7.4,12.8,9.4,108
2007-10-30,,,-9.0,,-9,,-9,,-9,6.8,15.5,10.1,108
2007-10-31,0.0,0.0,0.08,0.0,-9,0.0,-9,,-9,7.0,15.5,11.6,108
2007-11-01,,,-9.0,,-9,,-9,,-9,5.8,13.1,8.4,108
2007-11-02,,,-9.0,,-9,,-9,,-9,4.8,12.8,9.5,108
2007-11-03,,,-9.0,,-9,,-9,,-9,7.8,16.0,11.6,108
2007-11-04,,,-9.0,,-9,,-9,,-9,4.0,15.6,9.6,108
2007-11-05,,,-9.0,,-9,,-9,,-9,5.5,14.0,9.3,108
2007-11-06,,,-9.0,,-9,,-9,,-9,4.8,19.0,10.9,108
2007-11-07,,,-9.0,,-9,,-9,,-9,6.3,18.2,12.0,108
2007-11-08,,,-9.0,,-9,,-9,,-9,7.5,19.3,12.6,108
2007-11-09,0.3,0.3,1.6,,-9,,-9,,-9,9.3,18.6,11.9,108
2007-11-10,,,-9.0,,-9,,-9,,-9,7.0,11.8,9.4,108
2007-11-11,,,-9.0,,-9,,-9,,-9,6.4,11.8,8.0,108
2007-11-12,,,-9.0,,-9,,-9,,-9,3.7,13.8,8.4,108
2007-11-13,,,-9.0,,-9,,-9,,-9,4.5,14.0,9.1,108
2007-11-14,,0.3,-9.0,,-9,,-9,,-9,8.3,14.3,10.9,108
2007-11-15,0.3,,2.32,,-9,,-9,,-9,4.6,11.3,8.3,108
2007-11-16,,,-9.0,,-9,,-9,,-9,1.2,9.8,4.8,108
2007-11-17,2.0,2.0,1.5,,-9,,-9,,-9,1.5,10.3,5.1,108
2007-11-18,,,-9.0,,-9,,-9,,-9,-4.6,3.0,-1.8,108
2007-11-19,5.5,5.8,2.47,,-9,,-9,,-9,-5.5,3.9,-0.3,108
2007-11-20,0.3,2.5,0.37,,-9,,-9,,-9,-2.0,3.5,0.6,108
2007-11-21,2.5,,2.5,,-9,,-9,,-9,-1.5,5.4,1.4,108
2007-11-22,,0.1,-9.0,,-9,,-9,,-9,-2.7,7.6,3.2,108
2007-11-23,15.0,14.9,9.67,,-9,,-9,,-9,4.4,9.8,7.0,108
2007-11-24,,,-9.0,,-9,,-9,,-9,4.0,10.0,6.7,108
2007-11-25,,0.1,-9.0,,-9,,-9,,-9,1.7,12.0,6.1,108
2007-11-26,0.5,0.4,3.78,,-9,,-9,,-9,0.6,8.3,5.2,108
2007-11-27,,,-9.0,,-9,,-9,,-9,-1.2,5.5,1.7,108
2007-11-28,,,-9.0,,-9,,-9,,-9,-1.8,10.6,4.6,108
2007-11-29,,,-9.0,,-9,,-9,,-9,2.0,13.6,6.1,108
2007-11-30,,,-9.0,,-9,,-9,,-9,-1.3,6.0,1.9,108
2007-12-01,,,-9.0,,-9,,-9,,-9,-0.8,8.1,4.4,108
2007-12-02,,,-9.0,,-9,,-9,,-9,0.4,6.4,4.2,108
2007-12-03,0.0,0.0,0.13,,-9,,-9,,-9,-2.0,6.0,0.8,108
2007-12-04,,,-9.0,,-9,,-9,,-9,-5.3,2.4,-2.8,108
2007-12-05,,,-9.0,,-9,,-9,,-9,-5.8,1.7,-2.1,108
2007-12-06,0.5,3.0,5.58,,-9,,-9,,-9,-2.0,3.2,0.9,108
2007-12-07,2.5,,4.05,,-9,,-9,,-9,0.2,3.7,1.6,108
2007-12-08,,,-9.0,,-9,,-9,,-9,-1.2,3.0,0.5,108
2007-12-09,,,-9.0,,-9,,-9,,-9,-3.4,5.5,0.7,108
2007-12-10,1.5,2.0,2.55,,-9,,-9,,-9,-1.6,5.0,2.0,108
2007-12-11,0.5,,1.42,,-9,,-9,,-9,2.5,9.1,5.4,108
2007-12-12,,,-9.0,,-9,,-9,,-9,2.4,7.0,4.2,108
2007-12-13,,,-9.0,,-9,,-9,,-9,-2.5,3.5,0.7,108
2007-12-14,0.7,2.8,2.13,,-9,,-9,,-9,-4.0,4.0,-0.1,108
2007-12-15,2.1,0.0,3.45,,-9,,-9,,-9,-1.8,4.6,1.2,108
2007-12-16,,,-9.0,,-9,,-9,,-9,-3.5,3.7,0.1,108
2007-12-17,,0.0,-9.0,,-9,,-9,,-9,-0.4,5.9,2.3,108
2007-12-18,0.1,0.1,2.0,,-9,,-9,,-9,-1.2,4.4,0.7,108
2007-12-19,,0.7,-9.0,,-9,,-9,,-9,-3.0,5.0,1.0,108
2007-12-20,0.7,,1.88,,-9,,-9,,-9,0.5,7.6,3.3,108
2007-12-21,,,-9.0,,-9,,-9,,-9,-0.8,7.4,2.6,108
2007-12-22,,,-9.0,,-9,,-9,,-9,1.5,10.6,5.4,108
2007-12-23,,,-9.0,,-9,,-9,,-9,-0.4,7.4,3.0,108
2007-12-24,,,-9.0,,-9,,-9,,-9,-1.7,8.3,3.0,108
2007-12-25,,,-9.0,,-9,,-9,,-9,0.3,10.1,5.0,108
2007-12-26,,,-9.0,,-9,,-9,,-9,3.5,13.8,7.8,108
2007-12-27,0.4,0.4,4.13,,-9,,-9,,-9,3.2,9.1,6.4,108
2007-12-28,2.0,2.3,5.08,,-9,,-9,,-9,3.0,6.8,5.1,108
2007-12-29,1.7,1.4,3.38,,-9,,-9,,-9,-4.8,3.0,-1.1,108
2007-12-30,0.0,0.0,0.25,,-9,,-9,,-9,-7.4,-4.8,-6.4,108
2007-12-31,0.0,0.0,1.0,,-9,,-9,,-9,-7.0,-2.9,-5.4,108
2008-01-01,,,-9.0,,-9,,-9,,-9,-8.5,-3.2,-6.3,108
2008-01-02,,,-9.0,,-9,,-9,,-9,-7.4,0.8,-3.4,108
2008-01-03,,,-9.0,,-9,,-9,,-9,-3.0,6.6,0.9,108
2008-01-04,,,-9.0,,-9,,-9,,-9,-4.0,3.7,-0.3,108
2008-01-05,,,-9.0,,-9,,-9,,-9,-2.4,6.1,1.6,108
2008-01-06,,,-9.0,,-9,,-9,,-9,0.6,7.3,4.1,108
2008-01-07,,,-9.0,,-9,,-9,,-9,0.4,6.4,2.8,108
2008-01-08,,0.0,-9.0,,-9,,-9,,-9,-1.8,5.6,1.8,108
2008-01-09,,,-9.0,,-9,,-9,,-9,-1.3,3.7,0.9,108
2008-01-10,,2.0,-9.0,,-9,,-9,,-9,-3.5,4.3,0.1,108
2008-01-11,6.7,4.7,11.92,,-9,,-9,,-9,-1.7,2.0,0.6,108
2008-01-12,,,-9.0,,-9,,-9,,-9,-4.5,4.4,0.9,108
2008-01-13,,,-9.0,,-9,,-9,,-9,-8.5,-1.1,-4.3,108
2008-01-14,,,-9.0,,-9,,-9,,-9,-5.1,1.5,-2.7,108
2008-01-15,,,-9.0,,-9,,-9,,-9,-7.1,-0.4,-4.2,108
2008-01-16,,,-9.0,,-9,,-9,,-9,-9.5,-3.0,-7.1,108
2008-01-17,,,-9.0,,-9,,-9,,-9,-11.1,-3.9,-7.2,108
2008-01-18,,,-9.0,,-9,,-9,,-9,-8.6,-0.7,-4.8,108
2008-01-19,,,-9.0,,-9,,-9,,-9,-6.9,1.5,-2.2,108
2008-01-20,,1.8,-9.0,,-9,,-9,,-9,-1.6,5.3,2.3,108
2008-01-21,4.5,4.0,9.27,,-9,,-9,,-9,-0.7,3.8,1.3,108
2008-01-22,6.5,5.2,11.92,,-9,,-9,,-9,-0.3,1.5,0.7,108
2008-01-23,,,-9.0,,-9,,-9,,-9,-8.3,0.8,-2.8,108
2008-01-24,,,-9.0,,-9,,-9,,-9,-10.9,-3.7,-7.5,108
2008-01-25,,,-9.0,,-9,,-9,,-9,-9.7,-1.6,-5.9,108
2008-01-26,,,-9.0,,-9,,-9,,-9,-7.0,1.8,-2.7,108
2008-01-27,,,-9.0,,-9,,-9,,-9,-5.8,4.4,-1.4,108
2008-01-28,,,-9.0,,-9,,-9,,-9,-3.2,2.3,-0.8,108
2008-01-29,,0.0,-9.0,,-9,,-9,,-9,-2.9,3.5,-0.2,108
2008-01-30,0.0,,1.0,,-9,,-9,,-9,-5.0,0.0,-2.2,108
2008-01-31,,,-9.0,,-9,,-9,,-9,-6.9,-0.5,-4.2,108
2008-02-01,,,-9.0,,-9,,-9,,-9,-7.5,1.6,-3.3,108
2008-02-02,,,-9.0,,-9,,-9,,-9,-5.2,3.1,-1.1,108
2008-02-03,,,-9.0,,-9,,-9,,-9,-2.7,2.5,-0.7,108
2008-02-04,,,-9.0,,-9,,-9,,-9,-5.1,1.2,-2.7,108
2008-02-05,,,-9.0,,-9,,-9,,-9,-7.1,0.7,-3.4,108
2008-02-06,,,-9.0,,-9,,-9,,-9,-6.2,1.3,-3.2,108
2008-02-07,,,-9.0,,-9,,-9,,-9,-7.9,0.8,-3.9,108
2008-02-08,0.0,0.0,1.42,,-9,,-9,,-9,-7.5,1.5,-2.7,108
2008-02-09,0.0,,0.33,,-9,,-9,,-9,-3.5,0.7,-1.9,108
2008-02-10,,,-9.0,,-9,,-9,,-9,-5.3,3.4,-1.3,108
2008-02-11,,,-9.0,,-9,,-9,,-9,-4.0,4.0,-0.9,108
2008-02-12,,,-9.0,,-9,,-9,,-9,-9.7,-3.3,-6.9,108
2008-02-13,,,-9.0,,-9,,-9,,-9,-10.1,-1.1,-5.8,108
2008-02-14,,,-9.0,,-9,,-9,,-9,-7.0,2.7,-2.1,108
2008-02-15,,,-9.0,,-9,,-9,,-9,-6.2,0.2,-3.5,108
2008-02-16,,,-9.0,,-9,,-9,,-9,-7.4,1.2,-3.4,108
2008-02-17,,,-9.0,,-9,,-9,,-9,-5.5,2.2,-2.3,108
2008-02-18,,,-9.0,,-9,,-9,,-9,-5.8,4.0,-1.5,108
2008-02-19,,,-9.0,,-9,,-9,,-9,-5.1,5.2,0.5,108
2008-02-20,,,-9.0,,-9,,-9,,-9,-0.5,7.6,2.7,108
2008-02-21,,,-9.0,,-9,,-9,,-9,-1.2,9.6,4.4,108
2008-02-22,1.0,1.0,2.15,,-9,,-9,,-9,1.2,10.5,5.9,108
2008-02-23,,,-9.0,,-9,,-9,,-9,-4.5,1.2,-2.6,108
2008-02-24,,,-9.0,,-9,,-9,,-9,-7.2,4.4,-1.5,108
2008-02-25,6.6,14.0,10.33,,-9,,-9,,-9,-3.1,2.5,-0.9,108
2008-02-26,7.4,,8.17,,-9,,-9,,-9,-2.5,1.2,-1.1,108
2008-02-27,,,-9.0,,-9,,-9,,-9,-4.2,6.1,1.1,108
2008-02-28,,,-9.0,,-9,,-9,,-9,-2.3,8.4,3.1,108
2008-02-29,,,-9.0,,-9,,-9,,-9,1.7,9.8,4.6,108
2008-03-01,,0.0,-9.0,,-9,,-9,,-9,-0.5,7.8,3.0,108
2008-03-02,0.2,0.2,2.17,,-9,,-9,,-9,0.7,5.3,2.6,108
2008-03-03,,,-9.0,,-9,,-9,,-9,-0.1,8.0,3.2,108
2008-03-04,4.0,4.0,4.25,,-9,,-9,,-9,0.5,3.9,1.8,108
2008-03-05,,0.0,-9.0,,-9,,-9,,-9,-1.7,8.0,2.8,108
2008-03-06,0.1,0.1,2.25,,-9,,-9,,-9,1.5,7.8,4.3,108
2008-03-07,,,-9.0,,-9,,-9,,-9,0.1,9.6,4.5,108
2008-03-08,,,-9.0,,-9,,-9,,-9,0.4,10.8,5.3,108
2008-03-09,,,-9.0,,-9,,-9,,-9,3.0,11.8,5.9,108
2008-03-10,,,-9.0,,-9,,-9,,-9,3.4,11.3,6.5,108
2008-03-11,,,-9.0,,-9,,-9,,-9,6.8,16.3,10.9,108
2008-03-12,,,-9.0,,-9,,-9,,-9,8.0,19.2,12.5,108
2008-03-13,0.4,0.4,4.52,,-9,,-9,,-9,7.2,12.0,9.9,108
2008-03-14,0.0,,0.42,,-9,,-9,,-9,3.7,14.1,8.5,108
2008-03-15,0.0,0.0,0.5,,-9,,-9,,-9,4.5,13.5,8.3,108
2008-03-16,0.0,,0.57,,-9,,-9,,-9,4.0,12.0,7.3,108
2008-03-17,,,-9.0,,-9,,-9,,-9,2.5,15.1,9.0,108
2008-03-18,,,-9.0,,-9,,-9,,-9,6.0,19.1,12.3,108
2008-03-19,,,-9.0,,-9,,-9,,-9,7.6,17.3,11.2,108
2008-03-20,,,-9.0,,-9,,-9,,-9,5.2,17.9,11.6,108
2008-03-21,,,-9.0,,-9,,-9,,-9,7.2,19.8,13.1,108
2008-03-22,7.0,21.5,5.75,,-9,,-9,,-9,7.8,16.9,12.3,108
2008-03-23,27.5,14.0,24.0,,-9,,-9,,-9,5.0,8.9,7.6,108
2008-03-24,1.0,,2.17,,-9,,-9,,-9,3.7,11.8,6.6,108
2008-03-25,0.5,0.5,7.43,,-9,,-9,,-9,3.0,6.0,4.4,108
2008-03-26,,0.0,-9.0,,-9,,-9,,-9,3.3,10.3,6.6,108
2008-03-27,0.0,0.0,1.18,,-9,,-9,,-9,5.0,9.6,7.1,108
2008-03-28,,6.0,-9.0,,-9,,-9,,-9,2.4,12.5,7.4,108
2008-03-29,13.0,7.2,19.17,,-9,,-9,,-9,5.0,8.1,6.0,108
2008-03-30,0.2,0.0,6.92,,-9,,-9,,-9,5.0,10.3,7.2,108
2008-03-31,,,-9.0,,-9,,-9,,-9,4.2,12.4,8.1,108
2008-04-01,,1.5,-9.0,,-9,,-9,,-9,4.9,13.7,8.8,108
2008-04-02,2.5,1.0,7.8,1.5,743,0.5,808,,-9,6.2,10.2,7.6,108
2008-04-03,,,-9.0,,-9,,-9,,-9,4.6,13.2,8.7,108
2008-04-04,,,-9.0,,-9,,-9,,-9,3.8,16.5,10.1,108
2008-04-05,,,-9.0,,-9,,-9,,-9,7.4,19.1,12.9,108
2008-04-06,1.0,1.5,1.92,1.0,2236,0.5,2347,,-9,8.6,22.6,14.8,108
2008-04-07,0.5,,1.25,0.5,0,0.5,1,,-9,9.8,18.6,13.2,108
2008-04-08,,,-9.0,,-9,,-9,,-9,9.3,23.9,16.4,108
2008-04-09,11.5,13.0,9.17,2.5,1828,0.5,1558,,-9,9.2,16.7,13.2,108
2008-04-10,1.5,,5.33,1.0,-2330,0.5,6,,-9,9.2,21.8,15.6,108
2008-04-11,,,-9.0,,-9,,-9,,-9,10.8,19.3,14.2,108
2008-04-12,0.3,0.4,0.75,0.3,2315,0.3,2315,,-9,9.7,18.4,13.8,108
2008-04-13,0.1,,5.17,0.1,255,0.1,345,,-9,9.9,16.8,12.8,108
2008-04-14,,,-9.0,,-9,,-9,,-9,7.7,20.2,13.5,108
2008-04-15,,,-9.0,,-9,,-9,,-9,9.5,22.1,15.6,108
2008-04-16,,,-9.0,,-9,,-9,,-9,11.2,25.7,18.1,108
2008-04-17,,,-9.0,,-9,,-9,,-9,13.5,24.6,18.6,108
2008-04-18,,,-9.0,,-9,,-9,,-9,12.4,24.8,18.5,108
2008-04-19,,,-9.0,,-9,,-9,,-9,13.1,28.0,20.1,108
2008-04-20,,,-9.0,,-9,,-9,,-9,15.0,26.1,20.6,108
2008-04-21,,0.0,-9.0,,-9,,-9,,-9,17.1,23.5,19.7,108
2008-04-22,8.0,12.0,13.73,2.5,2202,1.0,1849,,-9,12.8,19.5,16.5,108
2008-04-23,4.0,,7.45,1.0,-2330,0.5,2,,-9,7.4,13.3,10.4,108
2008-04-24,,1.0,-9.0,,-9,,-9,,-9,4.8,14.3,9.6,108
2008-04-25,2.0,7.5,5.5,1.0,2234,0.5,430,,-9,8.6,18.7,12.8,108
2008-04-26,7.0,0.5,4.3,3.5,624,1.5,304,,-9,6.6,12.5,10.0,108
2008-04-27,0.1,0.1,2.58,0.1,-9,0.1,-9,,-9,7.7,14.6,10.4,108
2008-04-28,,,-9.0,,-9,,-9,,-9,5.6,20.0,13.1,108
2008-04-29,,,-9.0,,-9,,-9,,-9,9.7,21.4,15.7,108
2008-04-30,,,-9.0,,-9,,-9,,-9,12.7,23.7,18.2,108
2008-05-01,,,-9.0,,-9,,-9,,-9,16.6,25.0,19.8,108
2008-05-02,,,-9.0,,-9,,-9,,-9,15.7,26.5,20.3,108
2008-05-03,,,-9.0,,-9,,-9,,-9,15.6,28.2,21.1,108
2008-05-04,1.0,1.1,6.43,0.5,1755,0.3,2300,,-9,14.4,21.8,18.3,108
2008-05-05,0.1,,0.75,0.1,-9,0.1,-9,,-9,11.1,21.1,15.8,108
2008-05-06,,,-9.0,,-9,,-9,,-9,10.2,23.4,17.2,108
2008-05-07,9.5,9.5,1.98,6.5,1245,4.0,1247,,-9,13.3,19.0,15.8,108
2008-05-08,0.0,,0.18,0.0,-9,0.0,-9,,-9,13.3,25.1,18.7,108
2008-05-09,,,-9.0,,-9,,-9,,-9,14.8,23.2,18.5,108
2008-05-10,,,-9.0,,-9,,-9,,-9,11.4,20.9,15.7,108
2008-05-11,,,-9.0,,-9,,-9,,-9,9.8,22.4,16.0,108
2008-05-12,0.0,0.4,2.5,0.0,-9,0.0,-9,,-9,12.3,20.3,15.9,108
2008-05-13,1.5,1.1,7.5,1.0,1240,0.5,1309,,-9,9.7,15.7,12.3,108
2008-05-14,,,-9.0,,-9,,-9,,-9,8.1,18.0,13.1,108
2008-05-15,,,-9.0,,-9,,-9,,-9,8.7,19.2,14.4,108
2008-05-16,0.0,,-9.0,,-9,,-9,,-9,10.0,22.3,15.7,108
2008-05-17,,0.5,-9.0,,-9,,-9,,-9,11.3,24.4,17.6,108
2008-05-18,30.0,29.6,12.45,11.5,1451,3.0,1504,,-9,11.9,16.1,13.5,108
2008-05-19,0.1,0.0,1.63,0.1,-9,0.1,-9,,-9,9.7,18.3,13.0,108
2008-05-20,,2.5,-9.0,,-9,,-9,,-9,8.6,21.1,15.1,108
2008-05-21,4.0,1.5,2.7,2.0,729,1.0,804,,-9,12.9,20.8,16.8,108
2008-05-22,,,-9.0,,-9,,-9,,-9,14.9,25.8,20.5,108
2008-05-23,,,-9.0,,-9,,-9,,-9,17.6,24.9,21.5,108
2008-05-24,,,-9.0,,-9,,-9,,-9,17.5,28.5,23.0,108
2008-05-25,,,-9.0,,-9,,-9,,-9,15.6,27.0,20.7,108
2008-05-26,,,-9.0,,-9,,-9,,-9,14.4,23.3,18.7,108
2008-05-27,,50.0,-9.0,,-9,,-9,,-9,16.9,27.8,21.5,108
2008-05-28,51.5,1.5,12.08,13.5,500,7.5,533,,-9,16.5,20.6,18.6,108
2008-05-29,,,-9.0,,-9,,-9,,-9,17.0,28.5,22.3,108
2008-05-30,,,-9.0,,-9,,-9,,-9,14.7,21.3,18.0,108
2008-05-31,,,-9.0,,-9,,-9,,-9,12.7,22.8,17.9,108
2008-06-01,,,-9.0,,-9,,-9,,-9,14.7,26.6,21.6,108
2008-06-02,62.5,67.0,6.85,35.0,1836,13.0,1918,,-9,15.0,22.5,18.9,108
2008-06-03,10.0,5.5,7.93,3.5,1750,1.5,1754,,-9,15.4,24.1,18.7,108
2008-06-04,5.0,8.5,4.27,3.0,1448,1.5,1538,,-9,15.1,19.4,16.9,108
2008-06-05,7.5,4.0,7.23,3.5,922,1.0,923,,-9,13.7,17.0,14.9,108
2008-06-06,,0.0,-9.0,,-9,,-9,,-9,14.6,19.9,16.7,108
2008-06-07,0.0,0.0,0.7,0.0,-9,0.0,-9,,-9,15.7,24.3,19.1,108
2008-06-08,4.5,4.5,4.0,3.5,1604,1.0,1612,,-9,16.0,25.1,18.9,108
2008-06-09,,,-9.0,,-9,,-9,,-9,15.6,27.0,21.0,108
2008-06-10,,,-9.0,,-9,,-9,,-9,19.1,28.1,22.7,108
2008-06-11,,,-9.0,,-9,,-9,,-9,19.7,29.4,24.5,108
2008-06-12,10.5,10.5,1.13,10.5,2008,9.5,2018,,-9,18.7,29.0,23.3,108
2008-06-13,,,-9.0,,-9,,-9,,-9,17.4,27.6,21.5,108
2008-06-14,,,-9.0,,-9,,-9,,-9,19.2,28.9,23.9,108
2008-06-15,,,-9.0,,-9,,-9,,-9,18.7,27.4,22.5,108
2008-06-16,,1.5,-9.0,,-9,,-9,,-9,16.2,28.6,23.0,108
2008-06-17,3.0,29.0,3.2,1.5,2315,1.0,821,,-9,17.8,25.7,22.6,108
2008-06-18,46.0,18.5,20.2,8.5,217,3.0,243,,-9,17.4,22.0,19.1,108
2008-06-19,,,-9.0,,-9,,-9,,-9,17.5,24.1,20.3,108
2008-06-20,,,-9.0,,-9,,-9,,-9,18.5,29.6,24.3,108
2008-06-21,0.0,6.5,0.72,0.0,-9,0.0,-9,,-9,22.0,28.2,24.6,108
2008-06-22,6.5,,3.42,6.0,637,4.0,704,,-9,17.7,27.4,22.6,108
2008-06-23,,,-9.0,,-9,,-9,,-9,18.0,27.1,22.8,108
2008-06-24,,,-9.0,,-9,,-9,,-9,19.2,27.6,23.4,108
2008-06-25,,,-9.0,,-9,,-9,,-9,19.4,28.6,23.6,108
2008-06-26,,,-9.0,,-9,,-9,,-9,19.6,28.8,23.3,108
2008-06-27,,,-9.0,,-9,,-9,,-9,19.8,28.7,23.7,108
2008-06-28,2.0,9.5,3.37,1.5,2229,0.5,2226,,-9,20.1,25.4,22.6,108
2008-06-29,7.5,,7.08,3.5,237,1.5,319,,-9,18.5,27.4,22.1,108
2008-06-30,,,-9.0,,-9,,-9,,-9,18.6,27.3,22.5,108
2008-07-01,,0.0,-9.0,,-9,,-9,,-9,20.2,29.3,24.8,108
2008-07-02,14.5,23.5,13.33,5.5,1434,4.5,1519,,-9,21.1,24.5,22.4,108
2008-07-03,9.0,0.1,9.97,3.0,0,1.0,11,,-9,20.5,25.1,21.9,108
2008-07-04,0.1,0.1,0.92,0.1,-9,0.1,-9,,-9,21.8,27.2,24.3,108
2008-07-05,5.0,4.9,4.48,3.5,1606,1.5,1642,,-9,22.0,28.0,24.5,108
2008-07-06,,0.5,-9.0,,-9,,-9,,-9,23.9,28.4,25.5,108
2008-07-07,0.5,0.0,8.0,0.4,536,0.3,626,,-9,22.5,27.5,24.7,108
2008-07-08,,,-9.0,,-9,,-9,,-9,23.8,32.8,27.6,108
2008-07-09,,,-9.0,,-9,,-9,,-9,22.8,32.9,27.5,108
2008-07-10,,,-9.0,,-9,,-9,,-9,23.2,30.5,26.3,108
2008-07-11,,5.0,-9.0,,-9,,-9,,-9,23.7,30.0,27.0,108
2008-07-12,50.5,57.0,12.75,14.0,1529,8.5,1533,,-9,22.0,27.7,24.5,108
2008-07-13,11.5,,3.33,9.0,34,5.0,123,,-9,22.9,29.7,25.8,108
2008-07-14,,,-9.0,,-9,,-9,,-9,22.6,31.7,27.3,108
2008-07-15,,,-9.0,,-9,,-9,,-9,25.6,31.2,28.1,108
2008-07-16,10.5,10.5,4.92,8.5,1304,4.0,1309,,-9,22.3,27.2,24.8,108
2008-07-17,,,-9.0,,-9,,-9,,-9,21.2,30.3,25.3,108
2008-07-18,,41.5,-9.0,,-9,,-9,,-9,22.8,30.1,26.2,108
2008-07-19,108.5,133.0,13.55,24.5,702,9.0,2350,,-9,22.8,25.7,23.8,108
2008-07-20,124.0,63.0,17.73,37.0,-2348,8.5,-2355,,-9,23.0,28.4,24.7,108
2008-07-21,5.0,,8.42,1.5,43,0.5,2,,-9,21.4,24.1,23.0,108
2008-07-22,0.1,0.1,0.4,0.1,-9,0.1,-9,,-9,22.3,28.4,24.7,108
2008-07-23,7.0,75.5,9.25,6.0,2300,3.5,2344,,-9,21.8,26.5,23.8,108
2008-07-24,127.5,59.5,21.75,43.0,424,14.0,444,,-9,20.8,25.0,22.4,108
2008-07-25,24.0,54.0,9.23,9.0,2013,3.5,2050,,-9,22.0,25.9,23.1,108
2008-07-26,32.0,1.6,12.78,10.0,10,4.5,553,,-9,20.7,23.8,22.2,108
2008-07-27,0.1,,0.33,0.1,-9,0.1,-9,,-9,22.1,28.3,25.1,108
2008-07-28,,,-9.0,,-9,,-9,,-9,23.9,31.2,26.9,108
2008-07-29,,,-9.0,,-9,,-9,,-9,24.7,32.3,28.0,108
2008-07-30,0.5,0.7,1.5,0.5,940,0.3,948,,-9,24.8,28.3,26.1,108
2008-07-31,0.5,0.3,3.0,0.3,1135,0.3,1138,,-9,24.1,29.5,26.7,108
2008-08-01,0.0,7.0,1.58,0.0,-9,0.0,-9,,-9,25.6,31.2,27.7,108
2008-08-02,22.0,16.0,11.17,7.5,2017,3.5,1938,,-9,25.0,28.4,26.1,108
2008-08-03,1.0,,5.17,0.5,5,0.5,8,,-9,22.2,29.8,25.5,108
2008-08-04,,,-9.0,,-9,,-9,,-9,21.0,31.4,25.5,108
2008-08-05,,,-9.0,,-9,,-9,,-9,21.8,30.7,26.3,108
2008-08-06,,,-9.0,,-9,,-9,,-9,22.4,32.9,27.8,108
2008-08-07,,,-9.0,,-9,,-9,,-9,24.2,33.4,28.7,108
2008-08-08,,,-9.0,,-9,,-9,,-9,25.2,35.4,30.0,108
2008-08-09,2.0,2.0,1.05,1.5,1733,1.0,1755,,-9,25.6,32.6,28.0,108
2008-08-10,,,-9.0,,-9,,-9,,-9,25.3,34.5,30.1,108
2008-08-11,0.2,62.2,1.07,0.2,-9,0.1,-9,,-9,26.0,32.4,28.2,108
2008-08-12,65.5,30.5,8.5,34.0,426,12.5,230,,-9,23.1,28.9,25.3,108
2008-08-13,27.0,0.0,4.08,19.5,510,7.5,524,,-9,23.7,31.5,27.0,108
2008-08-14,,,-9.0,,-9,,-9,,-9,24.9,31.5,27.3,108
2008-08-15,4.0,11.0,4.58,2.0,2214,1.0,2241,,-9,21.9,29.6,25.7,108
2008-08-16,9.0,2.0,8.48,3.5,418,1.5,428,,-9,19.9,23.5,21.7,108
2008-08-17,0.5,27.0,2.67,0.3,1950,0.2,-9,,-9,20.8,27.4,24.2,108
2008-08-18,39.0,12.5,12.48,11.5,533,5.0,622,,-9,20.3,25.0,22.9,108
2008-08-19,0.0,,0.12,0.0,-9,0.0,-9,,-9,21.8,27.6,23.9,108
2008-08-20,0.0,0.0,0.13,0.0,-9,0.0,-9,,-9,20.3,27.4,23.1,108
2008-08-21,,21.0,-9.0,,-9,,-9,,-9,18.6,28.6,23.4,108
2008-08-22,72.5,56.5,20.43,14.5,859,4.1,945,,-9,16.3,22.2,17.9,108
2008-08-23,5.0,,4.08,3.0,454,1.5,546,,-9,18.2,25.3,21.5,108
2008-08-24,,,-9.0,,-9,,-9,,-9,18.7,28.2,23.6,108
2008-08-25,3.5,3.5,0.83,3.5,1740,3.0,1758,,-9,21.0,28.4,24.4,108
2008-08-26,,,-9.0,,-9,,-9,,-9,20.9,28.4,24.0,108
2008-08-27,,,-9.0,,-9,,-9,,-9,18.6,28.2,24.0,108
2008-08-28,,,-9.0,,-9,,-9,,-9,19.6,29.4,24.6,108
2008-08-29,,,-9.0,,-9,,-9,,-9,20.2,30.6,25.2,108
2008-08-30,,,-9.0,,-9,,-9,,-9,21.3,30.9,25.7,108
2008-08-31,,9.5,-9.0,,-9,,-9,,-9,21.1,29.0,25.2,108
2008-09-01,72.5,68.5,19.75,8.0,1816,2.5,1217,,-9,17.7,23.5,19.7,108
2008-09-02,5.5,,3.42,3.0,40,1.0,40,,-9,17.6,26.9,21.9,108
2008-09-03,,,-9.0,,-9,,-9,,-9,18.3,28.5,23.2,108
2008-09-04,,,-9.0,,-9,,-9,,-9,20.4,28.4,24.0,108
2008-09-05,0.2,0.2,1.2,0.2,-9,0.2,-9,,-9,21.2,24.7,22.6,108
2008-09-06,,,-9.0,,-9,,-9,,-9,18.9,30.2,24.2,108
2008-09-07,,,-9.0,,-9,,-9,,-9,19.8,30.6,25.2,108
2008-09-08,,,-9.0,,-9,,-9,,-9,21.3,31.1,25.4,108
2008-09-09,,,-9.0,,-9,,-9,,-9,20.8,29.7,24.9,108
2008-09-10,,,-9.0,,-9,,-9,,-9,20.1,29.7,24.3,108
2008-09-11,0.5,0.5,2.5,0.3,1212,0.2,-9,,-9,19.9,23.8,21.9,108
2008-09-12,,,-9.0,,-9,,-9,,-9,20.8,29.2,24.1,108
2008-09-13,,,-9.0,,-9,,-9,,-9,17.7,29.5,23.3,108
2008-09-14,,,-9.0,,-9,,-9,,-9,19.8,30.2,24.4,108
2008-09-15,,,-9.0,,-9,,-9,,-9,21.6,29.9,25.1,108
2008-09-16,,,-9.0,,-9,,-9,,-9,18.6,30.8,24.4,108
2008-09-17,,,-9.0,,-9,,-9,,-9,19.2,32.0,25.1,108
2008-09-18,,,-9.0,,-9,,-9,,-9,20.4,31.9,25.5,108
2008-09-19,,,-9.0,,-9,,-9,,-9,20.0,31.4,25.3,108
2008-09-20,7.0,7.0,5.92,2.5,1346,1.0,1411,,-9,19.2,24.7,21.7,108
2008-09-21,,,-9.0,,-9,,-9,,-9,17.6,29.7,23.5,108
2008-09-22,6.5,6.5,3.42,4.5,2012,2.5,2019,,-9,19.7,25.0,22.3,108
2008-09-23,,,-9.0,,-9,,-9,,-9,19.8,24.9,21.8,108
2008-09-24,,6.0,-9.0,,-9,,-9,,-9,20.1,23.8,21.5,108
2008-09-25,7.0,1.0,7.07,5.0,609,1.5,615,,-9,12.2,20.5,16.2,108
2008-09-26,,,-9.0,,-9,,-9,,-9,11.5,18.4,14.6,108
2008-09-27,,,-9.0,,-9,,-9,,-9,10.3,20.1,14.8,108
2008-09-28,,,-9.0,,-9,,-9,,-9,12.0,20.2,15.5,108
2008-09-29,,,-9.0,,-9,,-9,,-9,11.6,23.8,17.4,108
2008-09-30,,,-9.0,,-9,,-9,,-9,12.7,23.2,17.6,108
2008-10-01,,,-9.0,,-9,,-9,,-9,13.6,25.8,19.8,108
2008-10-02,,,-9.0,,-9,,-9,,-9,15.1,26.0,20.0,108
2008-10-03,,,-9.0,,-9,,-9,,-9,15.9,24.4,19.5,108
2008-10-04,,,-9.0,,-9,,-9,,-9,17.2,24.3,19.7,108
2008-10-05,,,-9.0,,-9,,-9,,-9,17.0,25.7,20.1,108
2008-10-06,,,-9.0,,-9,,-9,,-9,15.6,23.1,18.2,108
2008-10-07,,,-9.0,,-9,,-9,,-9,14.2,21.4,17.0,108
2008-10-08,,,-9.0,,-9,,-9,,-9,14.3,22.2,17.7,108
2008-10-09,,,-9.0,,-9,,-9,,-9,13.3,24.6,18.7,108
2008-10-10,0.0,0.0,0.17,0.0,-9,0.0,-9,,-9,12.6,22.2,17.9,108
2008-10-11,,,-9.0,,-9,,-9,,-9,10.9,20.0,14.4,108
2008-10-12,,,-9.0,,-9,,-9,,-9,8.9,20.6,14.3,108
2008-10-13,,,-9.0,,-9,,-9,,-9,9.7,21.3,15.4,108
2008-10-14,,,-9.0,,-9,,-9,,-9,11.1,22.3,16.1,108
2008-10-15,,,-9.0,,-9,,-9,,-9,12.7,20.9,16.5,108
2008-10-16,,,-9.0,,-9,,-9,,-9,13.4,23.3,18.0,108
2008-10-17,,,-9.0,,-9,,-9,,-9,14.0,25.1,18.7,108
2008-10-18,,,-9.0,,-9,,-9,,-9,13.7,28.3,19.8,108
2008-10-19,,,-9.0,,-9,,-9,,-9,14.8,23.1,18.5,108
2008-10-20,,,-9.0,,-9,,-9,,-9,13.5,25.5,18.6,108
2008-10-21,,0.4,-9.0,,-9,,-9,,-9,14.6,22.9,19.0,108
2008-10-22,8.0,7.7,10.22,2.5,1602,0.5,1403,,-9,14.7,20.5,16.8,108
2008-10-23,9.0,8.9,3.95,4.0,1838,4.0,1848,,-9,13.2,20.1,16.5,108
2008-10-24,0.3,0.3,0.67,0.3,1250,0.2,1308,,-9,8.7,14.1,11.1,108
2008-10-25,3.0,3.0,2.8,2.0,1305,1.0,1431,,-9,7.2,14.3,11.6,108
2008-10-26,,,-9.0,,-9,,-9,,-9,9.3,15.0,12.0,108
2008-10-27,,,-9.0,,-9,,-9,,-9,7.3,14.3,10.2,108
2008-10-28,,,-9.0,,-9,,-9,,-9,5.6,15.8,10.9,108
2008-10-29,,0.0,-9.0,,-9,,-9,,-9,8.7,16.2,11.9,108
2008-10-30,0.0,21.0,0.3,0.0,-9,0.0,-9,,-9,6.5,15.7,11.1,108
2008-10-31,21.5,0.5,4.87,9.5,557,2.5,644,,-9,8.9,13.5,10.6,108
2008-11-01,,,-9.0,,-9,,-9,,-9,5.9,15.0,11.0,108
2008-11-02,,0.0,-9.0,,-9,,-9,,-9,9.8,15.2,12.7,108
2008-11-03,0.0,,0.33,,-9,,-9,,-9,7.2,15.4,11.0,108
2008-11-04,,,-9.0,,-9,,-9,,-9,3.9,14.1,9.0,108
2008-11-05,,,-9.0,,-9,,-9,,-9,4.6,16.1,11.5,108
2008-11-06,,,-9.0,,-9,,-9,,-9,12.5,18.4,15.3,108
2008-11-07,,,-9.0,,-9,,-9,,-9,8.9,15.9,11.9,108
2008-11-08,,,-9.0,,-9,,-9,,-9,6.5,18.0,12.0,108
2008-11-09,1.5,1.5,1.18,,-9,,-9,,-9,7.4,12.0,10.0,108
2008-11-10,,,-9.0,,-9,,-9,,-9,5.8,14.9,9.9,108
2008-11-11,,,-9.0,,-9,,-9,,-9,6.7,15.6,10.4,108
2008-11-12,,,-9.0,,-9,,-9,,-9,5.1,15.6,10.0,108
2008-11-13,,,-9.0,,-9,,-9,,-9,5.3,16.0,10.1,108
2008-11-14,,,-9.0,,-9,,-9,,-9,6.8,15.2,11.1,108
2008-11-15,3.5,3.5,8.45,,-9,,-9,,-9,9.7,12.6,10.7,108
2008-11-16,,,-9.0,,-9,,-9,,-9,4.0,11.5,7.8,108
2008-11-17,,,-9.0,,-9,,-9,,-9,-2.6,8.1,3.0,108
2008-11-18,,,-9.0,,-9,,-9,,-9,-5.5,0.4,-3.1,108
2008-11-19,,0.0,-9.0,,-9,,-9,,-9,-7.2,-0.7,-4.2,108
2008-11-20,1.0,1.0,3.47,,-9,,-9,,-9,-5.3,7.2,1.1,108
2008-11-21,,,-9.0,,-9,,-9,,-9,1.7,7.2,4.0,108
2008-11-22,,,-9.0,,-9,,-9,,-9,-0.2,9.5,4.9,108
2008-11-23,,,-9.0,,-9,,-9,,-9,2.5,11.8,7.1,108
2008-11-24,,,-9.0,,-9,,-9,,-9,5.8,12.6,8.3,108
2008-11-25,,,-9.0,,-9,,-9,,-9,4.8,9.2,6.7,108
2008-11-26,,7.5,-9.0,,-9,,-9,,-9,3.5,10.6,7.6,108
2008-11-27,13.0,5.9,11.45,,-9,,-9,,-9,4.6,8.8,5.6,108
2008-11-28,0.4,0.2,3.17,,-9,,-9,,-9,3.5,9.3,6.1,108
2008-11-29,0.2,,2.07,,-9,,-9,,-9,0.7,7.3,3.6,108
2008-11-30,,0.0,-9.0,,-9,,-9,,-9,-1.4,7.8,3.6,108
2008-12-01,0.1,2.6,1.62,,-9,,-9,,-9,4.6,10.5,7.9,108
2008-12-02,2.5,,0.85,,-9,,-9,,-9,3.9,12.0,8.1,108
2008-12-03,,0.5,-9.0,,-9,,-9,,-9,0.7,12.8,7.1,108
2008-12-04,3.5,3.0,5.48,,-9,,-9,,-9,-0.7,8.9,5.3,108
2008-12-05,,,-9.0,,-9,,-9,,-9,-11.9,-0.7,-7.6,108
2008-12-06,,0.0,-9.0,,-9,,-9,,-9,-13.1,-4.9,,108
2008-12-07,1.7,7.7,8.55,,-9,,-9,,-9,-8.0,1.2,-2.8,108
2008-12-08,7.0,1.5,5.82,,-9,,-9,,-9,0.6,9.4,5.1,108
2008-12-09,0.5,,0.52,,-9,,-9,,-9,4.4,12.1,7.9,108
2008-12-10,0.0,3.5,0.33,,-9,,-9,,-9,6.6,13.3,9.4,108
2008-12-11,3.5,,4.17,,-9,,-9,,-9,1.7,8.2,3.7,108
2008-12-12,,,-9.0,,-9,,-9,,-9,1.1,8.5,5.1,108
2008-12-13,,,-9.0,,-9,,-9,,-9,-2.8,4.6,1.3,108
2008-12-14,,,-9.0,,-9,,-9,,-9,-5.0,3.3,-1.1,108
2008-12-15,,,-9.0,,-9,,-9,,-9,-0.8,6.5,2.1,108
2008-12-16,,,-9.0,,-9,,-9,,-9,-1.0,7.7,4.0,108
2008-12-17,0.4,0.4,3.83,,-9,,-9,,-9,1.5,9.3,6.4,108
2008-12-18,,,-9.0,,-9,,-9,,-9,-2.8,3.7,-0.3,108
2008-12-19,0.1,5.1,0.67,,-9,,-9,,-9,-3.8,5.2,1.8,108
2008-12-20,5.0,,6.67,,-9,,-9,,-9,-1.4,5.2,1.3,108
2008-12-21,,,-9.0,,-9,,-9,,-9,-2.8,4.3,-0.3,108
2008-12-22,0.4,1.1,3.33,,-9,,-9,,-9,-8.1,-2.7,-5.1,108
2008-12-23,0.7,,4.58,,-9,,-9,,-9,-4.7,3.2,-1.2,108
2008-12-24,0.0,0.0,0.4,,-9,,-9,,-9,-0.6,5.9,2.8,108
2008-12-25,0.0,,0.57,,-9,,-9,,-9,-5.4,3.6,-1.3,108
2008-12-26,,,-9.0,,-9,,-9,,-9,-8.5,-2.4,-5.6,108
2008-12-27,,,-9.0,,-9,,-9,,-9,-7.6,1.1,-3.0,108
2008-12-28,,,-9.0,,-9,,-9,,-9,-3.1,4.6,0.5,108
2008-12-29,0.5,0.5,2.0,,-9,,-9,,-9,-0.2,2.4,1.0,108
2008-12-30,,,-9.0,,-9,,-9,,-9,-7.3,0.3,-4.2,108
2008-12-31,,,-9.0,,-9,,-9,,-9,-8.0,-2.9,-6.2,108
2009-01-01,,,-9.0,,-9,,-9,,-9,-9.5,-2.5,-5.8,108
2009-01-02,,,-9.0,,-9,,-9,,-9,-6.9,1.2,-2.8,108
2009-01-03,,,-9.0,,-9,,-9,,-9,-5.6,4.0,-1.0,108
2009-01-04,,,-9.0,,-9,,-9,,-9,-2.8,4.5,0.4,108
2009-01-05,,,-9.0,,-9,,-9,,-9,-3.4,1.2,-1.6,108
2009-01-06,,,-9.0,,-9,,-9,,-9,-5.4,1.4,-2.0,108
2009-01-07,,,-9.0,,-9,,-9,,-9,-4.2,4.2,-0.5,108
2009-01-08,,,-9.0,,-9,,-9,,-9,-4.0,2.5,-0.9,108
2009-01-09,,,-9.0,,-9,,-9,,-9,-6.8,-0.5,-3.5,108
2009-01-10,,,-9.0,,-9,,-9,,-9,-9.9,-4.3,-7.5,108
2009-01-11,,,-9.0,,-9,,-9,,-9,-9.6,-4.2,-8.0,108
2009-01-12,,,-9.0,,-9,,-9,,-9,-11.0,-3.2,-7.8,108
2009-01-13,,,-9.0,,-9,,-9,,-9,,-1.5,-5.5,108
2009-01-14,,,-9.0,,-9,,-9,,-9,-9.4,-3.2,-6.6,108
2009-01-15,,1.1,-9.0,,-9,,-9,,-9,-11.2,-2.0,-6.3,108
2009-01-16,3.3,2.2,9.75,,-9,,-9,,-9,-4.8,0.4,-2.8,108
2009-01-17,,,-9.0,,-9,,-9,,-9,-5.9,3.1,-1.4,108
2009-01-18,,,-9.0,,-9,,-9,,-9,0.1,6.1,2.6,108
2009-01-19,,,-9.0,,-9,,-9,,-9,-2.7,4.7,0.6,108
2009-01-20,,0.0,-9.0,,-9,,-9,,-9,-2.4,7.2,2.2,108
2009-01-21,0.0,,0.58,,-9,,-9,,-9,1.0,5.9,3.9,108
2009-01-22,0.0,0.0,0.47,,-9,,-9,,-9,-2.0,9.3,3.6,108
2009-01-23,,2.0,-9.0,,-9,,-9,,-9,-11.0,-2.0,,108
2009-01-24,2.0,0.0,5.73,,-9,,-9,,-9,-11.4,-5.1,-8.1,108
2009-01-25,0.4,0.4,2.28,,-9,,-9,,-9,-9.3,1.0,-4.6,108
2009-01-26,,,-9.0,,-9,,-9,,-9,-5.3,-0.2,-3.3,108
2009-01-27,,,-9.0,,-9,,-9,,-9,-6.8,3.9,-1.9,108
2009-01-28,,,-9.0,,-9,,-9,,-9,-3.0,7.8,1.5,108
2009-01-29,,,-9.0,,-9,,-9,,-9,-1.2,8.3,3.3,108
2009-01-30,,,-9.0,,-9,,-9,,-9,0.7,12.2,5.8,108
2009-01-31,,,-9.0,,-9,,-9,,-9,3.4,11.7,6.1,108
2009-02-01,,,-9.0,,-9,,-9,,-9,1.6,10.5,5.3,108
2009-02-02,,,-9.0,,-9,,-9,,-9,2.1,8.0,5.2,108
2009-02-03,,,-9.0,,-9,,-9,,-9,2.9,11.1,5.7,108
2009-02-04,,0.0,-9.0,,-9,,-9,,-9,1.5,8.9,4.4,108
2009-02-05,0.2,0.2,3.28,,-9,,-9,,-9,3.2,6.0,4.4,108
2009-02-06,,,-9.0,,-9,,-9,,-9,0.6,6.8,3.2,108
2009-02-07,,,-9.0,,-9,,-9,,-9,0.4,5.0,2.8,108
2009-02-08,,,-9.0,,-9,,-9,,-9,-2.2,8.2,2.7,108
2009-02-09,,,-9.0,,-9,,-9,,-9,2.6,8.1,5.0,108
2009-02-10,0.0,0.0,0.5,,-9,,-9,,-9,2.0,6.5,4.5,108
2009-02-11,0.0,0.0,2.23,,-9,,-9,,-9,3.2,9.2,5.7,108
2009-02-12,0.2,15.2,5.08,,-9,,-9,,-9,1.8,10.6,6.8,108
2009-02-13,34.5,19.5,11.97,,-9,,-9,,-9,4.3,16.1,10.4,108
2009-02-14,,0.4,-9.0,,-9,,-9,,-9,2.1,5.3,3.6,108
2009-02-15,0.4,,3.77,,-9,,-9,,-9,-6.4,2.4,-1.6,108
2009-02-16,,,-9.0,,-9,,-9,,-9,-8.6,-2.3,-6.0,108
2009-02-17,,,-9.0,,-9,,-9,,-9,-8.6,-0.5,-4.6,108
2009-02-18,,,-9.0,,-9,,-9,,-9,-6.0,1.4,-2.2,108
2009-02-19,0.4,1.4,4.83,,-9,,-9,,-9,-1.8,3.9,0.6,108
2009-02-20,1.0,,3.22,,-9,,-9,,-9,-6.8,-0.1,-2.5,108
2009-02-21,,,-9.0,,-9,,-9,,-9,-7.8,2.7,-2.2,108
2009-02-22,,,-9.0,,-9,,-9,,-9,0.1,7.0,3.0,108
2009-02-23,,0.2,-9.0,,-9,,-9,,-9,-0.2,11.9,6.2,108
2009-02-24,0.2,0.0,3.1,,-9,,-9,,-9,6.2,10.2,7.6,108
2009-02-25,0.0,,0.25,,-9,,-9,,-9,-0.8,6.4,2.8,108
2009-02-26,,,-9.0,,-9,,-9,,-9,-2.5,7.3,2.4,108
2009-02-27,,,-9.0,,-9,,-9,,-9,-1.0,8.6,3.9,108
2009-02-28,,,-9.0,,-9,,-9,,-9,0.9,10.2,5.2,108
2009-03-01,,,-9.0,,-9,,-9,,-9,-1.6,8.6,3.3,108
2009-03-02,,5.0,-9.0,,-9,,-9,,-9,-2.8,8.6,3.6,108
2009-03-03,6.5,1.5,10.77,,-9,,-9,,-9,0.6,5.1,2.7,108
2009-03-04,,,-9.0,,-9,,-9,,-9,-0.3,8.9,3.7,108
2009-03-05,9.0,9.0,8.98,,-9,,-9,,-9,3.2,7.6,5.2,108
2009-03-06,,,-9.0,,-9,,-9,,-9,-1.9,4.0,1.6,108
2009-03-07,,,-9.0,,-9,,-9,,-9,-3.0,6.4,1.7,108
2009-03-08,,,-9.0,,-9,,-9,,-9,-0.2,11.1,5.1,108
2009-03-09,,,-9.0,,-9,,-9,,-9,2.7,11.1,5.9,108
2009-03-10,,,-9.0,,-9,,-9,,-9,-0.5,8.6,3.4,108
2009-03-11,,,-9.0,,-9,,-9,,-9,0.3,9.9,4.5,108
2009-03-12,3.5,22.5,2.42,,-9,,-9,,-9,2.9,13.5,7.9,108
2009-03-13,19.5,0.5,11.78,,-9,,-9,,-9,-3.0,6.3,2.7,108
2009-03-14,,,-9.0,,-9,,-9,,-9,-3.3,4.3,0.2,108
2009-03-15,,,-9.0,,-9,,-9,,-9,-1.3,8.8,5.1,108
2009-03-16,,,-9.0,,-9,,-9,,-9,5.8,13.1,8.7,108
2009-03-17,,,-9.0,,-9,,-9,,-9,4.7,18.8,12.3,108
2009-03-18,,0.1,-9.0,,-9,,-9,,-9,14.0,18.8,16.3,108
2009-03-19,0.4,0.3,3.12,,-9,,-9,,-9,9.9,17.3,14.1,108
2009-03-20,,,-9.0,,-9,,-9,,-9,6.3,19.3,12.2,108
2009-03-21,10.5,19.0,3.52,,-9,,-9,,-9,8.5,22.2,14.3,108
2009-03-22,8.5,,5.92,,-9,,-9,,-9,4.6,13.5,10.0,108
2009-03-23,,,-9.0,,-9,,-9,,-9,0.5,9.6,4.5,108
2009-03-24,,,-9.0,,-9,,-9,,-9,-0.1,5.5,1.9,108
2009-03-25,,4.5,-9.0,,-9,,-9,,-9,-2.0,5.5,2.4,108
2009-03-26,6.0,1.5,8.08,,-9,,-9,,-9,2.1,9.2,4.7,108
2009-03-27,,,-9.0,,-9,,-9,,-9,0.1,8.4,3.8,108
2009-03-28,,,-9.0,,-9,,-9,,-9,0.2,10.1,4.5,108
2009-03-29,,,-9.0,,-9,,-9,,-9,0.6,12.1,6.7,108
2009-03-30,,,-9.0,,-9,,-9,,-9,3.9,11.2,7.3,108
2009-03-31,0.0,0.0,0.38,,-9,,-9,,-9,3.5,9.9,6.1,108
2009-04-01,,,-9.0,,-9,,-9,,-9,2.2,10.0,5.9,108
2009-04-02,,,-9.0,,-9,,-9,,-9,2.6,14.2,7.6,108
2009-04-03,,,-9.0,,-9,,-9,,-9,5.3,12.8,8.2,108
2009-04-04,,,-9.0,,-9,,-9,,-9,6.0,12.7,8.7,108
2009-04-05,,,-9.0,,-9,,-9,,-9,5.7,15.8,9.8,108
2009-04-06,,,-9.0,,-9,,-9,,-9,5.4,17.0,10.9,108
2009-04-07,,,-9.0,,-9,,-9,,-9,7.8,21.3,14.1,108
2009-04-08,,,-9.0,,-9,,-9,,-9,9.8,23.9,16.2,108
2009-04-09,,,-9.0,,-9,,-9,,-9,10.9,24.9,17.5,108
2009-04-10,,,-9.0,,-9,,-9,,-9,11.8,23.6,17.3,108
2009-04-11,,,-9.0,,-9,,-9,,-9,11.8,25.3,18.5,108
2009-04-12,,,-9.0,,-9,,-9,,-9,13.0,21.2,16.6,108
2009-04-13,,0.0,-9.0,,-9,,-9,,-9,12.6,20.6,15.7,108
2009-04-14,0.0,,0.43,0.0,-9,0.0,-9,,-9,13.2,21.1,16.1,108
2009-04-15,6.0,6.0,6.1,4.0,1241,1.0,1245,,-9,7.9,14.1,9.9,108
2009-04-16,,,-9.0,,-9,,-9,,-9,5.7,15.4,10.7,108
2009-04-17,,,-9.0,,-9,,-9,,-9,6.0,17.9,12.0,108
2009-04-18,,,-9.0,,-9,,-9,,-9,7.6,20.6,14.4,108
2009-04-19,,,-9.0,,-9,,-9,,-9,10.7,25.8,18.5,108
2009-04-20,38.5,41.5,13.18,9.5,1651,2.0,1658,,-9,11.4,17.2,14.0,108
2009-04-21,3.0,,5.7,1.5,10,0.5,15,,-9,8.5,11.4,9.4,108
2009-04-22,,,-9.0,,-9,,-9,,-9,7.7,13.0,9.9,108
2009-04-23,,,-9.0,,-9,,-9,,-9,5.8,17.9,12.7,108
2009-04-24,7.5,10.5,9.67,3.0,1635,1.0,1725,,-9,11.5,17.4,13.3,108
2009-04-25,10.5,7.5,9.67,3.0,1536,1.0,10,,-9,6.1,11.8,8.7,108
2009-04-26,0.0,0.0,1.45,0.0,-9,0.0,-9,,-9,4.9,12.2,8.7,108
2009-04-27,0.5,0.5,0.47,0.5,-9,0.5,1624,,-9,6.3,17.0,11.2,108
2009-04-28,0.5,0.5,0.58,0.5,1610,0.5,1627,,-9,7.2,20.2,13.5,108
2009-04-29,,,-9.0,,-9,,-9,,-9,8.6,22.5,15.6,108
2009-04-30,,,-9.0,,-9,,-9,,-9,9.8,20.8,15.7,108
2009-05-01,,,-9.0,,-9,,-9,,-9,10.9,22.4,17.4,108
2009-05-02,1.5,1.5,4.83,1.0,1056,0.5,1107,,-9,14.2,18.0,15.4,108
2009-05-03,,,-9.0,,-9,,-9,,-9,12.7,22.8,16.6,108
2009-05-04,,,-9.0,,-9,,-9,,-9,10.0,21.5,14.7,108
2009-05-05,,,-9.0,,-9,,-9,,-9,9.8,26.3,18.1,108
2009-05-06,,,-9.0,,-9,,-9,,-9,15.3,29.2,22.4,108
2009-05-07,,,-9.0,,-9,,-9,,-9,15.5,27.5,21.3,108
2009-05-08,,,-9.0,,-9,,-9,,-9,15.6,27.4,21.2,108
2009-05-09,,,-9.0,,-9,,-9,,-9,16.4,27.0,21.7,108
2009-05-10,,8.0,-9.0,,-9,,-9,,-9,16.0,25.9,20.3,108
2009-05-11,36.5,35.0,21.8,4.5,1922,1.0,652,,-9,15.8,20.0,17.0,108
2009-05-12,7.0,0.5,8.25,2.0,238,1.0,313,,-9,15.1,23.9,18.6,108
2009-05-13,,,-9.0,,-9,,-9,,-9,13.7,22.4,17.9,108
2009-05-14,,,-9.0,,-9,,-9,,-9,12.0,25.2,18.9,108
2009-05-15,0.5,3.0,6.55,0.2,-9,0.1,-9,,-9,15.3,22.1,18.3,108
2009-05-16,21.5,22.0,23.23,2.5,1035,1.0,1115,,-9,13.0,15.5,13.7,108
2009-05-17,3.0,,6.47,1.0,41,0.5,32,,-9,12.1,17.4,14.3,108
2009-05-18,,,-9.0,,-9,,-9,,-9,9.9,22.6,16.9,108
2009-05-19,,,-9.0,,-9,,-9,,-9,13.7,24.5,19.3,108
2009-05-20,,18.0,-9.0,,-9,,-9,,-9,15.1,27.3,21.6,108
2009-05-21,38.0,20.0,19.72,5.5,605,1.5,641,,-9,15.1,19.4,15.8,108
2009-05-22,0.5,1.0,1.97,0.4,2230,0.4,2230,,-9,14.9,22.5,18.0,108
2009-05-23,0.5,,1.93,0.5,653,0.4,743,,-9,14.5,19.6,16.5,108
2009-05-24,,,-9.0,,-9,,-9,,-9,14.8,25.0,19.5,108
2009-05-25,,,-9.0,,-9,,-9,,-9,15.3,29.6,22.5,108
2009-05-26,,,-9.0,,-9,,-9,,-9,18.2,29.0,23.1,108
2009-05-27,,,-9.0,,-9,,-9,,-9,18.7,29.7,23.9,108
2009-05-28,,,-9.0,,-9,,-9,,-9,17.2,31.0,24.2,108
2009-05-29,,,-9.0,,-9,,-9,,-9,18.4,27.9,22.8,108
2009-05-30,,,-9.0,,-9,,-9,,-9,18.0,25.4,21.3,108
2009-05-31,,,-9.0,,-9,,-9,,-9,15.8,24.7,19.7,108
2009-06-01,,,-9.0,,-9,,-9,,-9,14.3,28.1,21.7,108
2009-06-02,4.5,6.0,1.58,4.5,1428,1.5,1454,,-9,18.8,26.2,21.7,108
2009-06-03,1.5,,1.03,1.5,450,1.0,500,,-9,17.9,22.2,19.1,108
2009-06-04,,,-9.0,,-9,,-9,,-9,17.7,25.9,21.2,108
2009-06-05,,,-9.0,,-9,,-9,,-9,16.0,28.2,22.5,108
2009-06-06,,,-9.0,,-9,,-9,,-9,18.2,27.6,22.2,108
2009-06-07,,,-9.0,,-9,,-9,,-9,17.4,21.8,19.1,108
2009-06-08,,2.0,-9.0,,-9,,-9,,-9,14.9,25.7,20.9,108
2009-06-09,25.5,40.0,14.58,9.5,2015,5.0,2026,,-9,16.8,21.8,19.4,108
2009-06-10,16.5,0.0,6.83,11.0,2359,2.5,16,,-9,16.9,22.2,18.8,108
2009-06-11,0.1,1.1,0.75,0.1,-9,0.1,-9,,-9,15.9,25.7,21.0,108
2009-06-12,1.0,,0.97,1.0,2352,0.5,22,,-9,14.5,24.4,19.4,108
2009-06-13,,,-9.0,,-9,,-9,,-9,15.9,24.6,20.2,108
2009-06-14,,,-9.0,,-9,,-9,,-9,18.4,23.5,20.4,108
2009-06-15,,,-9.0,,-9,,-9,,-9,17.7,26.3,21.6,108
2009-06-16,,,-9.0,,-9,,-9,,-9,17.5,26.6,21.8,108
2009-06-17,0.0,0.0,0.08,0.0,-9,0.0,-9,,-9,19.6,23.1,21.1,108
2009-06-18,,,-9.0,,-9,,-9,,-9,18.2,31.5,25.1,108
2009-06-19,,4.5,-9.0,,-9,,-9,,-9,22.1,28.5,25.1,108
2009-06-20,48.5,44.5,18.97,15.0,1301,4.0,1334,,-9,22.0,24.7,22.7,108
2009-06-21,0.5,,2.57,0.3,225,0.2,243,,-9,21.9,30.2,25.1,108
2009-06-22,,,-9.0,,-9,,-9,,-9,20.6,26.5,23.0,108
2009-06-23,,,-9.0,,-9,,-9,,-9,19.1,27.9,23.4,108
2009-06-24,,,-9.0,,-9,,-9,,-9,19.7,30.0,24.5,108
2009-06-25,,,-9.0,,-9,,-9,,-9,20.7,29.8,24.8,108
2009-06-26,,,-9.0,,-9,,-9,,-9,20.9,29.4,24.4,108
2009-06-27,,,-9.0,,-9,,-9,,-9,20.8,32.4,26.1,108
2009-06-28,0.4,29.4,2.43,0.3,1919,0.1,-9,,-9,23.4,29.6,26.0,108
2009-06-29,33.0,4.5,4.18,16.0,429,8.0,433,,-9,22.5,31.1,26.1,108
2009-06-30,0.5,,0.62,0.5,232,0.5,243,,-9,22.2,26.6,24.4,108
2009-07-01,,23.5,-9.0,,-9,,-9,,-9,20.7,27.4,23.5,108
2009-07-02,96.5,73.0,10.63,50.5,1028,14.0,1106,,-9,18.7,22.3,20.7,108
2009-07-03,0.5,0.5,0.43,0.5,-9,0.5,1540,,-9,19.3,27.0,22.5,108
2009-07-04,3.0,3.0,1.42,3.0,1310,3.0,1354,,-9,19.8,26.9,22.8,108
2009-07-05,,,-9.0,,-9,,-9,,-9,19.9,30.0,24.6,108
2009-07-06,1.0,2.0,0.43,1.0,-9,1.0,1359,,-9,22.0,29.0,25.0,108
2009-07-07,1.0,0.0,3.27,0.5,544,0.5,557,,-9,22.1,28.1,24.9,108
2009-07-08,0.0,38.5,0.83,0.0,-9,0.0,-9,,-9,22.5,30.3,26.3,108
2009-07-09,190.0,151.5,17.98,43.5,1310,10.5,1358,,-9,19.4,25.8,21.8,108
2009-07-10,,,-9.0,,-9,,-9,,-9,18.7,29.7,23.8,108
2009-07-11,1.0,82.5,4.98,1.0,2217,0.5,2215,,-9,20.7,29.2,24.6,108
2009-07-12,114.5,34.0,16.5,24.5,604,7.0,606,,-9,18.8,24.0,20.7,108
2009-07-13,5.0,33.5,9.32,3.0,2230,1.0,2210,,-9,19.9,27.7,23.2,108
2009-07-14,140.5,111.0,20.97,28.5,1814,12.5,1440,,-9,20.0,25.6,23.0,108
2009-07-15,,,-9.0,,-9,,-9,,-9,19.9,25.9,23.1,108
2009-07-16,,,-9.0,,-9,,-9,,-9,21.3,32.4,26.7,108
2009-07-17,56.5,56.5,11.92,29.0,1723,12.5,1741,,-9,22.9,26.6,24.8,108
2009-07-18,14.5,14.6,5.98,7.5,1148,4.0,1843,,-9,21.1,27.3,25.1,108
2009-07-19,0.1,,0.12,0.1,-9,0.1,-9,,-9,20.7,29.9,24.6,108
2009-07-20,0.5,0.5,0.55,0.5,2320,0.5,2328,,-9,22.5,28.5,25.5,108
2009-07-21,,,-9.0,,-9,,-9,,-9,23.2,29.1,25.4,108
2009-07-22,,,-9.0,,-9,,-9,,-9,21.2,30.0,25.1,108
2009-07-23,,,-9.0,,-9,,-9,,-9,21.9,29.9,25.4,108
2009-07-24,1.0,23.5,1.95,1.0,2314,0.5,1530,,-9,21.2,30.1,24.8,108
2009-07-25,22.5,,6.67,11.0,134,2.5,130,,-9,19.3,26.0,22.5,108
2009-07-26,10.5,10.5,1.32,10.5,1835,4.0,1844,,-9,20.5,29.1,24.8,108
2009-07-27,0.2,0.2,0.25,0.2,-9,0.2,-9,,-9,22.1,27.7,24.8,108
2009-07-28,0.5,0.6,1.67,0.4,2225,0.2,-9,,-9,22.7,26.4,24.6,108
2009-07-29,0.1,,0.25,0.1,-9,0.1,-9,,-9,21.5,30.4,25.5,108
2009-07-30,,,-9.0,,-9,,-9,,-9,22.6,30.6,26.5,108
2009-07-31,0.0,0.0,0.58,0.0,-9,0.0,-9,,-9,24.1,30.4,26.7,108
2009-08-01,21.5,21.5,1.0,21.5,1310,14.0,1317,,-9,23.3,28.9,25.4,108
2009-08-02,1.5,1.5,0.4,1.5,-9,1.5,1618,,-9,23.0,29.6,25.8,108
2009-08-03,,,-9.0,,-9,,-9,,-9,23.9,27.5,25.2,108
2009-08-04,,,-9.0,,-9,,-9,,-9,23.0,31.2,26.9,108
2009-08-05,,,-9.0,,-9,,-9,,-9,23.0,32.3,27.6,108
2009-08-06,0.5,1.0,1.67,0.5,2054,0.5,2144,,-9,23.8,30.7,26.6,108
2009-08-07,0.5,0.3,4.53,0.4,529,0.3,619,,-9,23.1,28.5,25.8,108
2009-08-08,0.5,0.2,2.92,0.3,759,0.1,-9,,-9,24.7,28.9,26.5,108
2009-08-09,,,-9.0,,-9,,-9,,-9,24.9,33.6,28.7,108
2009-08-10,,0.2,-9.0,,-9,,-9,,-9,23.7,32.0,27.8,108
2009-08-11,113.5,185.8,17.75,19.0,1530,10.0,2335,,-9,22.4,27.1,23.8,108
2009-08-12,80.5,8.0,14.75,20.0,439,5.5,110,,-9,22.4,25.9,23.5,108
2009-08-13,,,-9.0,,-9,,-9,,-9,21.9,30.9,26.3,108
2009-08-14,,,-9.0,,-9,,-9,,-9,23.3,33.4,27.6,108
2009-08-15,,,-9.0,,-9,,-9,,-9,22.8,33.0,27.9,108
2009-08-16,,,-9.0,,-9,,-9,,-9,24.7,34.4,29.1,108
2009-08-17,0.2,0.3,0.4,0.2,-9,0.2,-9,,-9,24.0,30.9,26.8,108
2009-08-18,0.1,0.0,0.18,0.1,-9,0.1,-9,,-9,25.5,30.9,27.4,108
2009-08-19,0.0,0.5,0.1,0.0,-9,0.0,-9,,-9,25.1,31.8,28.1,108
2009-08-20,19.5,19.0,3.5,15.5,1126,8.0,1128,,-9,22.7,29.4,26.1,108
2009-08-21,,,-9.0,,-9,,-9,,-9,20.4,29.6,25.2,108
2009-08-22,0.0,0.0,0.25,0.0,-9,0.0,-9,,-9,23.1,28.2,25.2,108
2009-08-23,,,-9.0,,-9,,-9,,-9,21.4,30.9,25.9,108
2009-08-24,,,-9.0,,-9,,-9,,-9,21.9,29.4,25.6,108
2009-08-25,9.0,9.0,0.92,9.0,1650,6.5,1707,,-9,21.7,27.6,24.3,108
2009-08-26,14.5,29.5,3.77,9.5,1805,5.5,1840,,-9,22.1,26.3,24.2,108
2009-08-27,17.0,2.0,9.28,5.0,450,3.5,537,,-9,21.9,25.7,24.1,108
2009-08-28,,,-9.0,,-9,,-9,,-9,19.8,28.6,24.1,108
2009-08-29,,5.5,-9.0,,-9,,-9,,-9,17.9,26.7,22.2,108
2009-08-30,6.5,1.0,7.58,1.5,427,0.5,352,,-9,18.1,23.3,20.5,108
2009-08-31,,,-9.0,,-9,,-9,,-9,16.4,28.3,22.6,108
2009-09-01,,,-9.0,,-9,,-9,,-9,18.7,28.6,23.7,108
2009-09-02,,,-9.0,,-9,,-9,,-9,18.7,28.6,23.4,108
2009-09-03,,,-9.0,,-9,,-9,,-9,18.9,28.6,23.2,108
2009-09-04,,,-9.0,,-9,,-9,,-9,18.8,29.3,24.3,108
2009-09-05,,,-9.0,,-9,,-9,,-9,20.9,29.9,25.0,108
2009-09-06,,,-9.0,,-9,,-9,,-9,21.8,29.9,25.2,108
2009-09-07,0.0,0.0,0.42,0.0,-9,0.0,-9,,-9,22.6,24.9,23.7,108
2009-09-08,,,-9.0,,-9,,-9,,-9,19.3,28.4,23.4,108
2009-09-09,,,-9.0,,-9,,-9,,-9,19.1,27.2,23.2,108
2009-09-10,,,-9.0,,-9,,-9,,-9,17.3,27.4,22.3,108
2009-09-11,7.0,18.0,1.53,7.0,2302,2.0,2259,,-9,17.2,25.3,20.8,108
2009-09-12,23.5,12.5,7.88,12.5,1328,10.5,1333,,-9,16.6,23.9,19.1,108
2009-09-13,,,-9.0,,-9,,-9,,-9,15.3,25.9,20.7,108
2009-09-14,,,-9.0,,-9,,-9,,-9,17.5,22.8,20.1,108
2009-09-15,,,-9.0,,-9,,-9,,-9,16.9,25.1,20.9,108
2009-09-16,,,-9.0,,-9,,-9,,-9,16.6,25.8,21.0,108
2009-09-17,,,-9.0,,-9,,-9,,-9,16.2,26.1,21.2,108
2009-09-18,,,-9.0,,-9,,-9,,-9,17.4,28.5,22.4,108
2009-09-19,,,-9.0,,-9,,-9,,-9,17.6,26.4,21.8,108
2009-09-20,,8.5,-9.0,,-9,,-9,,-9,16.5,25.5,21.3,108
2009-09-21,30.5,22.0,10.38,9.5,1748,4.5,838,,-9,16.8,21.6,18.6,108
2009-09-22,,,-9.0,,-9,,-9,,-9,14.4,25.2,19.2,108
2009-09-23,,,-9.0,,-9,,-9,,-9,15.5,26.1,20.5,108
2009-09-24,,,-9.0,,-9,,-9,,-9,15.0,25.5,20.4,108
2009-09-25,,,-9.0,,-9,,-9,,-9,17.4,23.6,20.0,108
2009-09-26,,,-9.0,,-9,,-9,,-9,15.4,26.8,21.2,108
2009-09-27,0.5,2.5,0.67,0.5,2320,0.5,2349,,-9,19.1,22.5,20.8,108
2009-09-28,2.0,,5.17,1.0,34,0.5,124,,-9,17.5,25.3,20.9,108
2009-09-29,1.0,1.0,1.12,1.0,1915,0.5,1945,,-9,17.5,27.1,21.5,108
2009-09-30,,,-9.0,,-9,,-9,,-9,18.0,28.1,22.7,108
2009-10-01,,,-9.0,,-9,,-9,,-9,17.9,26.4,21.7,108
2009-10-02,,,-9.0,,-9,,-9,,-9,15.6,24.1,19.0,108
2009-10-03,4.0,4.0,2.0,3.0,2237,1.5,2256,,-9,12.6,22.8,17.9,108
2009-10-04,,,-9.0,,-9,,-9,,-9,12.2,21.9,17.0,108
2009-10-05,,,-9.0,,-9,,-9,,-9,11.7,23.3,17.5,108
2009-10-06,,,-9.0,,-9,,-9,,-9,14.3,24.7,19.0,108
2009-10-07,,,-9.0,,-9,,-9,,-9,13.7,23.7,18.0,108
2009-10-08,,,-9.0,,-9,,-9,,-9,11.5,21.5,16.2,108
2009-10-09,,,-9.0,,-9,,-9,,-9,11.5,20.6,15.8,108
2009-10-10,,,-9.0,,-9,,-9,,-9,10.9,21.3,16.0,108
2009-10-11,,,-9.0,,-9,,-9,,-9,11.4,21.7,16.4,108
2009-10-12,,,-9.0,,-9,,-9,,-9,11.8,19.8,15.9,108
2009-10-13,13.0,13.4,5.05,5.5,2001,2.0,1853,,-9,11.1,19.2,14.5,108
2009-10-14,0.4,,0.67,0.3,530,0.1,540,,-9,10.8,20.1,14.7,108
2009-10-15,,,-9.0,,-9,,-9,,-9,10.4,21.6,15.9,108
2009-10-16,2.5,16.0,2.13,2.0,1915,1.0,1938,,-9,12.1,21.5,16.8,108
2009-10-17,13.5,,4.33,8.5,21,4.0,23,,-9,11.2,17.5,13.6,108
2009-10-18,,10.0,-9.0,,-9,,-9,,-9,9.8,18.7,14.2,108
2009-10-19,10.0,,1.78,10.0,403,5.5,440,,-9,9.0,14.9,11.8,108
2009-10-20,,,-9.0,,-9,,-9,,-9,6.2,15.6,10.8,108
2009-10-21,,,-9.0,,-9,,-9,,-9,9.8,18.5,13.8,108
2009-10-22,,4.0,-9.0,,-9,,-9,,-9,7.2,18.8,13.1,108
2009-10-23,4.0,,1.05,4.0,150,2.5,212,,-9,10.6,19.9,15.0,108
2009-10-24,,,-9.0,,-9,,-9,,-9,13.2,20.7,16.6,108
2009-10-25,,,-9.0,,-9,,-9,,-9,13.0,20.6,16.2,108
2009-10-26,,,-9.0,,-9,,-9,,-9,11.5,21.2,15.8,108
2009-10-27,,,-9.0,,-9,,-9,,-9,12.9,20.1,15.5,108
2009-10-28,,,-9.0,,-9,,-9,,-9,10.5,20.0,14.7,108
2009-10-29,,,-9.0,,-9,,-9,,-9,11.3,22.8,17.0,108
2009-10-30,,,-9.0,,-9,,-9,,-9,15.1,24.0,18.6,108
2009-10-31,19.5,23.5,8.0,7.0,1436,2.0,1452,,-9,13.3,19.1,16.2,108
2009-11-01,4.0,,2.83,,-9,,-9,,-9,5.2,13.4,9.7,108
2009-11-02,,,-9.0,,-9,,-9,,-9,-2.3,5.2,0.0,108
2009-11-03,,,-9.0,,-9,,-9,,-9,-2.8,6.1,2.9,108
2009-11-04,0.0,0.3,0.17,,-9,,-9,,-9,4.3,16.3,11.4,108
2009-11-05,0.3,0.1,0.58,,-9,,-9,,-9,11.4,17.9,14.2,108
2009-11-06,0.1,,0.22,,-9,,-9,,-9,10.4,19.7,14.6,108
2009-11-07,4.5,31.5,0.37,,-9,,-9,,-9,12.8,20.0,17.0,108
2009-11-08,34.0,7.0,11.23,,-9,,-9,,-9,15.3,19.8,16.9,108
2009-11-09,,,-9.0,,-9,,-9,,-9,14.3,21.8,16.8,108
2009-11-10,,,-9.0,,-9,,-9,,-9,9.7,14.7,13.0,108
2009-11-11,,,-9.0,,-9,,-9,,-9,6.4,13.9,9.3,108
2009-11-12,,0.4,-9.0,,-9,,-9,,-9,6.0,12.4,8.8,108
2009-11-13,2.5,2.1,6.6,,-9,,-9,,-9,8.2,10.3,9.3,108
2009-11-14,,0.0,-9.0,,-9,,-9,,-9,0.7,8.8,5.1,108
2009-11-15,0.0,,0.75,,-9,,-9,,-9,-2.9,1.9,-0.5,108
2009-11-16,,,-9.0,,-9,,-9,,-9,-4.2,1.0,-1.8,108
2009-11-17,,,-9.0,,-9,,-9,,-9,-2.9,1.9,-1.1,108
2009-11-18,,0.0,-9.0,,-9,,-9,,-9,-4.3,3.1,-0.6,108
2009-11-19,0.0,,0.5,,-9,,-9,,-9,-0.7,5.9,1.8,108
2009-11-20,0.5,0.5,1.78,,-9,,-9,,-9,-2.0,4.8,1.4,108
2009-11-21,,,-9.0,,-9,,-9,,-9,-3.4,3.8,-0.1,108
2009-11-22,1.0,1.0,4.02,,-9,,-9,,-9,-1.0,6.8,3.3,108
2009-11-23,,,-9.0,,-9,,-9,,-9,4.1,12.3,7.5,108
2009-11-24,,0.1,-9.0,,-9,,-9,,-9,4.8,13.5,8.6,108
2009-11-25,1.5,1.4,3.72,,-9,,-9,,-9,4.4,7.5,5.9,108
2009-11-26,,,-9.0,,-9,,-9,,-9,3.4,13.2,8.0,108
2009-11-27,,,-9.0,,-9,,-9,,-9,4.0,8.5,6.8,108
2009-11-28,,,-9.0,,-9,,-9,,-9,3.4,9.1,5.8,108
2009-11-29,4.0,4.0,6.25,,-9,,-9,,-9,5.6,7.5,6.4,108
2009-11-30,,,-9.0,,-9,,-9,,-9,4.5,9.6,6.3,108
2009-12-01,,,-9.0,,-9,,-9,,-9,3.3,10.1,6.2,108
2009-12-02,,0.5,-9.0,,-9,,-9,,-9,3.1,8.0,5.6,108
2009-12-03,0.5,0.0,6.08,,-9,,-9,,-9,3.5,5.9,4.6,108
2009-12-04,,11.5,-9.0,,-9,,-9,,-9,0.8,8.1,4.1,108
2009-12-05,11.5,,4.42,,-9,,-9,,-9,-4.6,5.6,0.0,108
2009-12-06,,,-9.0,,-9,,-9,,-9,-6.3,-0.3,-3.5,108
2009-12-07,,,-9.0,,-9,,-9,,-9,-5.3,5.1,-0.1,108
2009-12-08,0.2,0.2,1.83,,-9,,-9,,-9,-1.4,3.8,1.3,108
2009-12-09,,0.5,-9.0,,-9,,-9,,-9,0.9,8.6,4.9,108
2009-12-10,2.5,2.5,11.73,,-9,,-9,,-9,6.7,8.5,7.6,108
2009-12-11,0.5,0.0,3.3,,-9,,-9,,-9,6.6,8.8,7.7,108
2009-12-12,,,-9.0,,-9,,-9,,-9,2.4,7.8,5.1,108
2009-12-13,,,-9.0,,-9,,-9,,-9,-0.4,6.2,2.1,108
2009-12-14,,,-9.0,,-9,,-9,,-9,-2.6,3.6,-0.3,108
2009-12-15,,,-9.0,,-9,,-9,,-9,-7.5,-1.5,-4.2,108
2009-12-16,,,-9.0,,-9,,-9,,-9,-9.2,-3.0,-6.3,108
2009-12-17,,,-9.0,,-9,,-9,,-9,-10.2,-3.2,-7.2,108
2009-12-18,,,-9.0,,-9,,-9,,-9,-12.0,-5.7,-9.3,108
2009-12-19,,,-9.0,,-9,,-9,,-9,-10.8,-4.3,-7.9,108
2009-12-20,0.0,0.0,0.75,,-9,,-9,,-9,-8.8,-0.9,-5.3,108
2009-12-21,,,-9.0,,-9,,-9,,-9,-8.5,0.5,-3.6,108
2009-12-22,,1.0,-9.0,,-9,,-9,,-9,-2.4,7.8,3.3,108
2009-12-23,1.0,,3.3,,-9,,-9,,-9,1.5,7.7,4.4,108
2009-12-24,,,-9.0,,-9,,-9,,-9,-1.0,6.7,2.8,108
2009-12-25,1.9,1.9,6.27,,-9,,-9,,-9,-4.6,4.0,0.6,108
2009-12-26,,,-9.0,,-9,,-9,,-9,-11.0,-4.6,-8.1,108
2009-12-27,2.2,2.2,5.5,,-9,,-9,,-9,-9.9,-5.5,-7.9,108
2009-12-28,,,-9.0,,-9,,-9,,-9,-10.8,-5.4,-8.6,108
2009-12-29,0.9,1.2,5.08,,-9,,-9,,-9,-9.9,1.6,-4.5,108
2009-12-30,0.3,,3.42,,-9,,-9,,-9,-9.5,1.8,-4.0,108
2009-12-31,,,-9.0,,-9,,-9,,-9,-12.9,-8.3,-10.8,108
2010-01-01,,1.1,-9.0,,-9,,-9,,-9,-12.7,-3.6,-7.6,108
2010-01-02,1.4,0.3,6.57,,-9,,-9,,-9,-7.4,0.2,-3.6,108
2010-01-03,,8.0,-9.0,,-9,,-9,,-9,-10.5,-3.2,-6.8,108
2010-01-04,14.2,6.2,13.03,,-9,,-9,,-9,-8.0,-3.4,-5.9,108
2010-01-05,0.0,,0.95,,-9,,-9,,-9,-12.3,-7.0,-9.9,108
2010-01-06,,,-9.0,,-9,,-9,,-9,-13.3,-8.1,-11.2,108
2010-01-07,,,-9.0,,-9,,-9,,-9,-13.6,-5.5,-10.1,108
2010-01-08,,,-9.0,,-9,,-9,,-9,-11.8,-3.3,-8.0,108
2010-01-09,0.4,0.4,3.92,,-9,,-9,,-9,-8.7,-1.9,-5.1,108
2010-01-10,,,-9.0,,-9,,-9,,-9,-5.3,-0.3,-3.4,108
2010-01-11,,,-9.0,,-9,,-9,,-9,-8.3,-1.3,-5.2,108
2010-01-12,,,-9.0,,-9,,-9,,-9,-12.9,-7.3,-10.3,108
2010-01-13,,,-9.0,,-9,,-9,,-9,-15.3,-10.7,-13.2,108
2010-01-14,0.0,0.2,0.8,,-9,,-9,,-9,-14.4,-4.1,-9.1,108
2010-01-15,0.3,0.1,5.7,,-9,,-9,,-9,-7.5,-0.6,-5.0,108
2010-01-16,,,-9.0,,-9,,-9,,-9,-10.1,-2.1,-6.4,108
2010-01-17,,,-9.0,,-9,,-9,,-9,,1.4,-4.0,108
2010-01-18,,,-9.0,,-9,,-9,,-9,-3.9,1.9,-0.5,108
2010-01-19,3.0,6.0,3.92,,-9,,-9,,-9,-1.6,6.8,2.7,108
2010-01-20,7.0,4.5,21.15,,-9,,-9,,-9,2.4,8.4,5.8,108
2010-01-21,0.5,,1.42,,-9,,-9,,-9,-8.0,2.4,-4.1,108
2010-01-22,,,-9.0,,-9,,-9,,-9,-9.6,-3.4,-7.0,108
2010-01-23,,,-9.0,,-9,,-9,,-9,-9.1,-0.9,-5.3,108
2010-01-24,,,-9.0,,-9,,-9,,-9,-4.5,3.8,0.3,108
2010-01-25,,,-9.0,,-9,,-9,,-9,-8.5,2.6,-3.0,108
2010-01-26,,,-9.0,,-9,,-9,,-9,-9.5,1.1,-4.1,108
2010-01-27,2.5,2.5,7.55,,-9,,-9,,-9,-4.0,3.1,-0.2,108
2010-01-28,,,-9.0,,-9,,-9,,-9,-5.0,2.7,-0.4,108
2010-01-29,0.0,0.0,0.42,,-9,,-9,,-9,-7.3,1.4,-2.1,108
2010-01-30,,,-9.0,,-9,,-9,,-9,-1.7,5.0,1.5,108
2010-01-31,,,-9.0,,-9,,-9,,-9,-0.5,4.3,1.8,108
2010-02-01,,,-9.0,,-9,,-9,,-9,-2.6,5.1,0.8,108
2010-02-02,,,-9.0,,-9,,-9,,-9,-9.1,-2.6,-6.2,108
2010-02-03,,0.0,-9.0,,-9,,-9,,-9,-10.8,-5.0,-8.0,108
2010-02-04,0.0,,0.67,,-9,,-9,,-9,-8.3,-0.6,-4.3,108
2010-02-05,,,-9.0,,-9,,-9,,-9,-7.9,-1.9,-5.5,108
2010-02-06,,,-9.0,,-9,,-9,,-9,-9.6,0.9,-4.7,108
2010-02-07,,,-9.0,,-9,,-9,,-9,-6.3,5.6,0.7,108
2010-02-08,0.0,1.0,1.97,,-9,,-9,,-9,3.0,5.7,4.0,108
2010-02-09,12.0,11.5,14.75,,-9,,-9,,-9,2.9,4.4,3.7,108
2010-02-10,2.0,7.5,6.75,,-9,,-9,,-9,3.1,5.0,3.9,108
2010-02-11,10.5,4.6,13.33,,-9,,-9,,-9,-0.8,3.5,0.6,108
2010-02-12,0.3,1.5,16.45,,-9,,-9,,-9,-1.8,1.1,-0.3,108
2010-02-13,1.3,0.0,9.17,,-9,,-9,,-9,-3.3,-0.3,-2.3,108
2010-02-14,,,-9.0,,-9,,-9,,-9,-5.0,1.2,-2.2,108
2010-02-15,,,-9.0,,-9,,-9,,-9,-6.0,-0.3,-3.1,108
2010-02-16,,,-9.0,,-9,,-9,,-9,-8.0,-0.4,-4.5,108
2010-02-17,0.2,2.7,1.93,,-9,,-9,,-9,-7.2,0.3,-3.2,108
2010-02-18,2.5,,3.97,,-9,,-9,,-9,-4.4,-1.0,-2.9,108
2010-02-19,,,-9.0,,-9,,-9,,-9,-4.7,2.5,-1.0,108
2010-02-20,,,-9.0,,-9,,-9,,-9,-1.6,8.1,3.0,108
2010-02-21,,0.0,-9.0,,-9,,-9,,-9,0.0,9.6,4.8,108
2010-02-22,0.0,,2.25,,-9,,-9,,-9,3.5,11.0,6.5,108
2010-02-23,,,-9.0,,-9,,-9,,-9,1.6,16.2,8.2,108
2010-02-24,,11.5,-9.0,,-9,,-9,,-9,5.5,17.9,12.2,108
2010-02-25,26.5,15.0,11.48,,-9,,-9,,-9,9.8,14.8,12.0,108
2010-02-26,,,-9.0,,-9,,-9,,-9,9.0,17.2,12.0,108
2010-02-27,,,-9.0,,-9,,-9,,-9,6.0,11.0,8.6,108
2010-02-28,0.0,13.0,0.37,,-9,,-9,,-9,5.4,9.1,6.8,108
2010-03-01,17.0,4.0,14.37,,-9,,-9,,-9,1.1,6.3,2.9,108
2010-03-02,,,-9.0,,-9,,-9,,-9,0.6,4.8,2.7,108
2010-03-03,,,-9.0,,-9,,-9,,-9,-1.5,10.2,4.4,108
2010-03-04,1.5,1.8,7.0,,-9,,-9,,-9,4.5,6.3,5.5,108
2010-03-05,0.3,,3.92,,-9,,-9,,-9,3.9,9.5,6.4,108
2010-03-06,,,-9.0,,-9,,-9,,-9,2.0,10.7,6.0,108
2010-03-07,,,-9.0,,-9,,-9,,-9,2.6,7.8,4.9,108
2010-03-08,,0.0,-9.0,,-9,,-9,,-9,1.0,7.7,4.1,108
2010-03-09,14.0,21.1,9.12,,-9,,-9,,-9,-3.9,5.7,1.5,108
2010-03-10,7.1,0.0,8.95,,-9,,-9,,-9,-4.0,0.5,-1.4,108
2010-03-11,,,-9.0,,-9,,-9,,-9,-2.7,6.0,2.3,108
2010-03-12,,,-9.0,,-9,,-9,,-9,0.9,10.0,5.8,108
2010-03-13,,,-9.0,,-9,,-9,,-9,-1.9,7.9,2.4,108
2010-03-14,7.0,12.5,5.5,,-9,,-9,,-9,1.2,12.6,7.2,108
2010-03-15,12.5,7.0,8.67,,-9,,-9,,-9,2.8,11.1,7.9,108
2010-03-16,,,-9.0,,-9,,-9,,-9,-1.0,3.9,0.7,108
2010-03-17,1.0,1.0,6.95,,-9,,-9,,-9,-1.9,3.1,-0.1,108
2010-03-18,0.0,,0.75,,-9,,-9,,-9,-2.8,4.6,0.5,108
2010-03-19,,,-9.0,,-9,,-9,,-9,-1.7,8.9,4.5,108
2010-03-20,0.2,0.2,1.17,,-9,,-9,,-9,1.1,11.3,6.8,108
2010-03-21,,,-9.0,,-9,,-9,,-9,-0.7,7.1,2.7,108
2010-03-22,9.9,9.9,7.5,,-9,,-9,,-9,-0.1,5.0,2.1,108
2010-03-23,,,-9.0,,-9,,-9,,-9,0.7,10.3,5.9,108
2010-03-24,,0.0,-9.0,,-9,,-9,,-9,4.3,13.8,8.7,108
2010-03-25,2.5,2.5,1.78,,-9,,-9,,-9,-0.1,9.5,5.0,108
2010-03-26,0.0,0.0,1.85,,-9,,-9,,-9,-2.9,4.7,2.0,108
2010-03-27,,,-9.0,,-9,,-9,,-9,4.0,7.2,5.4,108
2010-03-28,,,-9.0,,-9,,-9,,-9,-0.1,9.2,4.1,108
2010-03-29,,,-9.0,,-9,,-9,,-9,0.6,11.3,5.8,108
2010-03-30,,3.0,-9.0,,-9,,-9,,-9,3.3,14.2,8.3,108
2010-03-31,9.5,6.5,11.13,,-9,,-9,,-9,5.9,8.7,7.3,108
2010-04-01,1.0,1.0,4.25,0.7,1441,0.5,1459,,-9,3.6,9.9,7.0,108
2010-04-02,,,-9.0,,-9,,-9,,-9,1.3,10.3,5.5,108
2010-04-03,,,-9.0,,-9,,-9,,-9,1.1,9.5,5.0,108
2010-04-04,,,-9.0,,-9,,-9,,-9,2.3,14.5,7.7,108
2010-04-05,0.0,0.0,0.48,0.0,-9,0.0,-9,,-9,4.8,14.8,10.4,108
2010-04-06,,,-9.0,,-9,,-9,,-9,4.8,11.7,8.5,108
2010-04-07,,,-9.0,,-9,,-9,,-9,2.3,12.6,7.3,108
2010-04-08,,,-9.0,,-9,,-9,,-9,3.3,15.5,9.1,108
2010-04-09,,,-9.0,,-9,,-9,,-9,5.4,17.4,11.4,108
2010-04-10,,,-9.0,,-9,,-9,,-9,8.8,13.5,10.7,108
2010-04-11,0.1,0.1,0.25,0.1,-9,0.1,-9,,-9,6.7,19.9,13.6,108
2010-04-12,7.0,8.0,4.5,3.0,2003,1.0,2026,,-9,9.6,18.5,13.2,108
2010-04-13,1.0,,2.25,1.5,2330,0.5,3,,-9,2.4,9.6,4.4,108
2010-04-14,,,-9.0,,-9,,-9,,-9,1.2,6.4,4.0,108
2010-04-15,,,-9.0,,-9,,-9,,-9,1.6,12.6,7.0,108
2010-04-16,,,-9.0,,-9,,-9,,-9,4.0,13.6,8.0,108
2010-04-17,,,-9.0,,-9,,-9,,-9,4.0,12.0,7.6,108
2010-04-18,0.0,0.0,0.08,0.0,-9,0.0,-9,,-9,6.2,17.0,12.0,108
2010-04-19,0.2,0.2,0.42,0.2,-9,0.1,-9,,-9,12.7,17.4,14.7,108
2010-04-20,,,-9.0,,-9,,-9,,-9,13.3,20.7,16.8,108
2010-04-21,4.0,8.5,4.75,2.0,1843,0.5,1817,,-9,10.7,18.5,14.1,108
2010-04-22,4.5,4.0,3.7,3.0,9,1.5,22,,-9,9.1,12.7,10.7,108
2010-04-23,4.0,0.0,7.03,2.5,241,1.0,307,,-9,6.6,14.3,9.3,108
2010-04-24,,,-9.0,,-9,,-9,,-9,5.4,16.8,11.1,108
2010-04-25,,,-9.0,,-9,,-9,,-9,6.9,19.4,13.6,108
2010-04-26,27.0,28.5,9.4,6.5,1643,2.0,1655,,-9,10.2,17.8,12.4,108
2010-04-27,4.5,3.0,6.22,1.5,640,1.0,1648,,-9,5.1,10.9,7.5,108
2010-04-28,9.5,9.5,10.82,3.0,1159,1.0,1159,,-9,3.3,7.8,5.0,108
2010-04-29,,,-9.0,,-9,,-9,,-9,3.4,12.4,8.5,108
2010-04-30,,,-9.0,,-9,,-9,,-9,7.0,13.2,9.6,108
2010-05-01,,,-9.0,,-9,,-9,,-9,5.8,17.5,12.3,108
2010-05-02,,,-9.0,,-9,,-9,,-9,9.9,23.3,17.2,108
2010-05-03,0.0,0.0,0.23,0.0,-9,0.0,-9,,-9,16.5,19.5,18.2,108
2010-05-04,,,-9.0,,-9,,-9,,-9,18.2,25.3,20.2,108
2010-05-05,0.0,18.0,0.42,0.0,-9,0.0,-9,,-9,15.4,25.2,20.6,108
2010-05-06,18.0,,8.17,5.5,553,2.5,636,,-9,10.4,19.8,13.4,108
2010-05-07,,,-9.0,,-9,,-9,,-9,9.6,20.6,14.6,108
2010-05-08,,,-9.0,,-9,,-9,,-9,12.1,23.0,16.7,108
2010-05-09,,0.1,-9.0,,-9,,-9,,-9,13.4,25.2,19.0,108
2010-05-10,0.1,,1.83,0.1,-9,0.1,-9,,-9,12.7,20.9,16.1,108
2010-05-11,0.4,0.4,1.25,0.3,1335,0.2,1335,,-9,10.5,17.0,12.9,108
2010-05-12,,,-9.0,,-9,,-9,,-9,8.7,19.6,13.8,108
2010-05-13,,,-9.0,,-9,,-9,,-9,10.2,21.9,16.0,108
2010-05-14,,,-9.0,,-9,,-9,,-9,12.1,23.7,18.0,108
2010-05-15,,,-9.0,,-9,,-9,,-9,12.9,21.9,17.0,108
2010-05-16,,,-9.0,,-9,,-9,,-9,12.6,25.1,18.2,108
2010-05-17,1.0,43.5,2.5,1.0,2300,0.5,2350,,-9,14.4,27.0,20.3,108
2010-05-18,59.0,17.0,19.5,9.5,210,3.5,752,,-9,15.0,19.4,17.3,108
2010-05-19,0.5,,1.33,0.5,2330,0.5,0,,-9,14.5,20.9,17.1,108
2010-05-20,,,-9.0,,-9,,-9,,-9,13.6,25.4,19.5,108
2010-05-21,,,-9.0,,-9,,-9,,-9,14.9,28.6,22.1,108
2010-05-22,5.5,27.0,8.85,3.0,2330,1.0,2349,,-9,15.7,25.5,20.1,108
2010-05-23,21.5,4.0,12.5,5.0,43,1.5,52,,-9,14.6,18.1,16.1,108
2010-05-24,15.5,11.5,18.08,2.0,1601,1.0,1319,,-9,12.2,15.8,13.1,108
2010-05-25,0.5,1.0,2.17,0.5,1310,0.5,1323,,-9,12.1,18.8,14.9,108
2010-05-26,0.5,,2.42,0.5,419,0.5,509,,-9,14.0,21.7,17.4,108
2010-05-27,,,-9.0,,-9,,-9,,-9,11.5,24.0,17.4,108
2010-05-28,,,-9.0,,-9,,-9,,-9,14.5,20.4,17.3,108
2010-05-29,,,-9.0,,-9,,-9,,-9,14.6,23.3,18.7,108
2010-05-30,,1.5,-9.0,,-9,,-9,,-9,15.0,23.4,18.9,108
2010-05-31,1.5,,2.33,1.4,537,0.8,537,,-9,14.3,20.0,17.3,108
2010-06-01,,,-9.0,,-9,,-9,,-9,12.1,26.2,19.1,108
2010-06-02,,,-9.0,,-9,,-9,,-9,14.8,26.6,21.0,108
2010-06-03,,,-9.0,,-9,,-9,,-9,16.2,26.5,21.1,108
2010-06-04,,,-9.0,,-9,,-9,,-9,16.6,27.9,22.3,108
2010-06-05,,,-9.0,,-9,,-9,,-9,17.9,28.4,23.3,108
2010-06-06,,,-9.0,,-9,,-9,,-9,19.0,30.9,24.9,108
2010-06-07,0.2,0.2,1.17,0.2,1635,0.1,1659,,-9,20.9,31.4,25.4,108
2010-06-08,,,-9.0,,-9,,-9,,-9,19.3,31.8,25.7,108
2010-06-09,,,-9.0,,-9,,-9,,-9,20.5,30.6,26.0,108
2010-06-10,,,-9.0,,-9,,-9,,-9,21.7,32.7,26.5,108
2010-06-11,0.0,36.0,0.25,0.0,-9,0.0,-9,,-9,21.6,31.2,25.6,108
2010-06-12,71.0,53.0,22.17,12.5,437,2.5,1632,,-9,16.9,22.0,17.9,108
2010-06-13,18.0,10.5,7.18,7.0,611,2.0,329,,-9,17.5,27.2,22.0,108
2010-06-14,10.5,0.0,4.92,4.5,648,3.0,648,,-9,20.0,26.4,22.8,108
2010-06-15,,0.5,-9.0,,-9,,-9,,-9,20.7,29.7,24.4,108
2010-06-16,0.5,0.0,1.88,0.5,148,0.5,238,,-9,20.2,25.6,22.3,108
2010-06-17,,,-9.0,,-9,,-9,,-9,20.9,27.6,24.0,108
2010-06-18,0.4,4.4,2.08,0.2,-9,0.2,-9,,-9,22.8,31.1,25.9,108
2010-06-19,4.5,0.5,2.95,3.5,510,2.0,542,,-9,21.5,25.8,23.0,108
2010-06-20,,0.0,-9.0,,-9,,-9,,-9,20.8,27.0,23.0,108
2010-06-21,0.0,,0.13,0.0,-9,0.0,-9,,-9,18.1,27.8,22.2,108
2010-06-22,,,-9.0,,-9,,-9,,-9,18.4,25.2,21.6,108
2010-06-23,,,-9.0,,-9,,-9,,-9,16.7,28.6,23.0,108
2010-06-24,,,-9.0,,-9,,-9,,-9,18.5,30.8,24.4,108
2010-06-25,,,-9.0,,-9,,-9,,-9,20.3,32.5,26.7,108
2010-06-26,3.5,12.5,3.67,2.5,2125,1.0,2139,,-9,21.4,27.2,24.8,108
2010-06-27,9.5,0.5,9.67,4.0,500,1.5,551,,-9,20.9,23.3,21.8,108
2010-06-28,,,-9.0,,-9,,-9,,-9,19.7,30.5,24.6,108
2010-06-29,0.0,9.5,2.0,0.0,-9,0.0,-9,,-9,21.4,27.2,23.9,108
2010-06-30,9.5,0.0,10.53,3.0,712,1.0,331,,-9,20.6,24.8,22.8,108
2010-07-01,,11.5,-9.0,,-9,,-9,,-9,21.9,30.7,26.1,108
2010-07-02,58.0,51.0,15.08,16.0,837,11.0,855,,-9,23.8,25.9,24.9,108
2010-07-03,5.5,1.0,10.0,2.0,7,0.5,2,,-9,22.5,25.7,24.1,108
2010-07-04,,,-9.0,,-9,,-9,,-9,23.4,29.9,26.5,108
2010-07-05,,,-9.0,,-9,,-9,,-9,23.1,30.8,26.1,108
2010-07-06,,,-9.0,,-9,,-9,,-9,21.7,31.6,26.0,108
2010-07-07,,,-9.0,,-9,,-9,,-9,22.4,29.6,25.6,108
2010-07-08,0.1,0.1,2.78,0.1,-9,0.1,-9,,-9,21.9,29.6,24.7,108
2010-07-09,0.5,0.5,0.27,0.5,-9,0.5,1242,,-9,21.2,29.8,24.9,108
2010-07-10,0.0,0.2,1.2,0.0,-9,0.0,-9,,-9,21.7,29.2,25.6,108
2010-07-11,0.5,0.3,7.5,0.3,842,0.3,932,,-9,22.2,26.5,23.8,108
2010-07-12,,,-9.0,,-9,,-9,,-9,21.0,28.6,25.1,108
2010-07-13,1.5,1.5,1.35,1.5,1849,1.4,1939,,-9,22.0,31.3,26.1,108
2010-07-14,1.0,1.0,0.78,1.0,1333,1.0,1338,,-9,21.8,27.7,24.8,108
2010-07-15,,,-9.0,,-9,,-9,,-9,22.7,30.0,26.0,108
2010-07-16,57.0,66.0,12.28,9.5,1600,4.5,1603,,-9,21.6,27.7,23.7,108
2010-07-17,89.5,82.5,20.42,24.5,941,6.0,945,,-9,22.1,24.2,23.2,108
2010-07-18,2.0,0.0,2.67,1.0,-9,1.0,225,,-9,23.1,29.1,25.9,108
2010-07-19,0.0,0.0,0.6,0.0,-9,0.0,-9,,-9,25.0,30.1,26.7,108
2010-07-20,,,-9.0,,-9,,-9,,-9,24.1,32.3,28.2,108
2010-07-21,0.0,0.0,0.17,0.0,-9,0.0,-9,,-9,26.3,29.7,27.8,108
2010-07-22,0.5,5.0,0.5,0.5,-9,0.5,2125,,-9,25.9,29.6,27.1,108
2010-07-23,4.5,1.0,6.58,2.5,5,1.5,16,,-9,23.0,25.9,24.4,108
2010-07-24,1.0,0.5,1.42,1.0,240,1.0,250,,-9,23.6,29.3,25.6,108
2010-07-25,0.5,13.5,0.25,0.5,-9,0.5,405,,-9,23.5,30.0,26.0,108
2010-07-26,16.5,3.0,5.58,7.0,727,4.0,856,,-9,23.0,28.6,25.4,108
2010-07-27,,,-9.0,,-9,,-9,,-9,24.4,30.8,26.9,108
2010-07-28,,0.5,-9.0,,-9,,-9,,-9,23.7,31.2,27.0,108
2010-07-29,0.5,0.1,4.08,0.5,326,0.2,-9,,-9,24.7,30.6,26.8,108
2010-07-30,0.1,,0.42,0.1,-9,0.1,-9,,-9,25.1,30.8,27.0,108
2010-07-31,,,-9.0,,-9,,-9,,-9,24.9,30.1,27.0,108
2010-08-01,0.0,24.5,0.25,0.0,-9,0.0,-9,,-9,26.1,31.0,27.5,108
2010-08-02,25.0,0.5,6.83,14.5,414,7.5,447,,-9,25.4,31.8,27.3,108
2010-08-03,,0.0,-9.0,,-9,,-9,,-9,24.0,32.1,27.6,108
2010-08-04,16.5,17.0,2.17,16.5,1755,13.0,1824,,-9,25.8,31.9,28.1,108
2010-08-05,0.5,0.1,0.52,0.5,-9,0.5,50,,-9,26.0,33.8,29.2,108
2010-08-06,3.5,61.4,3.42,2.8,2130,2.0,2147,,-9,26.3,31.0,28.3,108
2010-08-07,83.5,25.5,12.78,30.5,309,9.0,336,,-9,24.3,28.2,26.2,108
2010-08-08,,,-9.0,,-9,,-9,,-9,24.0,31.6,27.3,108
2010-08-09,,0.0,-9.0,,-9,,-9,,-9,24.1,33.3,28.6,108
2010-08-10,24.5,24.6,6.47,12.5,1723,6.5,1722,,-9,24.9,29.8,26.5,108
2010-08-11,2.5,2.4,0.63,2.4,-9,2.4,2020,,-9,25.0,32.7,28.2,108
2010-08-12,5.5,67.5,9.43,3.0,2248,1.0,2313,,-9,21.7,26.7,23.7,108
2010-08-13,62.0,0.0,6.42,36.5,215,12.0,227,,-9,21.5,29.6,26.0,108
2010-08-14,7.0,56.5,4.42,5.0,1021,1.5,1040,,-9,25.3,29.1,26.9,108
2010-08-15,49.5,0.0,2.83,47.0,156,15.5,232,,-9,24.6,30.2,26.6,108
2010-08-16,0.1,0.1,3.5,0.1,-9,0.1,-9,,-9,22.8,26.7,24.8,108
2010-08-17,,10.0,-9.0,,-9,,-9,,-9,21.0,31.8,26.3,108
2010-08-18,19.5,9.5,7.67,9.5,1753,7.0,1801,,-9,22.2,31.2,26.0,108
2010-08-19,,0.5,-9.0,,-9,,-9,,-9,24.7,32.9,28.5,108
2010-08-20,0.5,,0.42,0.5,-9,0.5,118,,-9,25.5,32.2,28.6,108
2010-08-21,,,-9.0,,-9,,-9,,-9,25.1,32.1,28.6,108
2010-08-22,0.1,9.6,0.25,0.1,-9,0.1,-9,,-9,25.4,32.5,28.7,108
2010-08-23,21.0,13.5,7.83,5.0,2142,5.0,2232,,-9,23.7,29.1,26.4,108
2010-08-24,9.5,29.5,5.58,3.0,1640,1.5,1704,,-9,21.9,25.9,23.7,108
2010-08-25,50.5,34.5,17.33,15.5,723,7.0,2201,,-9,19.9,22.5,21.6,108
2010-08-26,10.0,4.0,9.08,3.5,2,3.0,1151,,-9,21.1,26.7,24.0,108
2010-08-27,92.5,92.5,4.5,43.0,1826,19.0,1850,,-9,23.8,31.8,25.8,108
2010-08-28,12.5,55.0,7.32,6.0,1152,3.0,1218,,-9,24.7,27.2,25.5,108
2010-08-29,99.0,58.0,13.33,29.5,657,9.5,731,,-9,21.7,26.0,23.7,108
2010-08-30,1.5,,1.0,1.5,450,1.0,519,,-9,23.1,29.9,25.8,108
2010-08-31,2.0,7.0,5.17,1.5,2201,0.5,2217,,-9,22.2,27.2,24.9,108
2010-09-01,14.5,45.5,10.67,4.5,2329,3.5,1453,,-9,22.8,31.4,26.0,108
2010-09-02,37.0,1.0,10.33,10.5,359,3.0,446,,-9,22.2,26.2,24.0,108
2010-09-03,3.0,3.0,4.0,2.0,1105,1.5,1155,,-9,22.8,30.0,25.4,108
2010-09-04,,,-9.0,,-9,,-9,,-9,23.3,31.2,26.8,108
2010-09-05,49.5,49.5,3.65,41.0,1343,16.5,1346,,-9,23.1,30.7,25.1,108
2010-09-06,,,-9.0,,-9,,-9,,-9,22.6,30.0,25.5,108
2010-09-07,,,-9.0,,-9,,-9,,-9,22.8,30.8,26.3,108
2010-09-08,,1.0,-9.0,,-9,,-9,,-9,21.6,24.3,22.7,108
2010-09-09,90.5,115.5,15.33,35.0,2111,10.5,2145,,-9,19.0,22.5,20.9,108
2010-09-10,74.5,113.0,21.25,16.0,1328,8.0,726,,-9,22.4,25.8,24.0,108
2010-09-11,68.5,19.5,15.27,18.0,409,6.5,454,,-9,22.4,26.1,23.7,108
2010-09-12,15.5,0.0,8.83,6.5,335,3.0,422,,-9,21.0,26.1,22.8,108
2010-09-13,,,-9.0,,-9,,-9,,-9,20.9,27.9,23.9,108
2010-09-14,,,-9.0,,-9,,-9,,-9,21.1,28.6,24.0,108
2010-09-15,,,-9.0,,-9,,-9,,-9,19.2,30.5,24.7,108
2010-09-16,,,-9.0,,-9,,-9,,-9,19.2,30.0,24.5,108
2010-09-17,,,-9.0,,-9,,-9,,-9,20.1,28.9,24.3,108
2010-09-18,,0.0,-9.0,,-9,,-9,,-9,21.8,30.3,25.2,108
2010-09-19,17.5,42.0,10.83,6.5,1400,1.5,1248,,-9,18.3,23.8,20.8,108
2010-09-20,25.5,2.0,10.83,8.5,413,3.5,418,,-9,18.2,26.0,21.7,108
2010-09-21,259.5,259.0,17.5,75.0,1331,17.0,1422,,-9,17.9,24.9,21.4,108
2010-09-22,0.5,0.0,1.42,0.5,205,0.5,206,,-9,14.4,18.8,16.7,108
2010-09-23,,,-9.0,,-9,,-9,,-9,12.1,22.8,17.0,108
2010-09-24,,,-9.0,,-9,,-9,,-9,11.9,23.2,17.6,108
2010-09-25,,,-9.0,,-9,,-9,,-9,13.6,24.1,18.6,108
2010-09-26,,5.5,-9.0,,-9,,-9,,-9,15.2,24.2,18.6,108
2010-09-27,15.5,10.0,2.83,10.0,2230,7.0,2300,,-9,14.9,23.9,19.0,108
2010-09-28,0.0,,0.25,0.0,-9,0.0,-9,,-9,12.4,18.6,15.6,108
2010-09-29,,,-9.0,,-9,,-9,,-9,9.8,16.8,13.0,108
2010-09-30,,,-9.0,,-9,,-9,,-9,8.4,20.7,14.6,108
2010-10-01,,,-9.0,,-9,,-9,,-9,10.8,21.4,16.0,108
2010-10-02,15.0,21.0,10.33,6.0,2151,2.0,2214,,-9,13.7,18.6,16.0,108
2010-10-03,7.0,4.0,5.92,3.5,3,1.0,30,,-9,14.4,21.4,17.0,108
2010-10-04,3.0,,4.0,1.0,30,1.0,37,,-9,12.4,16.7,14.0,108
2010-10-05,,,-9.0,,-9,,-9,,-9,11.2,19.7,15.0,108
2010-10-06,,,-9.0,,-9,,-9,,-9,11.2,22.1,16.1,108
2010-10-07,,,-9.0,,-9,,-9,,-9,11.9,23.8,17.3,108
2010-10-08,,,-9.0,,-9,,-9,,-9,15.1,23.2,18.9,108
2010-10-09,,,-9.0,,-9,,-9,,-9,15.4,24.2,19.4,108
2010-10-10,,,-9.0,,-9,,-9,,-9,14.3,22.8,18.5,108
2010-10-11,,0.1,-9.0,,-9,,-9,,-9,15.6,21.2,18.3,108
2010-10-12,0.1,,0.27,0.1,-9,0.1,-9,,-9,13.8,19.2,16.6,108
2010-10-13,,,-9.0,,-9,,-9,,-9,12.9,19.6,15.7,108
2010-10-14,0.5,0.5,0.5,0.5,2005,0.5,2009,,-9,12.6,20.4,15.7,108
2010-10-15,,,-9.0,,-9,,-9,,-9,9.3,16.9,13.1,108
2010-10-16,,,-9.0,,-9,,-9,,-9,10.2,21.6,16.0,108
2010-10-17,,,-9.0,,-9,,-9,,-9,12.1,19.9,15.6,108
2010-10-18,,,-9.0,,-9,,-9,,-9,9.0,19.3,13.9,108
2010-10-19,,,-9.0,,-9,,-9,,-9,11.0,21.7,15.9,108
2010-10-20,,,-9.0,,-9,,-9,,-9,12.7,19.5,15.2,108
2010-10-21,,,-9.0,,-9,,-9,,-9,10.2,21.9,15.8,108
2010-10-22,,,-9.0,,-9,,-9,,-9,12.8,22.4,16.9,108
2010-10-23,,,-9.0,,-9,,-9,,-9,11.7,20.2,15.9,108
2010-10-24,,,-9.0,,-9,,-9,,-9,13.6,23.4,17.2,108
2010-10-25,,,-9.0,,-9,,-9,,-9,4.4,15.1,9.9,108
2010-10-26,,,-9.0,,-9,,-9,,-9,0.9,8.2,4.0,108
2010-10-27,,,-9.0,,-9,,-9,,-9,0.7,10.1,5.6,108
2010-10-28,,,-9.0,,-9,,-9,,-9,2.1,12.3,7.2,108
2010-10-29,,,-9.0,,-9,,-9,,-9,3.4,16.7,9.6,108
2010-10-30,,,-9.0,,-9,,-9,,-9,6.4,17.8,11.7,108
2010-10-31,,,-9.0,,-9,,-9,,-9,7.1,17.0,12.0,108
2010-11-01,,,-9.0,,-9,,-9,,-9,6.8,16.7,11.4,108
2010-11-02,,,-9.0,,-9,,-9,,-9,2.5,9.2,5.0,108
2010-11-03,,,-9.0,,-9,,-9,,-9,0.8,12.6,7.2,108
2010-11-04,,,-9.0,,-9,,-9,,-9,5.7,16.0,10.6,108
2010-11-05,,,-9.0,,-9,,-9,,-9,7.0,15.1,11.2,108
2010-11-06,,,-9.0,,-9,,-9,,-9,11.1,14.8,12.7,108
2010-11-07,2.0,2.5,1.57,,-9,,-9,,-9,10.8,14.3,12.3,108
2010-11-08,0.5,0.0,5.53,,-9,,-9,,-9,1.8,11.4,7.0,108
2010-11-09,,,-9.0,,-9,,-9,,-9,1.2,6.5,2.9,108
2010-11-10,,,-9.0,,-9,,-9,,-9,-0.5,9.1,4.1,108
2010-11-11,1.0,1.4,3.0,,-9,,-9,,-9,3.2,15.1,9.3,108
2010-11-12,0.4,,0.68,,-9,,-9,,-9,6.2,12.6,8.9,108
2010-11-13,0.0,0.0,0.22,,-9,,-9,,-9,5.8,17.4,11.1,108
2010-11-14,0.0,,0.08,,-9,,-9,,-9,3.0,12.4,5.8,108
2010-11-15,,,-9.0,,-9,,-9,,-9,-1.6,5.1,1.4,108
2010-11-16,,,-9.0,,-9,,-9,,-9,-1.4,8.8,3.7,108
2010-11-17,0.0,0.0,0.42,,-9,,-9,,-9,3.0,11.3,6.5,108
2010-11-18,,,-9.0,,-9,,-9,,-9,1.9,12.0,6.5,108
2010-11-19,,,-9.0,,-9,,-9,,-9,2.4,10.9,5.9,108
2010-11-20,,,-9.0,,-9,,-9,,-9,4.1,13.4,7.9,108
2010-11-21,,5.0,-9.0,,-9,,-9,,-9,6.1,15.6,11.0,108
2010-11-22,5.0,,1.0,,-9,,-9,,-9,1.9,13.1,6.2,108
2010-11-23,,,-9.0,,-9,,-9,,-9,-0.6,12.8,5.9,108
2010-11-24,,,-9.0,,-9,,-9,,-9,3.7,10.7,6.3,108
2010-11-25,,,-9.0,,-9,,-9,,-9,-1.0,6.1,3.1,108
2010-11-26,,0.5,-9.0,,-9,,-9,,-9,-3.0,4.7,0.4,108
2010-11-27,1.0,0.5,3.08,,-9,,-9,,-9,-2.7,9.1,1.3,108
2010-11-28,1.0,1.0,4.25,,-9,,-9,,-9,-5.2,2.0,-1.3,108
2010-11-29,,0.0,-9.0,,-9,,-9,,-9,-0.8,7.8,3.2,108
2010-11-30,0.0,,0.25,,-9,,-9,,-9,4.1,12.5,7.3,108
2010-12-01,,,-9.0,,-9,,-9,,-9,5.3,10.4,7.2,108
2010-12-02,0.3,0.3,1.03,,-9,,-9,,-9,5.5,13.5,9.5,108
2010-12-03,,,-9.0,,-9,,-9,,-9,-2.7,7.8,0.0,108
2010-12-04,,,-9.0,,-9,,-9,,-9,-3.6,5.0,1.7,108
2010-12-05,0.0,0.0,0.17,,-9,,-9,,-9,4.9,10.7,8.2,108
2010-12-06,,,-9.0,,-9,,-9,,-9,-3.2,10.2,3.0,108
2010-12-07,,0.1,-9.0,,-9,,-9,,-9,-4.8,4.6,-0.7,108
2010-12-08,2.5,2.4,7.75,,-9,,-9,,-9,-2.1,2.2,0.4,108
2010-12-09,,,-9.0,,-9,,-9,,-9,-4.3,2.3,-1.8,108
2010-12-10,1.5,1.5,1.75,,-9,,-9,,-9,-2.8,10.1,2.9,108
2010-12-11,,,-9.0,,-9,,-9,,-9,-6.2,6.7,-3.5,108
2010-12-12,,,-9.0,,-9,,-9,,-9,-6.6,3.7,-1.2,108
2010-12-13,,,-9.0,,-9,,-9,,-9,1.7,6.1,3.7,108
2010-12-14,,,-9.0,,-9,,-9,,-9,-10.1,1.8,-4.0,108
2010-12-15,,,-9.0,,-9,,-9,,-9,-12.7,-7.3,-10.5,108
2010-12-16,0.0,1.3,3.17,,-9,,-9,,-9,-12.9,-4.1,-7.7,108
2010-12-17,1.4,0.1,10.67,,-9,,-9,,-9,-5.5,2.6,-2.1,108
2010-12-18,,,-9.0,,-9,,-9,,-9,-4.6,5.0,0.1,108
2010-12-19,0.4,0.4,0.67,,-9,,-9,,-9,0.7,8.3,4.9,108
2010-12-20,,,-9.0,,-9,,-9,,-9,1.6,8.8,4.1,108
2010-12-21,,,-9.0,,-9,,-9,,-9,0.9,10.8,4.9,108
2010-12-22,,,-9.0,,-9,,-9,,-9,0.3,8.3,4.0,108
2010-12-23,,,-9.0,,-9,,-9,,-9,-9.5,4.5,-1.9,108
2010-12-24,,,-9.0,,-9,,-9,,-9,-15.1,,-12.3,108
2010-12-25,,,-9.0,,-9,,-9,,-9,-14.3,-6.7,-11.2,108
2010-12-26,,,-9.0,,-9,,-9,,-9,-13.6,-5.1,-9.3,108
2010-12-27,0.2,6.0,5.25,,-9,,-9,,-9,-9.4,-2.1,-4.9,108
2010-12-28,6.0,0.2,5.33,,-9,,-9,,-9,-6.0,-0.1,-2.6,108
2010-12-29,0.1,3.8,0.67,,-9,,-9,,-9,-9.4,-2.1,-5.7,108
2010-12-30,3.7,,7.17,,-9,,-9,,-9,,-3.6,-6.1,108
2010-12-31,,,-9.0,,-9,,-9,,-9,-10.7,-6.2,-8.7,108
2011-01-01,,,-9.0,,-9,,-9,,-9,-10.4,-2.9,-6.8,108
2011-01-02,,,-9.0,,-9,,-9,,-9,-8.5,-1.2,-5.4,108
2011-01-03,,,-9.0,,-9,,-9,,-9,-8.5,-0.3,-4.5,108
2011-01-04,,,-9.0,,-9,,-9,,-9,-7.4,-1.7,-3.9,108
2011-01-05,,,-9.0,,-9,,-9,,-9,-7.7,-1.8,-4.0,108
2011-01-06,,,-9.0,,-9,,-9,,-9,-9.8,-4.6,-7.6,108
2011-01-07,,0.0,-9.0,,-9,,-9,,-9,-10.6,-2.9,-7.0,108
2011-01-08,0.2,0.2,3.58,,-9,,-9,,-9,-8.2,0.1,-3.6,108
2011-01-09,0.0,,0.42,,-9,,-9,,-9,-10.3,-0.3,-7.0,108
2011-01-10,,0.1,-9.0,,-9,,-9,,-9,-11.8,-4.6,-8.2,108
2011-01-11,1.9,1.8,9.08,,-9,,-9,,-9,-7.8,-2.7,-5.4,108
2011-01-12,,,-9.0,,-9,,-9,,-9,-11.1,-4.9,-8.2,108
2011-01-13,,1.1,-9.0,,-9,,-9,,-9,-11.1,-0.6,-5.9,108
2011-01-14,1.1,0.0,5.67,,-9,,-9,,-9,-6.9,0.3,-3.8,108
2011-01-15,,,-9.0,,-9,,-9,,-9,-15.7,-6.9,-12.2,108
2011-01-16,,,-9.0,,-9,,-9,,-9,-17.8,-10.7,-14.5,108
2011-01-17,,,-9.0,,-9,,-9,,-9,-14.1,-4.8,-9.7,108
2011-01-18,,0.0,-9.0,,-9,,-9,,-9,-10.8,-2.7,-6.7,108
2011-01-19,0.0,0.0,1.33,,-9,,-9,,-9,-10.0,-3.2,-6.6,108
2011-01-20,,,-9.0,,-9,,-9,,-9,-10.5,-4.7,-8.2,108
2011-01-21,,0.4,-9.0,,-9,,-9,,-9,-9.7,-3.2,-6.8,108
2011-01-22,0.4,0.0,6.58,,-9,,-9,,-9,-7.1,-0.8,-4.3,108
2011-01-23,5.3,5.3,11.67,,-9,,-9,,-9,-7.1,-2.1,-4.5,108
2011-01-24,,,-9.0,,-9,,-9,,-9,-10.9,-5.8,-8.8,108
2011-01-25,,,-9.0,,-9,,-9,,-9,-11.9,-4.4,-8.4,108
2011-01-26,,,-9.0,,-9,,-9,,-9,-10.7,-5.2,-8.5,108
2011-01-27,,,-9.0,,-9,,-9,,-9,-11.5,-5.7,-8.9,108
2011-01-28,,,-9.0,,-9,,-9,,-9,-10.5,-4.3,-7.9,108
2011-01-29,,,-9.0,,-9,,-9,,-9,-11.5,-5.5,-9.1,108
2011-01-30,,,-9.0,,-9,,-9,,-9,-13.6,-5.7,-10.1,108
2011-01-31,0.0,0.0,1.58,,-9,,-9,,-9,-12.7,-1.8,-6.2,108
2011-02-01,,,-9.0,,-9,,-9,,-9,-4.2,5.0,-0.2,108
2011-02-02,,,-9.0,,-9,,-9,,-9,-2.8,7.0,1.3,108
2011-02-03,,,-9.0,,-9,,-9,,-9,-1.3,4.9,1.5,108
2011-02-04,,,-9.0,,-9,,-9,,-9,-0.5,3.5,1.2,108
2011-02-05,,,-9.0,,-9,,-9,,-9,-0.8,5.5,1.1,108
2011-02-06,,,-9.0,,-9,,-9,,-9,-2.1,2.7,0.3,108
2011-02-07,,,-9.0,,-9,,-9,,-9,-2.8,4.2,0.3,108
2011-02-08,,,-9.0,,-9,,-9,,-9,-0.5,8.5,2.9,108
2011-02-09,,,-9.0,,-9,,-9,,-9,-4.1,2.1,-1.2,108
2011-02-10,,,-9.0,,-9,,-9,,-9,-5.6,2.7,-2.1,108
2011-02-11,,,-9.0,,-9,,-9,,-9,-6.2,1.8,-2.9,108
2011-02-12,,,-9.0,,-9,,-9,,-9,-9.2,-1.8,-5.9,108
2011-02-13,,,-9.0,,-9,,-9,,-9,,-0.2,-4.8,108
2011-02-14,,,-9.0,,-9,,-9,,-9,-6.7,-0.2,-3.4,108
2011-02-15,,,-9.0,,-9,,-9,,-9,-5.5,2.9,-1.8,108
2011-02-16,,0.1,-9.0,,-9,,-9,,-9,-5.0,4.3,-0.6,108
2011-02-17,0.1,,3.58,,-9,,-9,,-9,-2.0,4.7,0.9,108
2011-02-18,,,-9.0,,-9,,-9,,-9,-3.0,7.3,1.6,108
2011-02-19,,,-9.0,,-9,,-9,,-9,-2.6,7.0,1.4,108
2011-02-20,,,-9.0,,-9,,-9,,-9,-2.1,12.8,5.3,108
2011-02-21,,,-9.0,,-9,,-9,,-9,1.4,12.3,6.2,108
2011-02-22,,,-9.0,,-9,,-9,,-9,0.7,13.0,6.2,108
2011-02-23,,,-9.0,,-9,,-9,,-9,0.6,12.0,5.6,108
2011-02-24,,,-9.0,,-9,,-9,,-9,2.8,10.5,6.1,108
2011-02-25,,,-9.0,,-9,,-9,,-9,-0.8,6.3,2.0,108
2011-02-26,,4.0,-9.0,,-9,,-9,,-9,-0.4,13.2,6.2,108
2011-02-27,28.5,24.9,21.83,,-9,,-9,,-9,1.8,7.4,4.2,108
2011-02-28,0.5,2.4,11.58,,-9,,-9,,-9,1.0,4.8,2.8,108
2011-03-01,2.3,0.0,9.67,,-9,,-9,,-9,-2.7,3.7,0.5,108
2011-03-02,,,-9.0,,-9,,-9,,-9,-4.2,1.6,-2.1,108
2011-03-03,,,-9.0,,-9,,-9,,-9,-5.5,2.5,-2.1,108
2011-03-04,,,-9.0,,-9,,-9,,-9,-4.5,6.0,0.1,108
2011-03-05,,,-9.0,,-9,,-9,,-9,-1.8,6.8,2.1,108
2011-03-06,,,-9.0,,-9,,-9,,-9,1.2,7.4,3.4,108
2011-03-07,,,-9.0,,-9,,-9,,-9,-1.2,5.8,1.6,108
2011-03-08,,,-9.0,,-9,,-9,,-9,-2.3,6.2,1.6,108
2011-03-09,,,-9.0,,-9,,-9,,-9,-2.4,4.4,0.2,108
2011-03-10,,,-9.0,,-9,,-9,,-9,-3.4,4.9,1.4,108
2011-03-11,,,-9.0,,-9,,-9,,-9,-0.3,9.8,4.6,108
2011-03-12,,,-9.0,,-9,,-9,,-9,1.9,13.4,7.8,108
2011-03-13,,,-9.0,,-9,,-9,,-9,8.5,16.2,10.7,108
2011-03-14,,,-9.0,,-9,,-9,,-9,4.4,10.3,6.7,108
2011-03-15,,,-9.0,,-9,,-9,,-9,-2.3,5.7,1.5,108
2011-03-16,0.0,0.0,0.83,,-9,,-9,,-9,-3.1,3.2,-0.4,108
2011-03-17,,,-9.0,,-9,,-9,,-9,-3.5,6.1,0.8,108
2011-03-18,,0.0,-9.0,,-9,,-9,,-9,-1.5,12.5,5.7,108
2011-03-19,0.0,3.5,1.75,,-9,,-9,,-9,5.5,13.7,8.8,108
2011-03-20,5.0,1.5,8.17,,-9,,-9,,-9,2.9,11.4,6.9,108
2011-03-21,,,-9.0,,-9,,-9,,-9,3.8,13.0,8.0,108
2011-03-22,,,-9.0,,-9,,-9,,-9,-1.0,6.1,1.8,108
2011-03-23,,,-9.0,,-9,,-9,,-9,-2.2,7.3,2.2,108
2011-03-24,5.8,5.8,5.02,,-9,,-9,,-9,0.1,8.0,2.9,108
2011-03-25,,,-9.0,,-9,,-9,,-9,-0.8,6.5,2.2,108
2011-03-26,,,-9.0,,-9,,-9,,-9,-0.6,8.6,3.6,108
2011-03-27,0.0,1.5,2.67,,-9,,-9,,-9,0.9,9.7,5.1,108
2011-03-28,1.5,0.0,6.0,,-9,,-9,,-9,3.1,8.4,5.2,108
2011-03-29,,,-9.0,,-9,,-9,,-9,1.7,9.1,4.8,108
2011-03-30,,,-9.0,,-9,,-9,,-9,2.3,13.6,7.3,108
2011-03-31,,,-9.0,,-9,,-9,,-9,3.3,16.8,9.2,108
2011-04-01,,,-9.0,,-9,,-9,,-9,4.3,14.9,9.1,108
2011-04-02,,,-9.0,,-9,,-9,,-9,5.3,12.8,8.9,108
2011-04-03,,,-9.0,,-9,,-9,,-9,4.9,15.5,9.6,108
2011-04-04,,,-9.0,,-9,,-9,,-9,4.5,16.7,10.1,108
2011-04-05,,,-9.0,,-9,,-9,,-9,5.1,17.1,10.7,108
2011-04-06,,0.5,-9.0,,-9,,-9,,-9,5.2,16.6,10.6,108
2011-04-07,7.0,6.5,18.83,1.5,1524,0.5,1001,,-9,8.5,10.7,9.6,108
2011-04-08,,,-9.0,,-9,,-9,,-9,7.4,17.3,11.4,108
2011-04-09,,,-9.0,,-9,,-9,,-9,6.8,15.0,9.9,108
2011-04-10,1.5,1.5,2.0,1.5,1905,0.5,1924,,-9,8.2,14.5,10.8,108
2011-04-11,,,-9.0,,-9,,-9,,-9,6.0,15.4,10.4,108
2011-04-12,,,-9.0,,-9,,-9,,-9,4.9,15.5,10.2,108
2011-04-13,,,-9.0,,-9,,-9,,-9,5.7,17.4,11.3,108
2011-04-14,,0.2,-9.0,,-9,,-9,,-9,6.6,18.8,12.4,108
2011-04-15,0.1,0.0,2.5,0.1,-9,0.1,-9,,-9,9.4,19.0,12.2,108
2011-04-16,,,-9.0,,-9,,-9,,-9,5.9,18.4,12.1,108
2011-04-17,,0.5,-9.0,,-9,,-9,,-9,8.0,18.4,12.0,108
2011-04-18,2.0,1.5,8.58,1.0,1631,0.5,441,,-9,5.8,10.7,6.7,108
2011-04-19,,,-9.0,,-9,,-9,,-9,6.6,16.2,10.8,108
2011-04-20,,,-9.0,,-9,,-9,,-9,6.3,16.8,11.2,108
2011-04-21,,15.0,-9.0,,-9,,-9,,-9,8.0,18.0,13.5,108
2011-04-22,19.0,4.0,13.95,4.5,521,1.0,454,,-9,7.4,14.5,8.9,108
2011-04-23,,,-9.0,,-9,,-9,,-9,6.1,14.2,9.7,108
2011-04-24,,,-9.0,,-9,,-9,,-9,6.1,13.9,9.7,108
2011-04-25,0.0,1.0,0.33,0.0,-9,0.0,-9,,-9,7.2,15.7,11.3,108
2011-04-26,2.5,5.0,9.08,1.0,1120,0.5,359,,-9,9.1,11.4,10.5,108
2011-04-27,5.0,1.5,6.7,2.5,615,2.0,705,,-9,8.7,14.2,11.4,108
2011-04-28,0.0,0.2,0.67,0.0,-9,0.0,-9,,-9,7.3,15.3,10.4,108
2011-04-29,4.0,39.8,3.45,3.7,2301,2.5,2351,,-9,7.3,18.4,13.2,108
2011-04-30,69.0,33.0,17.58,12.0,252,5.5,1515,,-9,10.6,14.6,13.0,108
2011-05-01,0.0,,1.67,0.0,-9,0.0,-9,,-9,9.9,15.7,12.5,108
2011-05-02,,,-9.0,,-9,,-9,,-9,8.5,20.7,14.2,108
2011-05-03,,,-9.0,,-9,,-9,,-9,11.9,20.6,15.3,108
2011-05-04,,,-9.0,,-9,,-9,,-9,10.6,21.8,15.9,108
2011-05-05,,,-9.0,,-9,,-9,,-9,12.7,23.7,17.5,108
2011-05-06,0.5,4.0,4.0,0.4,1357,0.2,-9,,-9,13.2,17.9,15.4,108
2011-05-07,3.5,0.0,7.33,2.5,245,1.0,301,,-9,11.5,21.8,14.5,108
2011-05-08,,1.0,-9.0,,-9,,-9,,-9,10.3,24.1,17.3,108
2011-05-09,4.0,5.0,13.5,1.5,1610,1.0,1648,,-9,14.6,22.0,17.6,108
2011-05-10,6.5,18.0,12.83,2.0,1041,0.7,142,,-9,14.5,18.5,16.5,108
2011-05-11,14.0,0.5,9.67,3.5,220,1.0,140,,-9,14.4,21.1,17.2,108
2011-05-12,0.0,,0.25,0.0,-9,0.0,-9,,-9,11.5,20.2,15.7,108
2011-05-13,,,-9.0,,-9,,-9,,-9,10.3,20.6,14.6,108
2011-05-14,,,-9.0,,-9,,-9,,-9,12.1,22.9,17.2,108
2011-05-15,,,-9.0,,-9,,-9,,-9,13.0,22.9,17.2,108
2011-05-16,,,-9.0,,-9,,-9,,-9,10.9,22.2,16.4,108
2011-05-17,,,-9.0,,-9,,-9,,-9,11.6,22.8,17.5,108
2011-05-18,0.0,0.4,0.33,0.0,-9,0.0,-9,,-9,13.8,25.4,20.5,108
2011-05-19,0.4,9.0,2.25,0.4,757,0.3,820,,-9,18.8,23.6,20.7,108
2011-05-20,15.0,6.1,14.25,3.5,217,1.5,243,,-9,15.6,20.5,17.5,108
2011-05-21,2.0,1.9,7.75,1.3,1514,0.5,1546,,-9,12.6,17.7,14.5,108
2011-05-22,,,-9.0,,-9,,-9,,-9,10.7,23.3,17.3,108
2011-05-23,,,-9.0,,-9,,-9,,-9,15.3,25.9,19.5,108
2011-05-24,,,-9.0,,-9,,-9,,-9,14.1,28.0,21.5,108
2011-05-25,,0.0,-9.0,,-9,,-9,,-9,16.7,28.2,22.7,108
2011-05-26,0.0,0.0,0.63,0.0,-9,0.0,-9,,-9,17.9,24.0,20.7,108
2011-05-27,,,-9.0,,-9,,-9,,-9,15.6,24.5,20.1,108
2011-05-28,,,-9.0,,-9,,-9,,-9,15.7,28.9,22.4,108
2011-05-29,,,-9.0,,-9,,-9,,-9,18.4,31.2,24.4,108
2011-05-30,,0.5,-9.0,,-9,,-9,,-9,18.6,28.1,22.7,108
2011-05-31,7.5,27.5,18.33,3.0,2256,1.0,1908,,-9,15.4,23.7,18.7,108
2011-06-01,21.5,1.0,8.75,12.0,421,8.0,420,,-9,14.7,21.6,18.0,108
2011-06-02,,,-9.0,,-9,,-9,,-9,15.1,24.7,19.0,108
2011-06-03,,0.5,-9.0,,-9,,-9,,-9,14.4,24.8,19.0,108
2011-06-04,0.5,0.0,4.42,0.4,248,0.1,-9,,-9,15.8,24.6,18.7,108
2011-06-05,,,-9.0,,-9,,-9,,-9,16.1,27.1,20.4,108
2011-06-06,,,-9.0,,-9,,-9,,-9,15.3,26.9,20.9,108
2011-06-07,0.0,0.0,0.28,0.0,-9,0.0,-9,,-9,15.9,26.6,20.9,108
2011-06-08,1.5,1.5,1.22,1.5,2054,1.0,2120,,-9,18.2,27.5,22.0,108
2011-06-09,0.0,,2.0,0.0,-9,0.0,-9,,-9,17.5,22.0,19.4,108
2011-06-10,0.0,0.0,2.0,0.0,-9,0.0,-9,,-9,17.8,24.3,21.4,108
2011-06-11,0.0,,0.08,0.0,-9,0.0,-9,,-9,20.6,29.2,24.0,108
2011-06-12,0.0,0.5,0.33,0.0,-9,0.0,-9,,-9,19.0,30.2,23.4,108
2011-06-13,0.5,,2.83,0.5,613,0.2,633,,-9,16.6,26.9,21.0,108
2011-06-14,,,-9.0,,-9,,-9,,-9,16.8,29.5,22.8,108
2011-06-15,1.0,1.0,0.75,1.0,2145,0.5,2145,,-9,19.1,31.9,25.2,108
2011-06-16,,,-9.0,,-9,,-9,,-9,20.3,32.0,26.5,108
2011-06-17,0.0,0.0,1.33,0.0,-9,0.0,-9,,-9,22.1,31.3,24.9,108
2011-06-18,,,-9.0,,-9,,-9,,-9,20.8,28.9,24.5,108
2011-06-19,,,-9.0,,-9,,-9,,-9,20.7,32.9,26.6,108
2011-06-20,,,-9.0,,-9,,-9,,-9,22.7,32.0,26.6,108
2011-06-21,,1.0,-9.0,,-9,,-9,,-9,19.4,29.6,24.1,108
2011-06-22,16.0,30.5,13.83,9.0,1605,3.5,1621,,-9,20.9,24.9,22.7,108
2011-06-23,41.0,31.0,22.33,11.5,808,3.5,815,,-9,21.2,23.3,22.0,108
2011-06-24,10.5,6.0,20.0,1.5,602,0.5,7,,-9,18.6,21.6,19.7,108
2011-06-25,37.0,52.5,15.0,9.0,1335,4.5,1355,,-9,17.5,20.0,18.3,108
2011-06-26,40.0,30.5,15.17,10.5,944,2.5,424,,-9,17.2,21.6,19.2,108
2011-06-27,11.5,4.5,13.0,3.5,607,1.0,608,,-9,18.3,20.5,19.2,108
2011-06-28,0.5,112.0,2.67,0.4,2102,0.2,2152,,-9,18.2,29.7,24.1,108
2011-06-29,177.0,104.0,19.67,34.5,859,10.5,939,,-9,19.7,23.3,21.0,108
2011-06-30,46.0,7.5,10.67,18.5,648,6.5,1656,,-9,21.0,27.9,23.8,108
2011-07-01,,0.0,-9.0,,-9,,-9,,-9,22.2,28.6,25.1,108
2011-07-02,0.0,37.5,1.08,0.0,-9,0.0,-9,,-9,22.7,26.8,24.7,108
2011-07-03,115.0,77.5,19.58,43.0,1421,16.5,1453,,-9,20.7,24.8,22.6,108
2011-07-04,,,-9.0,,-9,,-9,,-9,18.9,28.0,22.5,108
2011-07-05,,,-9.0,,-9,,-9,,-9,19.0,30.7,24.3,108
2011-07-06,,0.4,-9.0,,-9,,-9,,-9,20.4,31.2,25.6,108
2011-07-07,42.5,42.6,14.08,17.0,1607,7.5,1645,,-9,20.9,25.3,22.9,108
2011-07-08,13.0,27.0,5.83,6.0,2142,2.5,2334,,-9,20.6,24.6,22.4,108
2011-07-09,15.0,0.5,9.0,6.0,2331,2.0,217,,-9,20.8,27.8,23.6,108
2011-07-10,6.0,38.5,4.08,5.5,1838,4.0,1908,,-9,21.4,28.4,24.2,108
2011-07-11,42.5,21.5,20.25,19.5,623,6.0,636,,-9,19.9,22.1,21.2,108
2011-07-12,51.5,60.5,13.25,23.5,952,8.0,954,,-9,20.9,25.6,22.8,108
2011-07-13,29.0,22.5,15.0,6.5,1,3.0,20,,-9,22.5,26.2,24.3,108
2011-07-14,38.0,26.0,18.17,11.5,1049,5.0,253,,-9,22.3,24.6,23.6,108
2011-07-15,15.0,26.5,19.98,6.0,1259,2.0,1345,,-9,21.6,26.0,23.4,108
2011-07-16,54.5,42.0,18.42,19.5,1424,12.0,1505,,-9,21.2,25.3,22.8,108
2011-07-17,1.0,0.0,1.5,0.5,715,0.5,715,,-9,22.2,29.1,25.1,108
2011-07-18,,,-9.0,,-9,,-9,,-9,24.4,34.1,28.7,108
2011-07-19,,,-9.0,,-9,,-9,,-9,24.7,32.7,28.5,108
2011-07-20,,,-9.0,,-9,,-9,,-9,23.6,32.6,27.6,108
2011-07-21,,0.2,-9.0,,-9,,-9,,-9,22.3,32.2,27.1,108
2011-07-22,1.5,4.3,1.58,1.3,1625,1.3,1625,,-9,21.4,26.6,24.1,108
2011-07-23,3.0,0.5,1.0,3.0,25,2.5,26,,-9,22.9,29.7,25.4,108
2011-07-24,8.0,11.0,10.92,2.5,1025,1.0,1030,,-9,22.8,27.9,24.8,108
2011-07-25,27.5,24.0,8.87,22.5,1905,11.5,1943,,-9,23.2,27.9,24.9,108
2011-07-26,171.0,332.0,7.3,62.0,1822,18.0,1633,,-9,21.1,29.3,24.8,108
2011-07-27,301.5,195.0,23.5,59.0,856,14.5,912,,-9,22.3,26.2,24.0,108
2011-07-28,115.0,68.0,16.52,40.0,2202,13.0,2217,,-9,22.8,26.3,24.7,108
2011-07-29,7.5,0.0,5.62,3.5,723,2.5,803,,-9,23.9,30.2,26.2,108
2011-07-30,0.0,,0.5,0.0,-9,0.0,-9,,-9,24.4,30.5,27.2,108
2011-07-31,73.0,73.5,14.75,29.5,1622,11.0,1709,,-9,23.2,26.6,24.7,108
2011-08-01,0.5,0.0,3.08,0.2,220,0.2,535,,-9,23.3,29.2,25.6,108
2011-08-02,0.5,0.5,0.92,0.4,2030,0.2,-9,,-9,24.4,30.1,26.1,108
2011-08-03,41.5,46.0,2.58,24.0,1410,12.0,1449,,-9,23.7,28.1,25.4,108
2011-08-04,10.0,5.5,8.87,4.0,40,2.0,111,,-9,23.7,28.0,25.4,108
2011-08-05,,,-9.0,,-9,,-9,,-9,23.4,34.1,28.9,108
2011-08-06,1.5,1.5,0.67,1.5,-9,1.0,1550,,-9,26.1,32.7,28.5,108
2011-08-07,4.5,26.5,5.33,2.5,2236,1.0,2326,,-9,24.9,33.0,28.7,108
2011-08-08,39.5,17.5,15.75,12.5,210,6.0,300,,-9,23.6,27.7,24.7,108
2011-08-09,0.0,0.3,3.03,0.0,-9,0.0,-9,,-9,24.4,28.7,26.0,108
2011-08-10,0.3,,1.75,0.2,-9,0.1,-9,,-9,23.2,28.9,25.8,108
2011-08-11,0.0,1.0,0.12,0.0,-9,0.0,-9,,-9,24.5,29.9,26.6,108
2011-08-12,19.5,18.5,14.67,9.0,1853,2.0,1857,,-9,24.1,26.3,25.3,108
2011-08-13,6.5,15.0,8.58,4.0,1810,2.5,1850,,-9,23.9,26.6,25.3,108
2011-08-14,9.5,1.1,6.05,8.5,652,3.0,701,,-9,23.9,26.8,25.0,108
2011-08-15,0.5,0.4,5.08,0.4,915,0.4,915,,-9,22.9,26.9,24.5,108
2011-08-16,16.0,17.0,8.67,6.0,1752,3.0,1758,,-9,23.6,26.2,25.0,108
2011-08-17,4.0,3.0,12.0,1.0,1356,0.5,752,,-9,22.8,24.6,23.7,108
2011-08-18,0.0,0.0,0.5,0.0,-9,0.0,-9,,-9,21.5,30.2,25.2,108
2011-08-19,,,-9.0,,-9,,-9,,-9,21.7,29.2,24.4,108
2011-08-20,0.5,0.5,0.67,0.5,1955,0.5,1959,,-9,20.3,27.0,23.1,108
2011-08-21,,,-9.0,,-9,,-9,,-9,18.7,31.0,24.4,108
2011-08-22,3.5,3.5,1.0,3.5,1930,2.5,1937,,-9,19.8,29.6,23.5,108
2011-08-23,,,-9.0,,-9,,-9,,-9,18.1,30.5,24.3,108
2011-08-24,,,-9.0,,-9,,-9,,-9,21.2,28.6,24.8,108
2011-08-25,,,-9.0,,-9,,-9,,-9,21.0,30.5,25.7,108
2011-08-26,,,-9.0,,-9,,-9,,-9,23.2,30.3,26.4,108
2011-08-27,,,-9.0,,-9,,-9,,-9,23.5,31.2,27.6,108
2011-08-28,,,-9.0,,-9,,-9,,-9,24.3,32.0,27.3,108
2011-08-29,,,-9.0,,-9,,-9,,-9,24.5,29.9,26.8,108
2011-08-30,8.5,8.5,1.97,8.5,1612,3.5,1643,,-9,24.2,32.4,27.1,108
2011-08-31,,,-9.0,,-9,,-9,,-9,23.6,32.8,27.9,108
2011-09-01,,,-9.0,,-9,,-9,,-9,22.9,31.1,27.0,108
2011-09-02,,,-9.0,,-9,,-9,,-9,22.9,32.4,26.9,108
2011-09-03,,,-9.0,,-9,,-9,,-9,20.3,30.7,25.1,108
2011-09-04,,,-9.0,,-9,,-9,,-9,19.4,30.2,23.7,108
2011-09-05,,,-9.0,,-9,,-9,,-9,19.5,28.5,23.8,108
2011-09-06,,,-9.0,,-9,,-9,,-9,18.8,28.7,23.4,108
2011-09-07,,0.0,-9.0,,-9,,-9,,-9,17.5,27.3,22.6,108
2011-09-08,0.0,0.0,3.75,0.0,-9,0.0,-9,,-9,20.4,25.8,22.3,108
2011-09-09,2.5,2.5,10.5,1.0,945,0.5,950,,-9,19.0,20.7,19.9,108
2011-09-10,,0.0,-9.0,,-9,,-9,,-9,18.0,26.4,21.5,108
2011-09-11,0.0,0.0,3.08,0.0,-9,0.0,-9,,-9,19.5,22.5,21.2,108
2011-09-12,0.0,0.0,0.25,0.0,-9,0.0,-9,,-9,20.0,27.0,23.3,108
2011-09-13,,,-9.0,,-9,,-9,,-9,20.9,30.9,25.0,108
2011-09-14,,,-9.0,,-9,,-9,,-9,22.8,28.1,24.4,108
2011-09-15,,,-9.0,,-9,,-9,,-9,21.2,31.3,25.7,108
2011-09-16,,,-9.0,,-9,,-9,,-9,21.7,31.2,25.6,108
2011-09-17,0.0,0.5,0.92,0.0,-9,0.0,-9,,-9,21.6,31.0,25.8,108
2011-09-18,0.5,0.0,2.17,0.5,220,0.5,308,,-9,17.5,26.4,21.0,108
2011-09-19,0.1,0.1,6.83,0.1,-9,0.1,-9,,-9,14.5,18.2,16.8,108
2011-09-20,,,-9.0,,-9,,-9,,-9,13.4,23.2,17.7,108
2011-09-21,,,-9.0,,-9,,-9,,-9,12.4,24.0,18.1,108
2011-09-22,,,-9.0,,-9,,-9,,-9,11.9,24.6,18.1,108
2011-09-23,,,-9.0,,-9,,-9,,-9,13.5,26.0,19.5,108
2011-09-24,,,-9.0,,-9,,-9,,-9,14.4,25.9,19.6,108
2011-09-25,,,-9.0,,-9,,-9,,-9,14.6,26.6,20.0,108
2011-09-26,,,-9.0,,-9,,-9,,-9,14.8,27.7,21.2,108
2011-09-27,,,-9.0,,-9,,-9,,-9,15.4,29.2,21.8,108
2011-09-28,,13.0,-9.0,,-9,,-9,,-9,16.6,23.5,19.8,108
2011-09-29,22.5,9.5,11.5,7.5,702,2.0,737,,-9,15.5,19.5,16.9,108
2011-09-30,,,-9.0,,-9,,-9,,-9,10.3,18.6,14.8,108
2011-10-01,,,-9.0,,-9,,-9,,-9,7.7,17.6,12.7,108
2011-10-02,,,-9.0,,-9,,-9,,-9,9.6,18.1,13.3,108
2011-10-03,,,-9.0,,-9,,-9,,-9,7.3,20.8,13.8,108
2011-10-04,,,-9.0,,-9,,-9,,-9,8.4,21.2,14.9,108
2011-10-05,,,-9.0,,-9,,-9,,-9,12.7,22.0,16.4,108
2011-10-06,,,-9.0,,-9,,-9,,-9,12.7,20.2,16.5,108
2011-10-07,,,-9.0,,-9,,-9,,-9,10.5,21.2,15.4,108
2011-10-08,,,-9.0,,-9,,-9,,-9,10.4,22.5,16.2,108
2011-10-09,,,-9.0,,-9,,-9,,-9,11.9,22.5,16.6,108
2011-10-10,,,-9.0,,-9,,-9,,-9,12.4,21.8,16.9,108
2011-10-11,,,-9.0,,-9,,-9,,-9,12.4,22.4,16.5,108
2011-10-12,,,-9.0,,-9,,-9,,-9,10.7,18.7,14.7,108
2011-10-13,,2.5,-9.0,,-9,,-9,,-9,10.7,23.4,16.6,108
2011-10-14,5.0,2.5,5.2,3.0,818,1.0,844,,-9,12.7,15.7,14.4,108
2011-10-15,20.0,20.5,7.38,8.0,1225,5.0,1240,,-9,11.4,16.9,13.0,108
2011-10-16,0.5,,1.42,0.5,316,0.5,316,,-9,11.1,20.1,14.8,108
2011-10-17,,,-9.0,,-9,,-9,,-9,7.0,14.8,11.2,108
2011-10-18,,,-9.0,,-9,,-9,,-9,3.9,15.4,9.4,108
2011-10-19,,,-9.0,,-9,,-9,,-9,4.6,20.4,12.8,108
2011-10-20,,,-9.0,,-9,,-9,,-9,11.0,20.9,15.5,108
2011-10-21,,,-9.0,,-9,,-9,,-9,13.1,21.0,17.3,108
2011-10-22,,,-9.0,,-9,,-9,,-9,14.4,21.7,17.1,108
2011-10-23,0.0,0.5,3.08,0.0,-9,0.0,-9,,-9,11.8,22.1,16.5,108
2011-10-24,1.5,1.0,6.25,1.0,955,1.0,1012,,-9,7.1,15.3,12.3,108
2011-10-25,,,-9.0,,-9,,-9,,-9,3.7,12.1,7.6,108
2011-10-26,,,-9.0,,-9,,-9,,-9,3.1,15.3,9.5,108
2011-10-27,,,-9.0,,-9,,-9,,-9,6.6,19.5,12.7,108
2011-10-28,,5.0,-9.0,,-9,,-9,,-9,11.0,19.8,14.5,108
2011-10-29,5.0,0.0,8.08,1.5,435,0.5,233,,-9,10.2,13.5,12.0,108
2011-10-30,,,-9.0,,-9,,-9,,-9,10.7,20.8,14.8,108
2011-10-31,,,-9.0,,-9,,-9,,-9,8.5,22.1,15.0,108
2011-11-01,,,-9.0,,-9,,-9,,-9,9.9,22.6,16.1,108
2011-11-02,,,-9.0,,-9,,-9,,-9,13.4,21.5,16.2,108
2011-11-03,,,-9.0,,-9,,-9,,-9,10.0,24.3,16.8,108
2011-11-04,1.0,1.1,1.33,,-9,,-9,,-9,15.4,22.5,18.4,108
2011-11-05,0.1,10.0,0.58,,-9,,-9,,-9,16.4,25.9,19.9,108
2011-11-06,12.0,2.0,10.25,,-9,,-9,,-9,12.9,19.3,14.6,108
2011-11-07,,,-9.0,,-9,,-9,,-9,12.5,18.8,15.1,108
2011-11-08,,,-9.0,,-9,,-9,,-9,11.1,19.6,14.9,108
2011-11-09,,,-9.0,,-9,,-9,,-9,12.5,18.4,14.5,108
2011-11-10,,1.0,-9.0,,-9,,-9,,-9,10.9,17.0,14.1,108
2011-11-11,1.0,0.0,7.75,,-9,,-9,,-9,11.0,14.7,12.5,108
2011-11-12,,,-9.0,,-9,,-9,,-9,9.1,15.8,12.0,108
2011-11-13,,,-9.0,,-9,,-9,,-9,6.0,15.8,11.3,108
2011-11-14,,,-9.0,,-9,,-9,,-9,3.4,11.0,6.4,108
2011-11-15,,,-9.0,,-9,,-9,,-9,3.4,11.6,7.2,108
2011-11-16,,,-9.0,,-9,,-9,,-9,5.8,15.7,10.9,108
2011-11-17,0.0,2.0,0.5,,-9,,-9,,-9,10.5,16.3,13.6,108
2011-11-18,6.0,3.7,10.5,,-9,,-9,,-9,11.9,16.1,14.2,108
2011-11-19,0.2,,1.58,,-9,,-9,,-9,3.5,15.5,10.6,108
2011-11-20,,,-9.0,,-9,,-9,,-9,-2.2,3.7,0.4,108
2011-11-21,,0.2,-9.0,,-9,,-9,,-9,-2.6,6.3,1.6,108
2011-11-22,0.1,4.5,1.25,,-9,,-9,,-9,1.9,7.9,5.6,108
2011-11-23,4.5,0.0,6.17,,-9,,-9,,-9,-2.1,7.4,2.8,108
2011-11-24,,0.0,-9.0,,-9,,-9,,-9,-5.5,2.0,-1.6,108
2011-11-25,0.0,,0.42,,-9,,-9,,-9,-0.5,7.2,2.8,108
2011-11-26,0.0,0.0,0.33,,-9,,-9,,-9,1.8,8.8,5.6,108
2011-11-27,0.0,0.3,0.33,,-9,,-9,,-9,8.7,15.3,13.5,108
2011-11-28,0.3,0.0,2.83,,-9,,-9,,-9,13.6,17.0,14.6,108
2011-11-29,1.0,20.5,7.67,,-9,,-9,,-9,9.2,13.6,11.3,108
2011-11-30,30.0,10.5,17.25,,-9,,-9,,-9,3.0,9.2,4.7,108
2011-12-01,,,-9.0,,-9,,-9,,-9,4.3,9.0,5.8,108
2011-12-02,1.5,5.0,4.33,,-9,,-9,,-9,2.5,7.5,5.5,108
2011-12-03,3.5,,6.33,,-9,,-9,,-9,3.7,9.1,5.3,108
2011-12-04,,,-9.0,,-9,,-9,,-9,-0.3,6.3,2.5,108
2011-12-05,,,-9.0,,-9,,-9,,-9,-2.1,5.9,1.5,108
2011-12-06,,,-9.0,,-9,,-9,,-9,1.2,7.7,3.9,108
2011-12-07,,,-9.0,,-9,,-9,,-9,2.3,5.7,4.0,108
2011-12-08,,0.0,-9.0,,-9,,-9,,-9,-3.7,3.7,0.1,108
2011-12-09,0.0,0.0,2.5,,-9,,-9,,-9,-4.4,0.1,-2.7,108
2011-12-10,0.0,0.0,0.97,,-9,,-9,,-9,-4.9,1.4,-1.7,108
2011-12-11,0.0,0.0,1.25,,-9,,-9,,-9,-1.7,6.3,2.8,108
2011-12-12,0.0,,0.25,,-9,,-9,,-9,-0.1,6.4,3.5,108
2011-12-13,,,-9.0,,-9,,-9,,-9,-3.1,7.4,1.5,108
2011-12-14,0.0,0.0,0.67,,-9,,-9,,-9,-1.1,7.2,2.4,108
2011-12-15,,,-9.0,,-9,,-9,,-9,-5.8,-0.9,-3.9,108
2011-12-16,,,-9.0,,-9,,-9,,-9,-9.8,-3.5,-7.1,108
2011-12-17,,0.0,-9.0,,-9,,-9,,-9,-10.6,-1.6,-5.8,108
2011-12-18,0.0,,2.25,,-9,,-9,,-9,-5.0,1.4,-2.4,108
2011-12-19,,,-9.0,,-9,,-9,,-9,-6.7,1.9,-2.4,108
2011-12-20,,0.5,-9.0,,-9,,-9,,-9,-5.1,3.8,-0.3,108
2011-12-21,0.7,0.2,3.17,,-9,,-9,,-9,-0.7,5.2,1.9,108
2011-12-22,,,-9.0,,-9,,-9,,-9,-8.7,1.1,-5.5,108
2011-12-23,0.6,1.1,3.42,,-9,,-9,,-9,-10.1,-1.1,-5.4,108
2011-12-24,0.5,,2.25,,-9,,-9,,-9,-7.8,-3.0,-5.2,108
2011-12-25,,,-9.0,,-9,,-9,,-9,-9.5,-3.5,-7.1,108
2011-12-26,,,-9.0,,-9,,-9,,-9,-10.1,-3.5,-7.1,108
2011-12-27,,,-9.0,,-9,,-9,,-9,-8.8,1.2,-4.0,108
2011-12-28,0.3,0.3,3.92,,-9,,-9,,-9,-4.1,2.2,-0.5,108
2011-12-29,,,-9.0,,-9,,-9,,-9,-4.8,1.7,-1.7,108
2011-12-30,,,-9.0,,-9,,-9,,-9,-6.4,1.9,-3.0,108
2011-12-31,,,-9.0,,-9,,-9,,-9,-6.0,1.4,-1.9,108
2012-01-01,0.0,0.0,1.58,,-9,,-9,,-9,-6.9,0.4,-3.0,108
2012-01-02,,,-9.0,,-9,,-9,,-9,-8.3,-1.2,-4.8,108
2012-01-03,0.4,0.4,6.08,,-9,,-9,,-9,-6.8,-0.2,-4.5,108
2012-01-04,0.0,,2.25,,-9,,-9,,-9,-9.6,-4.3,-7.4,108
2012-01-05,,,-9.0,,-9,,-9,,-9,-9.8,-1.3,-5.7,108
2012-01-06,,,-9.0,,-9,,-9,,-9,-5.6,1.3,-2.8,108
2012-01-07,,,-9.0,,-9,,-9,,-9,-8.0,2.0,-3.8,108
2012-01-08,,,-9.0,,-9,,-9,,-9,-5.5,0.4,-2.5,108
2012-01-09,0.0,0.0,0.17,,-9,,-9,,-9,-1.8,2.7,-0.3,108
2012-01-10,,,-9.0,,-9,,-9,,-9,-5.8,1.5,-2.5,108
2012-01-11,,,-9.0,,-9,,-9,,-9,-8.1,-3.3,-6.0,108
2012-01-12,0.0,0.0,1.83,,-9,,-9,,-9,-10.3,-0.4,-4.6,108
2012-01-13,,,-9.0,,-9,,-9,,-9,-4.1,2.6,-1.2,108
2012-01-14,,,-9.0,,-9,,-9,,-9,-6.3,2.7,-1.5,108
2012-01-15,,,-9.0,,-9,,-9,,-9,-4.7,0.3,-2.6,108
2012-01-16,,,-9.0,,-9,,-9,,-9,-5.1,7.8,1.0,108
2012-01-17,,,-9.0,,-9,,-9,,-9,0.0,8.2,2.8,108
2012-01-18,,,-9.0,,-9,,-9,,-9,-2.2,5.4,1.4,108
2012-01-19,0.2,0.7,4.42,,-9,,-9,,-9,1.4,8.4,5.3,108
2012-01-20,0.5,0.0,9.25,,-9,,-9,,-9,3.7,8.3,5.4,108
2012-01-21,0.1,0.1,2.33,,-9,,-9,,-9,-2.6,5.7,2.4,108
2012-01-22,,,-9.0,,-9,,-9,,-9,-11.6,-2.4,-7.7,108
2012-01-23,,,-9.0,,-9,,-9,,-9,-12.2,-5.3,-9.6,108
2012-01-24,1.6,1.6,2.5,,-9,,-9,,-9,-11.8,-3.1,-7.3,108
2012-01-25,,,-9.0,,-9,,-9,,-9,-11.6,-5.0,-8.2,108
2012-01-26,0.0,0.0,0.13,,-9,,-9,,-9,-8.5,1.8,-2.9,108
2012-01-27,0.0,,0.17,,-9,,-9,,-9,-4.4,4.9,-0.9,108
2012-01-28,,,-9.0,,-9,,-9,,-9,-6.0,3.1,-1.8,108
2012-01-29,,,-9.0,,-9,,-9,,-9,-5.5,1.6,-2.8,108
2012-01-30,,,-9.0,,-9,,-9,,-9,-8.8,-0.8,-5.6,108
2012-01-31,3.9,3.9,6.42,,-9,,-9,,-9,-8.5,-0.3,-4.7,108
2012-02-01,,,-9.0,,-9,,-9,,-9,-15.3,-8.1,-12.8,108
2012-02-02,,,-9.0,,-9,,-9,,-9,-17.1,-9.5,-13.7,108
2012-02-03,0.1,0.3,2.58,,-9,,-9,,-9,-14.5,-3.9,-8.6,108
2012-02-04,0.2,,1.58,,-9,,-9,,-9,-5.2,1.0,-3.0,108
2012-02-05,,,-9.0,,-9,,-9,,-9,-4.5,4.8,-0.9,108
2012-02-06,0.2,0.2,2.58,,-9,,-9,,-9,-3.2,7.0,0.9,108
2012-02-07,0.0,,0.42,,-9,,-9,,-9,-11.5,-0.1,-8.7,108
2012-02-08,,,-9.0,,-9,,-9,,-9,-12.1,-3.8,-8.0,108
2012-02-09,,,-9.0,,-9,,-9,,-9,,-0.5,-4.5,108
2012-02-10,0.0,0.0,2.08,,-9,,-9,,-9,-6.9,1.7,-3.5,108
2012-02-11,,,-9.0,,-9,,-9,,-9,-9.2,0.8,-3.8,108
2012-02-12,,,-9.0,,-9,,-9,,-9,-5.0,4.8,-0.1,108
2012-02-13,,,-9.0,,-9,,-9,,-9,0.2,8.4,3.1,108
2012-02-14,,,-9.0,,-9,,-9,,-9,-0.3,8.3,3.0,108
2012-02-15,,,-9.0,,-9,,-9,,-9,-4.1,3.0,-1.3,108
2012-02-16,,,-9.0,,-9,,-9,,-9,-6.1,2.7,-2.8,108
2012-02-17,,,-9.0,,-9,,-9,,-9,-8.8,-2.9,-6.4,108
2012-02-18,,,-9.0,,-9,,-9,,-9,-9.6,-2.2,-6.8,108
2012-02-19,,,-9.0,,-9,,-9,,-9,-9.6,1.3,-4.4,108
2012-02-20,,,-9.0,,-9,,-9,,-9,-5.5,5.3,-0.2,108
2012-02-21,,,-9.0,,-9,,-9,,-9,-0.9,5.5,2.3,108
2012-02-22,,0.3,-9.0,,-9,,-9,,-9,-0.8,12.1,5.8,108
2012-02-23,0.3,,2.83,,-9,,-9,,-9,1.1,8.2,4.4,108
2012-02-24,,,-9.0,,-9,,-9,,-9,0.2,9.7,4.3,108
2012-02-25,,,-9.0,,-9,,-9,,-9,-2.3,5.0,1.2,108
2012-02-26,,,-9.0,,-9,,-9,,-9,-4.0,3.2,-1.6,108
2012-02-27,,,-9.0,,-9,,-9,,-9,-5.9,5.2,-0.7,108
2012-02-28,,,-9.0,,-9,,-9,,-9,-3.2,7.3,2.1,108
2012-02-29,,,-9.0,,-9,,-9,,-9,-1.5,11.8,5.4,108
2012-03-01,,0.1,-9.0,,-9,,-9,,-9,4.0,14.6,8.7,108
2012-03-02,0.3,0.2,7.0,,-9,,-9,,-9,5.2,9.5,6.9,108
2012-03-03,,,-9.0,,-9,,-9,,-9,2.7,12.9,6.9,108
2012-03-04,0.0,0.0,2.75,,-9,,-9,,-9,3.0,9.7,6.2,108
2012-03-05,7.0,15.0,11.58,,-9,,-9,,-9,3.1,8.5,5.3,108
2012-03-06,8.5,0.5,10.67,,-9,,-9,,-9,1.8,4.6,3.0,108
2012-03-07,,,-9.0,,-9,,-9,,-9,-0.2,7.7,3.0,108
2012-03-08,,,-9.0,,-9,,-9,,-9,-0.3,5.2,2.0,108
2012-03-09,,,-9.0,,-9,,-9,,-9,-2.1,9.1,3.4,108
2012-03-10,,0.0,-9.0,,-9,,-9,,-9,1.3,8.9,3.9,108
2012-03-11,0.0,,1.17,,-9,,-9,,-9,-4.6,1.3,-2.4,108
2012-03-12,,,-9.0,,-9,,-9,,-9,-5.7,3.2,-1.6,108
2012-03-13,,,-9.0,,-9,,-9,,-9,-3.5,6.6,1.7,108
2012-03-14,0.0,0.0,0.25,,-9,,-9,,-9,1.8,5.9,3.6,108
2012-03-15,,,-9.0,,-9,,-9,,-9,-1.7,11.8,5.5,108
2012-03-16,4.0,6.0,7.08,,-9,,-9,,-9,5.7,12.9,8.1,108
2012-03-17,2.0,,4.33,,-9,,-9,,-9,6.8,16.1,10.4,108
2012-03-18,,,-9.0,,-9,,-9,,-9,2.2,11.5,6.9,108
2012-03-19,,,-9.0,,-9,,-9,,-9,-0.5,7.2,2.8,108
2012-03-20,,,-9.0,,-9,,-9,,-9,-1.9,8.3,3.1,108
2012-03-21,,,-9.0,,-9,,-9,,-9,-0.5,10.4,4.3,108
2012-03-22,0.0,2.0,0.42,,-9,,-9,,-9,3.3,11.4,7.8,108
2012-03-23,22.0,23.5,19.58,,-9,,-9,,-9,2.3,9.7,5.0,108
2012-03-24,3.5,0.0,9.92,,-9,,-9,,-9,1.5,6.9,3.3,108
2012-03-25,,,-9.0,,-9,,-9,,-9,0.9,7.7,3.6,108
2012-03-26,,,-9.0,,-9,,-9,,-9,-0.2,8.7,3.9,108
2012-03-27,,,-9.0,,-9,,-9,,-9,1.0,10.9,6.4,108
2012-03-28,,,-9.0,,-9,,-9,,-9,6.4,15.8,10.1,108
2012-03-29,0.0,0.1,1.83,,-9,,-9,,-9,5.9,16.2,11.6,108
2012-03-30,0.1,0.0,4.83,,-9,,-9,,-9,5.8,11.9,9.0,108
2012-03-31,0.0,0.0,0.08,,-9,,-9,,-9,2.5,10.1,5.4,108
2012-04-01,,,-9.0,,-9,,-9,,-9,0.6,9.4,4.6,108
2012-04-02,22.0,52.0,10.33,4.5,2056,2.0,2146,,-9,3.5,14.1,8.3,108
2012-04-03,35.0,5.0,13.33,6.5,557,1.5,22,,-9,1.1,9.4,4.9,108
2012-04-04,,,-9.0,,-9,,-9,,-9,2.2,12.8,7.2,108
2012-04-05,,,-9.0,,-9,,-9,,-9,3.1,12.2,6.7,108
2012-04-06,,,-9.0,,-9,,-9,,-9,2.6,9.6,5.4,108
2012-04-07,,,-9.0,,-9,,-9,,-9,0.6,12.4,5.9,108
2012-04-08,,,-9.0,,-9,,-9,,-9,4.6,17.6,11.3,108
2012-04-09,,,-9.0,,-9,,-9,,-9,10.7,22.4,15.4,108
2012-04-10,10.5,13.5,11.42,4.0,1556,1.5,1628,,-9,11.5,16.9,13.7,108
2012-04-11,3.0,0.0,8.58,1.0,2,0.5,7,,-9,9.1,17.4,12.2,108
2012-04-12,,,-9.0,,-9,,-9,,-9,5.3,12.4,8.9,108
2012-04-13,,,-9.0,,-9,,-9,,-9,7.4,15.1,10.3,108
2012-04-14,,,-9.0,,-9,,-9,,-9,5.9,16.4,10.5,108
2012-04-15,,,-9.0,,-9,,-9,,-9,6.9,21.7,13.4,108
2012-04-16,,,-9.0,,-9,,-9,,-9,7.2,17.9,11.9,108
2012-04-17,,,-9.0,,-9,,-9,,-9,7.5,19.7,13.6,108
2012-04-18,,,-9.0,,-9,,-9,,-9,9.2,21.3,15.2,108
2012-04-19,,,-9.0,,-9,,-9,,-9,12.2,24.3,17.0,108
2012-04-20,,0.4,-9.0,,-9,,-9,,-9,13.6,23.8,18.4,108
2012-04-21,47.5,51.6,16.17,9.0,1619,2.0,1529,,-9,9.5,16.3,11.4,108
2012-04-22,9.0,4.5,21.5,2.0,514,0.5,54,,-9,7.9,12.0,9.4,108
2012-04-23,0.0,0.0,2.08,0.0,-9,0.0,-9,,-9,9.1,17.3,12.9,108
2012-04-24,,1.5,-9.0,,-9,,-9,,-9,12.2,26.6,19.7,108
2012-04-25,28.0,28.5,18.08,7.5,1510,2.0,1525,,-9,10.5,20.7,15.1,108
2012-04-26,2.0,,3.67,1.0,201,0.5,41,,-9,8.0,16.8,11.9,108
2012-04-27,,,-9.0,,-9,,-9,,-9,7.8,22.3,15.2,108
2012-04-28,,,-9.0,,-9,,-9,,-9,13.8,22.1,17.0,108
2012-04-29,,,-9.0,,-9,,-9,,-9,14.0,26.3,19.9,108
2012-04-30,,,-9.0,,-9,,-9,,-9,15.4,29.4,22.9,108
2012-05-01,,,-9.0,,-9,,-9,,-9,17.3,28.3,22.6,108
2012-05-02,0.4,0.6,0.75,0.4,1610,0.4,1617,,-9,19.0,29.1,23.1,108
2012-05-03,0.2,,0.33,0.2,-9,0.2,-9,,-9,17.0,25.4,20.0,108
2012-05-04,,,-9.0,,-9,,-9,,-9,14.3,25.7,19.7,108
2012-05-05,,,-9.0,,-9,,-9,,-9,13.5,24.9,18.8,108
2012-05-06,,,-9.0,,-9,,-9,,-9,13.1,24.1,18.1,108
2012-05-07,,,-9.0,,-9,,-9,,-9,12.2,24.9,18.5,108
2012-05-08,,,-9.0,,-9,,-9,,-9,14.2,28.0,20.8,108
2012-05-09,,,-9.0,,-9,,-9,,-9,15.0,27.4,20.7,108
2012-05-10,,,-9.0,,-9,,-9,,-9,15.5,26.6,20.1,108
2012-05-11,,,-9.0,,-9,,-9,,-9,13.2,19.2,16.2,108
2012-05-12,,,-9.0,,-9,,-9,,-9,14.4,21.1,17.1,108
2012-05-13,,0.3,-9.0,,-9,,-9,,-9,14.8,25.2,19.1,108
2012-05-14,6.5,6.2,12.25,2.0,1109,1.0,1143,,-9,15.1,17.2,16.1,108
2012-05-15,0.0,,1.58,0.0,-9,0.0,-9,,-9,13.0,22.7,16.9,108
2012-05-16,0.0,0.0,0.25,0.0,-9,0.0,-9,,-9,12.7,22.0,16.6,108
2012-05-17,0.5,0.5,1.58,0.5,1155,0.2,1207,,-9,13.9,20.5,16.6,108
2012-05-18,,,-9.0,,-9,,-9,,-9,12.0,24.5,18.1,108
2012-05-19,,,-9.0,,-9,,-9,,-9,13.1,25.8,19.5,108
2012-05-20,,,-9.0,,-9,,-9,,-9,14.5,28.7,21.3,108
2012-05-21,,,-9.0,,-9,,-9,,-9,17.2,28.9,23.0,108
2012-05-22,,,-9.0,,-9,,-9,,-9,17.8,29.3,23.3,108
2012-05-23,,,-9.0,,-9,,-9,,-9,18.3,27.8,22.1,108
2012-05-24,,,-9.0,,-9,,-9,,-9,17.0,24.0,19.7,108
2012-05-25,,,-9.0,,-9,,-9,,-9,16.2,26.6,20.5,108
2012-05-26,,,-9.0,,-9,,-9,,-9,14.1,26.1,19.8,108
2012-05-27,0.3,0.3,2.92,0.2,1140,0.2,1141,,-9,17.1,23.4,19.3,108
2012-05-28,0.1,0.1,0.25,0.1,-9,0.1,-9,,-9,16.4,26.0,20.9,108
2012-05-29,,0.0,-9.0,,-9,,-9,,-9,18.8,25.4,21.6,108
2012-05-30,0.0,0.2,1.42,0.0,-9,0.0,-9,,-9,18.6,23.6,20.7,108
2012-05-31,0.2,,1.0,0.2,-9,0.2,-9,,-9,16.6,27.2,20.9,108
2012-06-01,,,-9.0,,-9,,-9,,-9,16.3,26.7,21.4,108
2012-06-02,,,-9.0,,-9,,-9,,-9,19.2,28.8,23.1,108
2012-06-03,,,-9.0,,-9,,-9,,-9,18.0,29.1,23.3,108
2012-06-04,,0.0,-9.0,,-9,,-9,,-9,18.6,29.1,23.7,108
2012-06-05,0.0,,0.17,0.0,-9,0.0,-9,,-9,19.8,27.5,22.5,108
2012-06-06,,,-9.0,,-9,,-9,,-9,19.1,28.9,23.0,108
2012-06-07,,,-9.0,,-9,,-9,,-9,18.5,29.4,23.0,108
2012-06-08,2.0,2.0,1.42,1.5,2110,1.5,2135,,-9,19.0,27.9,22.2,108
2012-06-09,,,-9.0,,-9,,-9,,-9,18.6,29.9,24.2,108
2012-06-10,,,-9.0,,-9,,-9,,-9,20.8,28.7,23.7,108
2012-06-11,,,-9.0,,-9,,-9,,-9,20.3,27.8,23.2,108
2012-06-12,0.4,0.4,1.67,0.3,1735,0.2,1753,,-9,19.0,28.9,22.6,108
2012-06-13,,,-9.0,,-9,,-9,,-9,18.3,28.9,23.4,108
2012-06-14,,,-9.0,,-9,,-9,,-9,19.3,31.7,24.8,108
2012-06-15,,,-9.0,,-9,,-9,,-9,20.4,28.0,23.7,108
2012-06-16,,,-9.0,,-9,,-9,,-9,20.2,29.9,23.5,108
2012-06-17,,,-9.0,,-9,,-9,,-9,18.1,29.8,23.6,108
2012-06-18,,,-9.0,,-9,,-9,,-9,20.1,30.2,24.9,108
2012-06-19,,,-9.0,,-9,,-9,,-9,20.9,33.5,26.0,108
2012-06-20,,,-9.0,,-9,,-9,,-9,21.3,31.3,25.4,108
2012-06-21,,,-9.0,,-9,,-9,,-9,21.3,32.4,25.7,108
2012-06-22,0.0,0.0,0.5,0.0,-9,0.0,-9,,-9,21.3,29.3,24.3,108
2012-06-23,,,-9.0,,-9,,-9,,-9,21.5,31.7,26.2,108
2012-06-24,,,-9.0,,-9,,-9,,-9,23.6,32.8,27.8,108
2012-06-25,,,-9.0,,-9,,-9,,-9,22.2,33.2,26.5,108
2012-06-26,,,-9.0,,-9,,-9,,-9,20.6,30.8,24.6,108
2012-06-27,,,-9.0,,-9,,-9,,-9,19.3,31.0,24.8,108
2012-06-28,,,-9.0,,-9,,-9,,-9,20.9,29.6,25.3,108
2012-06-29,20.0,74.5,6.08,9.0,2141,3.5,2216,,-9,22.0,31.0,25.9,108
2012-06-30,69.5,15.0,14.58,11.5,538,4.5,606,,-9,20.2,23.7,21.9,108
2012-07-01,0.0,0.0,1.33,0.0,-9,0.0,-9,,-9,19.2,25.4,21.6,108
2012-07-02,,,-9.0,,-9,,-9,,-9,21.7,29.8,24.0,108
2012-07-03,25.0,25.3,3.25,24.5,1627,12.0,1657,,-9,19.7,25.7,22.7,108
2012-07-04,0.3,13.0,1.92,0.2,5,0.2,10,,-9,22.6,27.4,24.4,108
2012-07-05,72.0,147.0,15.25,15.5,1352,9.5,345,,-9,20.9,24.6,22.7,108
2012-07-06,102.5,14.5,18.33,37.0,133,12.5,140,,-9,19.9,21.8,20.9,108
2012-07-07,,,-9.0,,-9,,-9,,-9,18.5,31.0,24.8,108
2012-07-08,,,-9.0,,-9,,-9,,-9,21.4,30.7,25.8,108
2012-07-09,,,-9.0,,-9,,-9,,-9,21.9,32.3,26.3,108
2012-07-10,6.5,14.5,5.17,5.5,2253,1.5,2316,,-9,21.7,29.1,25.9,108
2012-07-11,8.0,0.0,10.5,4.0,34,1.0,51,,-9,21.0,26.5,23.3,108
2012-07-12,0.0,76.5,2.58,0.0,-9,0.0,-9,,-9,21.1,28.5,24.7,108
2012-07-13,76.5,2.5,5.0,68.0,255,21.0,323,,-9,21.8,29.3,26.1,108
2012-07-14,8.0,24.5,10.83,2.5,1650,1.5,1729,,-9,20.4,26.2,22.8,108
2012-07-15,32.5,16.0,23.75,5.5,257,2.0,953,,-9,19.1,20.5,19.7,108
2012-07-16,2.5,,7.25,1.5,25,0.5,25,,-9,19.0,25.0,21.7,108
2012-07-17,0.0,0.0,1.33,0.0,-9,0.0,-9,,-9,21.6,29.0,25.5,108
2012-07-18,6.0,76.5,5.5,4.0,2110,3.5,2120,,-9,24.7,28.4,26.3,108
2012-07-19,72.5,3.0,9.17,20.5,603,5.0,642,,-9,22.4,26.5,23.9,108
2012-07-20,1.0,,3.42,0.5,5,0.5,45,,-9,22.1,29.7,25.6,108
2012-07-21,,14.0,-9.0,,-9,,-9,,-9,24.1,31.4,27.5,108
2012-07-22,16.5,3.5,3.92,11.5,702,6.0,715,,-9,23.7,30.4,27.2,108
2012-07-23,1.0,0.0,2.25,0.5,324,0.4,414,,-9,25.6,30.5,27.6,108
2012-07-24,,,-9.0,,-9,,-9,,-9,25.5,32.1,27.8,108
2012-07-25,,,-9.0,,-9,,-9,,-9,24.2,32.1,27.9,108
2012-07-26,,,-9.0,,-9,,-9,,-9,24.3,32.6,28.1,108
2012-07-27,,,-9.0,,-9,,-9,,-9,24.9,32.3,27.9,108
2012-07-28,,0.0,-9.0,,-9,,-9,,-9,25.2,33.2,28.5,108
2012-07-29,0.0,0.0,0.33,0.0,-9,0.0,-9,,-9,26.2,33.2,29.2,108
2012-07-30,18.0,18.1,1.83,17.0,838,9.5,920,,-9,23.0,31.6,28.4,108
2012-07-31,0.1,,0.33,0.1,-9,0.1,-9,,-9,26.6,33.0,29.0,108
2012-08-01,,,-9.0,,-9,,-9,,-9,25.9,35.3,30.8,108
2012-08-02,,,-9.0,,-9,,-9,,-9,26.8,35.5,30.8,108
2012-08-03,,,-9.0,,-9,,-9,,-9,27.1,35.4,31.3,108
2012-08-04,,,-9.0,,-9,,-9,,-9,28.2,36.2,31.7,108
2012-08-05,,,-9.0,,-9,,-9,,-9,27.5,36.7,31.8,108
2012-08-06,,,-9.0,,-9,,-9,,-9,27.8,35.8,31.5,108
2012-08-07,,,-9.0,,-9,,-9,,-9,26.6,35.0,30.7,108
2012-08-08,,,-9.0,,-9,,-9,,-9,25.6,34.3,29.6,108
2012-08-09,,0.0,-9.0,,-9,,-9,,-9,26.6,34.6,29.7,108
2012-08-10,0.3,0.3,3.83,0.3,846,0.2,-9,,-9,25.7,29.0,27.4,108
2012-08-11,,,-9.0,,-9,,-9,,-9,24.0,31.8,27.7,108
2012-08-12,17.0,19.0,13.0,7.5,1301,2.0,1303,,-9,22.3,27.9,25.5,108
2012-08-13,2.0,,2.92,1.5,155,1.5,224,,-9,22.1,32.1,26.6,108
2012-08-14,15.5,58.0,4.33,10.0,2002,6.0,2051,,-9,23.2,31.2,26.7,108
2012-08-15,136.5,94.0,13.83,49.0,1127,12.0,1212,,-9,22.4,27.1,23.7,108
2012-08-16,,,-9.0,,-9,,-9,,-9,22.7,28.9,26.0,108
2012-08-17,0.0,0.5,0.25,0.0,-9,0.0,-9,,-9,24.3,32.2,27.5,108
2012-08-18,2.0,1.5,8.25,0.5,532,0.3,622,,-9,25.8,28.6,27.2,108
2012-08-19,5.0,45.5,5.08,2.5,920,1.5,920,,-9,26.3,30.8,27.9,108
2012-08-20,59.5,140.5,20.75,15.0,616,4.5,704,,-9,24.0,27.1,25.4,108
2012-08-21,137.0,29.5,15.47,35.0,18,13.0,222,,-9,23.5,28.7,25.3,108
2012-08-22,17.0,3.1,11.33,6.5,214,3.0,241,,-9,20.3,24.6,22.0,108
2012-08-23,0.1,0.0,0.58,0.1,-9,0.1,-9,,-9,20.5,25.7,23.0,108
2012-08-24,7.5,17.5,4.42,5.0,2130,1.5,2147,,-9,21.1,26.1,23.3,108
2012-08-25,11.5,1.5,6.83,8.0,232,3.0,310,,-9,21.5,28.9,25.0,108
2012-08-26,0.0,0.0,0.17,0.0,-9,0.0,-9,,-9,24.1,32.4,27.5,108
2012-08-27,,0.4,-9.0,,-9,,-9,,-9,24.5,32.9,28.5,108
2012-08-28,13.5,19.1,14.75,4.5,1138,1.5,1140,,-9,21.8,29.4,26.1,108
2012-08-29,6.0,5.5,3.25,5.5,1,2.0,37,,-9,21.7,29.1,25.7,108
2012-08-30,34.5,29.0,20.67,5.5,1440,1.5,1543,,-9,18.7,24.7,21.4,108
2012-08-31,,,-9.0,,-9,,-9,,-9,18.7,28.4,23.8,108
2012-09-01,,,-9.0,,-9,,-9,,-9,22.3,29.4,25.2,108
2012-09-02,,,-9.0,,-9,,-9,,-9,20.8,29.5,25.0,108
2012-09-03,,0.5,-9.0,,-9,,-9,,-9,22.2,28.5,24.9,108
2012-09-04,55.5,65.5,12.67,15.0,1651,9.0,1651,,-9,19.7,24.4,22.0,108
2012-09-05,10.5,,4.5,6.0,56,2.0,127,,-9,19.2,26.1,22.3,108
2012-09-06,,,-9.0,,-9,,-9,,-9,16.0,27.1,21.6,108
2012-09-07,3.0,28.0,0.67,11.5,2331,2.5,2356,,-9,16.9,27.2,22.5,108
2012-09-08,25.0,,3.58,15.5,1,5.0,15,,-9,17.7,23.7,20.2,108
2012-09-09,,,-9.0,,-9,,-9,,-9,17.1,25.0,20.9,108
2012-09-10,,,-9.0,,-9,,-9,,-9,17.8,28.3,23.2,108
2012-09-11,,,-9.0,,-9,,-9,,-9,18.1,27.5,22.8,108
2012-09-12,0.5,1.5,0.58,0.5,1540,0.5,1547,,-9,19.6,24.8,21.6,108
2012-09-13,13.5,14.5,15.37,4.0,948,1.0,950,,-9,18.6,21.1,20.0,108
2012-09-14,2.0,,5.92,1.5,211,0.5,50,,-9,17.3,21.8,19.4,108
2012-09-15,,,-9.0,,-9,,-9,,-9,17.0,25.5,21.0,108
2012-09-16,2.5,17.0,4.58,1.0,2010,0.5,2015,,-9,17.5,22.1,19.9,108
2012-09-17,85.5,71.0,18.92,15.5,1451,4.0,1541,,-9,16.0,18.4,17.3,108
2012-09-18,,,-9.0,,-9,,-9,,-9,17.7,24.6,20.9,108
2012-09-19,,,-9.0,,-9,,-9,,-9,17.7,25.2,20.6,108
2012-09-20,0.0,0.0,0.25,0.0,-9,0.0,-9,,-9,15.6,24.7,20.1,108
2012-09-21,,,-9.0,,-9,,-9,,-9,17.2,24.3,20.1,108
2012-09-22,,,-9.0,,-9,,-9,,-9,15.2,26.4,20.7,108
2012-09-23,,,-9.0,,-9,,-9,,-9,16.4,26.6,21.2,108
2012-09-24,,,-9.0,,-9,,-9,,-9,16.1,27.5,21.5,108
2012-09-25,,,-9.0,,-9,,-9,,-9,16.9,27.8,21.8,108
2012-09-26,,,-9.0,,-9,,-9,,-9,17.5,25.4,21.3,108
2012-09-27,,,-9.0,,-9,,-9,,-9,17.7,23.6,20.3,108
2012-09-28,13.5,14.0,3.92,8.0,1312,4.0,1321,,-9,15.4,22.0,18.0,108
2012-09-29,0.5,,0.5,0.5,555,0.5,557,,-9,14.0,19.8,16.4,108
2012-09-30,,,-9.0,,-9,,-9,,-9,12.0,21.0,16.2,108
2012-10-01,,,-9.0,,-9,,-9,,-9,12.5,24.6,18.1,108
2012-10-02,,,-9.0,,-9,,-9,,-9,14.3,24.9,19.3,108
2012-10-03,,,-9.0,,-9,,-9,,-9,15.0,26.0,19.9,108
2012-10-04,,,-9.0,,-9,,-9,,-9,14.4,24.2,19.0,108
2012-10-05,,,-9.0,,-9,,-9,,-9,14.9,22.8,19.0,108
2012-10-06,,,-9.0,,-9,,-9,,-9,16.1,24.5,19.6,108
2012-10-07,,,-9.0,,-9,,-9,,-9,15.1,24.4,19.2,108
2012-10-08,,,-9.0,,-9,,-9,,-9,14.6,23.4,18.4,108
2012-10-09,,0.5,-9.0,,-9,,-9,,-9,13.8,22.4,17.6,108
2012-10-10,13.0,12.5,2.18,12.5,1244,11.5,1244,,-9,12.6,20.3,15.7,108
2012-10-11,,,-9.0,,-9,,-9,,-9,9.9,19.0,13.9,108
2012-10-12,,,-9.0,,-9,,-9,,-9,8.5,21.4,14.9,108
2012-10-13,,,-9.0,,-9,,-9,,-9,11.3,23.1,16.4,108
2012-10-14,,,-9.0,,-9,,-9,,-9,12.0,21.8,16.3,108
2012-10-15,,,-9.0,,-9,,-9,,-9,10.3,21.8,14.8,108
2012-10-16,,2.5,-9.0,,-9,,-9,,-9,10.8,23.4,17.1,108
2012-10-17,2.5,0.0,7.0,1.5,727,0.5,603,,-9,8.1,17.6,12.6,108
2012-10-18,,,-9.0,,-9,,-9,,-9,6.0,17.0,11.6,108
2012-10-19,,,-9.0,,-9,,-9,,-9,10.3,20.1,14.8,108
2012-10-20,,,-9.0,,-9,,-9,,-9,10.5,21.0,15.8,108
2012-10-21,,15.0,-9.0,,-9,,-9,,-9,15.4,23.7,18.3,108
2012-10-22,39.5,24.5,10.83,17.0,1005,10.0,1032,,-9,8.5,17.1,13.4,108
2012-10-23,0.0,0.0,0.67,0.0,-9,0.0,-9,,-9,4.5,14.5,10.0,108
2012-10-24,,,-9.0,,-9,,-9,,-9,9.5,18.4,13.2,108
2012-10-25,,,-9.0,,-9,,-9,,-9,12.6,20.0,15.2,108
2012-10-26,,8.5,-9.0,,-9,,-9,,-9,11.1,22.3,15.9,108
2012-10-27,44.0,35.5,17.5,7.5,857,4.5,1825,,-9,12.5,16.4,14.3,108
2012-10-28,0.0,,0.42,0.0,-9,0.0,-9,,-9,10.8,18.8,14.3,108
2012-10-29,0.0,0.1,0.5,0.0,-9,0.0,-9,,-9,8.0,16.7,11.7,108
2012-10-30,0.1,,0.75,0.1,-9,0.1,-9,,-9,5.8,12.4,8.6,108
2012-10-31,0.2,0.2,1.03,0.2,-9,0.1,-9,,-9,2.8,11.6,6.9,108
2012-11-01,,,-9.0,,-9,,-9,,-9,2.7,10.0,5.6,108
2012-11-02,,,-9.0,,-9,,-9,,-9,1.6,12.4,7.2,108
2012-11-03,,,-9.0,,-9,,-9,,-9,3.2,15.7,9.4,108
2012-11-04,4.0,4.5,9.92,,-9,,-9,,-9,9.1,15.3,11.8,108
2012-11-05,8.0,11.5,6.8,,-9,,-9,,-9,7.2,10.7,8.5,108
2012-11-06,5.0,1.0,9.42,,-9,,-9,,-9,5.1,8.6,7.1,108
2012-11-07,,,-9.0,,-9,,-9,,-9,4.1,12.5,8.4,108
2012-11-08,,,-9.0,,-9,,-9,,-9,6.0,12.6,8.8,108
2012-11-09,,,-9.0,,-9,,-9,,-9,4.4,15.0,9.4,108
2012-11-10,,17.5,-9.0,,-9,,-9,,-9,9.2,14.7,12.0,108
2012-11-11,28.0,12.5,14.67,,-9,,-9,,-9,3.6,12.0,8.7,108
2012-11-12,3.0,1.0,12.25,,-9,,-9,,-9,5.8,9.1,7.3,108
2012-11-13,0.0,0.0,0.5,,-9,,-9,,-9,1.7,9.1,5.3,108
2012-11-14,0.0,,0.58,,-9,,-9,,-9,-0.6,6.7,2.4,108
2012-11-15,,,-9.0,,-9,,-9,,-9,-0.3,9.8,4.2,108
2012-11-16,9.5,11.0,7.92,,-9,,-9,,-9,1.0,8.2,4.9,108
2012-11-17,1.5,,1.83,,-9,,-9,,-9,1.5,8.0,5.3,108
2012-11-18,,5.0,-9.0,,-9,,-9,,-9,-0.5,8.4,3.5,108
2012-11-19,5.5,0.5,4.17,,-9,,-9,,-9,-0.5,7.6,3.4,108
2012-11-20,,,-9.0,,-9,,-9,,-9,-1.8,6.4,1.9,108
2012-11-21,,,-9.0,,-9,,-9,,-9,-0.4,8.4,4.1,108
2012-11-22,0.3,0.3,0.5,,-9,,-9,,-9,1.9,10.5,6.7,108
2012-11-23,,,-9.0,,-9,,-9,,-9,0.3,6.9,3.3,108
2012-11-24,,,-9.0,,-9,,-9,,-9,-1.8,6.7,1.7,108
2012-11-25,0.5,1.5,3.5,,-9,,-9,,-9,-0.7,7.5,3.4,108
2012-11-26,1.0,,7.08,,-9,,-9,,-9,-1.2,5.1,2.3,108
2012-11-27,,0.0,-9.0,,-9,,-9,,-9,-2.8,6.5,2.1,108
2012-11-28,1.0,1.0,3.58,,-9,,-9,,-9,-0.1,10.2,5.0,108
2012-11-29,,,-9.0,,-9,,-9,,-9,-1.9,4.7,0.8,108
2012-11-30,0.5,0.5,1.0,,-9,,-9,,-9,-3.0,6.2,1.7,108
2012-12-01,,,-9.0,,-9,,-9,,-9,-5.9,4.0,-0.9,108
2012-12-02,,,-9.0,,-9,,-9,,-9,1.0,7.1,2.9,108
2012-12-03,5.4,5.4,5.62,,-9,,-9,,-9,-1.6,5.0,1.7,108
2012-12-04,,,-9.0,,-9,,-9,,-9,-5.9,-0.1,-3.3,108
2012-12-05,5.8,5.8,5.47,,-9,,-9,,-9,-6.2,-0.8,-3.8,108
2012-12-06,0.1,0.2,1.67,,-9,,-9,,-9,-10.3,-2.9,-6.3,108
2012-12-07,1.9,1.8,11.33,,-9,,-9,,-9,-6.4,-2.4,-4.5,108
2012-12-08,,,-9.0,,-9,,-9,,-9,-11.0,-5.3,-8.2,108
2012-12-09,,,-9.0,,-9,,-9,,-9,-13.2,-7.0,-10.5,108
2012-12-10,,,-9.0,,-9,,-9,,-9,-11.8,-4.6,-8.3,108
2012-12-11,,,-9.0,,-9,,-9,,-9,-10.4,-0.8,-6.5,108
2012-12-12,,,-9.0,,-9,,-9,,-9,,0.0,-5.0,108
2012-12-13,,0.5,-9.0,,-9,,-9,,-9,-6.2,3.4,-1.5,108
2012-12-14,18.5,18.5,17.58,,-9,,-9,,-9,0.3,4.7,2.7,108
2012-12-15,0.5,,2.83,,-9,,-9,,-9,1.9,8.3,4.6,108
2012-12-16,,,-9.0,,-9,,-9,,-9,-1.2,4.3,1.6,108
2012-12-17,,,-9.0,,-9,,-9,,-9,-4.7,3.2,-0.4,108
2012-12-18,,,-9.0,,-9,,-9,,-9,-9.2,-4.0,-6.8,108
2012-12-19,,,-9.0,,-9,,-9,,-9,-10.4,-2.8,-6.9,108
2012-12-20,,,-9.0,,-9,,-9,,-9,-7.8,0.3,-3.4,108
2012-12-21,1.8,1.8,4.75,,-9,,-9,,-9,-1.9,0.8,-0.7,108
2012-12-22,,0.0,-9.0,,-9,,-9,,-9,-5.9,-0.8,-3.0,108
2012-12-23,0.0,,0.75,,-9,,-9,,-9,-12.5,-5.9,-8.9,108
2012-12-24,0.0,1.0,1.03,,-9,,-9,,-9,-13.6,-4.5,-8.8,108
2012-12-25,1.0,,2.92,,-9,,-9,,-9,-13.7,-4.6,-8.9,108
2012-12-26,,,-9.0,,-9,,-9,,-9,-14.5,-7.0,-10.8,108
2012-12-27,,0.0,-9.0,,-9,,-9,,-9,-11.3,-0.8,-5.7,108
2012-12-28,0.0,0.0,1.67,,-9,,-9,,-9,-3.5,1.5,-0.9,108
2012-12-29,4.1,6.4,12.75,,-9,,-9,,-9,-1.9,0.6,-0.3,108
2012-12-30,2.3,,2.83,,-9,,-9,,-9,-10.7,0.0,-8.2,108
2012-12-31,,1.4,-9.0,,-9,,-9,,-9,-11.6,-5.0,-8.7,108
2013-01-01,3.1,1.7,8.93,,-9,,-9,,-9,-8.7,0.0,-4.7,108
2013-01-02,,,-9.0,,-9,,-9,,-9,-15.1,-4.8,-11.7,108
2013-01-03,,,-9.0,,-9,,-9,,-9,-16.4,-9.3,-13.2,108
2013-01-04,,,-9.0,,-9,,-9,,-9,-14.8,-5.8,-10.7,108
2013-01-05,,,-9.0,,-9,,-9,,-9,-12.1,-1.2,-7.0,108
2013-01-06,,,-9.0,,-9,,-9,,-9,-9.4,-2.0,-6.3,108
2013-01-07,,,-9.0,,-9,,-9,,-9,-8.8,0.1,-5.1,108
2013-01-08,,,-9.0,,-9,,-9,,-9,-6.8,-0.7,-4.6,108
2013-01-09,,,-9.0,,-9,,-9,,-9,-10.7,-6.4,,108
2013-01-10,,0.0,-9.0,,-9,,-9,,-9,-12.3,-3.6,-8.3,108
2013-01-11,0.0,0.1,0.5,,-9,,-9,,-9,-7.9,1.4,-3.2,108
2013-01-12,0.1,,3.67,,-9,,-9,,-9,-2.7,4.2,0.0,108
2013-01-13,,,-9.0,,-9,,-9,,-9,-3.0,3.3,-0.5,108
2013-01-14,,,-9.0,,-9,,-9,,-9,-4.3,1.8,-2.1,108
2013-01-15,,0.0,-9.0,,-9,,-9,,-9,-5.5,2.0,-2.1,108
2013-01-16,0.3,0.3,6.33,,-9,,-9,,-9,-5.8,0.4,-2.6,108
2013-01-17,,,-9.0,,-9,,-9,,-9,-8.2,-2.5,-5.8,108
2013-01-18,,,-9.0,,-9,,-9,,-9,-9.2,0.2,-4.4,108
2013-01-19,,,-9.0,,-9,,-9,,-9,-2.5,4.6,0.5,108
2013-01-20,,3.0,-9.0,,-9,,-9,,-9,-2.0,4.1,1.6,108
2013-01-21,16.5,14.0,20.25,,-9,,-9,,-9,1.1,4.0,2.2,108
2013-01-22,0.5,0.5,2.75,,-9,,-9,,-9,2.0,6.0,3.8,108
2013-01-23,1.5,1.0,12.67,,-9,,-9,,-9,1.0,3.8,1.8,108
2013-01-24,0.1,0.1,2.17,,-9,,-9,,-9,-6.7,2.4,-0.9,108
2013-01-25,,,-9.0,,-9,,-9,,-9,-10.8,-6.5,-9.1,108
2013-01-26,,,-9.0,,-9,,-9,,-9,-11.9,-5.1,-9.2,108
2013-01-27,,,-9.0,,-9,,-9,,-9,-10.7,-3.9,-7.3,108
2013-01-28,,,-9.0,,-9,,-9,,-9,-8.9,0.2,-3.5,108
2013-01-29,0.0,0.0,0.33,,-9,,-9,,-9,-0.3,3.7,2.2,108
2013-01-30,,,-9.0,,-9,,-9,,-9,3.5,8.5,5.4,108
2013-01-31,0.0,18.5,0.25,,-9,,-9,,-9,3.7,11.5,7.4,108
2013-02-01,46.5,28.0,15.67,,-9,,-9,,-9,3.7,9.3,7.3,108
2013-02-02,,,-9.0,,-9,,-9,,-9,-4.5,3.7,-1.1,108
2013-02-03,7.5,14.9,9.03,,-9,,-9,,-9,-5.8,-1.1,-3.2,108
2013-02-04,7.4,,5.92,,-9,,-9,,-9,-3.3,2.5,-0.8,108
2013-02-05,4.5,6.6,8.92,,-9,,-9,,-9,-4.0,2.7,-0.6,108
2013-02-06,2.1,0.0,4.33,,-9,,-9,,-9,-3.1,0.2,-1.5,108
2013-02-07,0.0,,1.5,,-9,,-9,,-9,-13.8,-2.6,-11.1,108
2013-02-08,,,-9.0,,-9,,-9,,-9,-15.8,-6.1,-11.5,108
2013-02-09,,1.2,-9.0,,-9,,-9,,-9,-12.3,-2.6,-7.2,108
2013-02-10,1.2,,3.0,,-9,,-9,,-9,-8.4,-0.5,-4.0,108
2013-02-11,,,-9.0,,-9,,-9,,-9,-10.4,-0.9,-5.8,108
2013-02-12,0.0,0.0,0.25,,-9,,-9,,-9,-4.8,-1.9,-3.8,108
2013-02-13,,,-9.0,,-9,,-9,,-9,-6.3,2.9,-1.3,108
2013-02-14,,,-9.0,,-9,,-9,,-9,-2.6,5.2,1.1,108
2013-02-15,,,-9.0,,-9,,-9,,-9,-5.2,1.5,-1.2,108
2013-02-16,,0.0,-9.0,,-9,,-9,,-9,-7.0,2.6,-2.6,108
2013-02-17,0.0,,0.42,,-9,,-9,,-9,-2.1,5.8,2.3,108
2013-02-18,,,-9.0,,-9,,-9,,-9,-2.5,3.1,0.5,108
2013-02-19,,,-9.0,,-9,,-9,,-9,-7.1,0.6,-2.9,108
2013-02-20,,0.0,-9.0,,-9,,-9,,-9,-8.7,0.0,-4.8,108
2013-02-21,0.0,3.9,0.08,,-9,,-9,,-9,-5.3,2.5,-1.7,108
2013-02-22,3.9,,5.47,,-9,,-9,,-9,-3.1,4.3,0.5,108
2013-02-23,,,-9.0,,-9,,-9,,-9,-4.4,2.4,-0.9,108
2013-02-24,,,-9.0,,-9,,-9,,-9,-2.4,5.3,1.4,108
2013-02-25,,,-9.0,,-9,,-9,,-9,-0.7,8.6,3.3,108
2013-02-26,0.0,0.0,0.5,,-9,,-9,,-9,2.5,7.5,4.8,108
2013-02-27,,,-9.0,,-9,,-9,,-9,0.8,8.8,3.4,108
2013-02-28,1.0,4.0,1.5,,-9,,-9,,-9,-1.1,13.9,6.7,108
2013-03-01,3.0,,4.25,,-9,,-9,,-9,-2.4,7.7,0.8,108
2013-03-02,,,-9.0,,-9,,-9,,-9,-4.4,3.1,-0.8,108
2013-03-03,,,-9.0,,-9,,-9,,-9,-3.5,4.8,0.4,108
2013-03-04,,,-9.0,,-9,,-9,,-9,-0.7,8.9,3.1,108
2013-03-05,,,-9.0,,-9,,-9,,-9,-0.7,9.1,3.7,108
2013-03-06,,0.5,-9.0,,-9,,-9,,-9,0.9,14.3,7.9,108
2013-03-07,0.5,,2.38,,-9,,-9,,-9,4.3,11.7,8.0,108
2013-03-08,,,-9.0,,-9,,-9,,-9,3.8,14.1,8.5,108
2013-03-09,,,-9.0,,-9,,-9,,-9,6.2,23.8,13.2,108
2013-03-10,,,-9.0,,-9,,-9,,-9,-1.5,7.9,1.2,108
2013-03-11,,,-9.0,,-9,,-9,,-9,-2.6,12.1,4.2,108
2013-03-12,3.5,15.0,3.92,,-9,,-9,,-9,1.6,11.7,7.5,108
2013-03-13,11.5,,6.0,,-9,,-9,,-9,1.8,8.4,5.2,108
2013-03-14,,,-9.0,,-9,,-9,,-9,0.9,9.8,4.1,108
2013-03-15,,,-9.0,,-9,,-9,,-9,0.0,10.5,4.6,108
2013-03-16,,,-9.0,,-9,,-9,,-9,1.6,12.7,6.3,108
2013-03-17,7.5,8.0,4.25,,-9,,-9,,-9,3.4,15.9,8.2,108
2013-03-18,1.0,0.5,2.5,,-9,,-9,,-9,5.3,14.2,8.3,108
2013-03-19,,0.0,-9.0,,-9,,-9,,-9,5.2,11.4,8.0,108
2013-03-20,0.1,0.1,2.5,,-9,,-9,,-9,-2.5,8.5,2.8,108
2013-03-21,,,-9.0,,-9,,-9,,-9,-4.0,7.2,1.5,108
2013-03-22,,,-9.0,,-9,,-9,,-9,0.9,6.9,3.4,108
2013-03-23,,,-9.0,,-9,,-9,,-9,-1.2,12.1,5.4,108
2013-03-24,,,-9.0,,-9,,-9,,-9,1.8,10.2,5.1,108
2013-03-25,,,-9.0,,-9,,-9,,-9,-0.7,7.8,2.8,108
2013-03-26,,,-9.0,,-9,,-9,,-9,-0.9,10.4,4.4,108
2013-03-27,,,-9.0,,-9,,-9,,-9,1.4,14.9,7.5,108
2013-03-28,,,-9.0,,-9,,-9,,-9,4.4,12.0,7.3,108
2013-03-29,,,-9.0,,-9,,-9,,-9,0.6,10.4,5.4,108
2013-03-30,0.2,0.2,4.25,,-9,,-9,,-9,2.3,10.2,4.9,108
2013-03-31,,,-9.0,,-9,,-9,,-9,1.0,13.2,6.3,108
2013-04-01,0.5,7.0,0.75,0.4,-9,0.3,2212,,-9,3.3,13.4,9.2,108
2013-04-02,8.5,2.0,15.0,2.0,111,1.0,124,,-9,5.8,9.5,7.2,108
2013-04-03,,,-9.0,,-9,,-9,,-9,3.9,14.1,7.9,108
2013-04-04,,,-9.0,,-9,,-9,,-9,5.6,19.8,12.6,108
2013-04-05,,4.0,-9.0,,-9,,-9,,-9,10.1,19.9,14.6,108
2013-04-06,14.0,11.0,20.83,1.5,609,0.5,444,,-9,2.5,13.0,7.5,108
2013-04-07,1.0,,5.0,0.5,11,0.5,348,,-9,2.0,9.6,5.1,108
2013-04-08,1.0,1.0,2.92,1.0,2055,0.5,2132,,-9,2.5,13.8,8.0,108
2013-04-09,0.5,0.5,1.2,0.5,-9,0.5,1453,,-9,3.2,10.7,6.2,108
2013-04-10,1.5,1.5,3.25,1.0,1431,0.5,1511,,-9,1.3,8.1,5.0,108
2013-04-11,0.5,0.5,2.17,0.5,1350,0.5,1440,,-9,3.7,9.6,5.5,108
2013-04-12,,,-9.0,,-9,,-9,,-9,2.2,11.9,6.9,108
2013-04-13,,3.5,-9.0,,-9,,-9,,-9,3.4,17.5,11.4,108
2013-04-14,3.5,,2.17,3.0,449,1.0,520,,-9,4.2,12.2,8.3,108
2013-04-15,,,-9.0,,-9,,-9,,-9,2.6,12.5,7.5,108
2013-04-16,,,-9.0,,-9,,-9,,-9,8.6,19.1,13.2,108
2013-04-17,,,-9.0,,-9,,-9,,-9,10.3,20.6,14.8,108
2013-04-18,,,-9.0,,-9,,-9,,-9,9.0,16.3,12.3,108
2013-04-19,,6.0,-9.0,,-9,,-9,,-9,5.1,15.0,9.8,108
2013-04-20,9.5,3.5,12.58,2.5,636,0.5,551,,-9,4.0,10.1,6.6,108
2013-04-21,,,-9.0,,-9,,-9,,-9,4.2,15.3,9.0,108
2013-04-22,,0.0,-9.0,,-9,,-9,,-9,5.6,17.2,11.4,108
2013-04-23,5.5,5.6,12.92,1.5,1835,0.5,1348,,-9,9.7,14.8,11.2,108
2013-04-24,0.1,0.5,1.83,0.1,-9,0.1,-9,,-9,8.3,18.0,12.3,108
2013-04-25,4.5,4.0,5.08,2.5,933,1.0,1010,,-9,7.9,13.8,9.3,108
2013-04-26,0.1,0.1,0.28,0.1,-9,0.1,-9,,-9,6.9,16.3,11.7,108
2013-04-27,,,-9.0,,-9,,-9,,-9,8.2,18.5,12.8,108
2013-04-28,,21.0,-9.0,,-9,,-9,,-9,10.3,21.6,16.0,108
2013-04-29,21.0,0.0,6.42,11.5,506,4.0,554,,-9,9.0,17.7,13.5,108
2013-04-30,,,-9.0,,-9,,-9,,-9,7.7,19.5,13.4,108
2013-05-01,1.0,1.0,0.83,1.0,1650,1.0,1718,,-9,8.7,18.6,13.2,108
2013-05-02,1.0,1.0,1.92,1.0,1355,0.5,1355,,-9,9.0,17.1,12.4,108
2013-05-03,0.0,0.0,0.25,0.0,-9,0.0,-9,,-9,9.0,18.2,12.6,108
2013-05-04,,,-9.0,,-9,,-9,,-9,9.3,19.6,13.9,108
2013-05-05,,,-9.0,,-9,,-9,,-9,9.2,20.6,14.3,108
2013-05-06,,,-9.0,,-9,,-9,,-9,7.9,21.3,14.6,108
2013-05-07,,,-9.0,,-9,,-9,,-9,11.9,26.7,18.7,108
2013-05-08,,,-9.0,,-9,,-9,,-9,12.7,26.2,19.4,108
2013-05-09,2.5,24.0,8.0,1.0,2146,0.5,2206,,-9,14.7,23.0,18.1,108
2013-05-10,22.0,0.5,10.42,4.5,321,1.5,400,,-9,10.4,16.1,14.0,108
2013-05-11,,1.0,-9.0,,-9,,-9,,-9,11.0,24.8,17.9,108
2013-05-12,1.0,,1.05,1.0,157,0.5,200,,-9,16.4,22.5,19.1,108
2013-05-13,,,-9.0,,-9,,-9,,-9,17.7,26.8,21.6,108
2013-05-14,,,-9.0,,-9,,-9,,-9,17.0,25.3,20.2,108
2013-05-15,,,-9.0,,-9,,-9,,-9,15.6,24.4,19.4,108
2013-05-16,,,-9.0,,-9,,-9,,-9,15.3,28.3,22.0,108
2013-05-17,,,-9.0,,-9,,-9,,-9,15.7,26.6,20.2,108
2013-05-18,14.5,34.0,6.92,5.5,2326,1.0,2045,,-9,13.7,22.3,17.7,108
2013-05-19,19.5,0.0,9.83,5.0,1,1.5,334,,-9,13.6,21.5,16.6,108
2013-05-20,,,-9.0,,-9,,-9,,-9,12.1,18.5,14.4,108
2013-05-21,,,-9.0,,-9,,-9,,-9,10.2,24.6,17.7,108
2013-05-22,,,-9.0,,-9,,-9,,-9,13.9,25.9,19.7,108
2013-05-23,,,-9.0,,-9,,-9,,-9,15.4,30.2,22.1,108
2013-05-24,,,-9.0,,-9,,-9,,-9,15.7,27.5,21.3,108
2013-05-25,,,-9.0,,-9,,-9,,-9,18.2,31.8,24.7,108
2013-05-26,,0.4,-9.0,,-9,,-9,,-9,20.8,28.4,23.9,108
2013-05-27,56.5,62.1,19.08,11.0,1613,2.5,1642,,-9,17.7,22.6,19.7,108
2013-05-28,11.5,6.0,11.42,5.0,1128,2.5,1207,,-9,17.6,20.9,18.9,108
2013-05-29,2.5,2.0,6.33,2.0,1457,0.5,1453,,-9,14.9,18.1,16.1,108
2013-05-30,,,-9.0,,-9,,-9,,-9,14.3,25.0,19.2,108
2013-05-31,,,-9.0,,-9,,-9,,-9,13.9,27.8,21.3,108
2013-06-01,,,-9.0,,-9,,-9,,-9,17.4,27.9,21.7,108
2013-06-02,,,-9.0,,-9,,-9,,-9,16.3,30.8,23.5,108
2013-06-03,,0.2,-9.0,,-9,,-9,,-9,18.4,26.7,21.3,108
2013-06-04,0.2,,0.75,0.2,-9,0.2,-9,,-9,17.5,28.4,22.8,108
2013-06-05,,,-9.0,,-9,,-9,,-9,19.1,30.4,24.8,108
2013-06-06,,,-9.0,,-9,,-9,,-9,21.7,30.0,25.0,108
2013-06-07,,,-9.0,,-9,,-9,,-9,20.7,31.1,25.7,108
2013-06-08,,,-9.0,,-9,,-9,,-9,21.0,31.2,26.4,108
2013-06-09,,,-9.0,,-9,,-9,,-9,22.3,32.4,27.4,108
2013-06-10,,,-9.0,,-9,,-9,,-9,21.6,32.2,27.5,108
2013-06-11,7.0,13.0,7.5,3.5,1838,1.0,1839,,-9,20.5,26.7,23.7,108
2013-06-12,6.5,0.5,12.5,2.5,504,0.5,46,,-9,19.6,22.5,20.5,108
2013-06-13,,,-9.0,,-9,,-9,,-9,18.8,27.5,23.0,108
2013-06-14,,,-9.0,,-9,,-9,,-9,20.9,29.7,24.6,108
2013-06-15,,,-9.0,,-9,,-9,,-9,21.3,29.1,24.6,108
2013-06-16,,0.0,-9.0,,-9,,-9,,-9,19.8,27.5,22.5,108
2013-06-17,0.5,3.5,3.58,0.3,2040,0.2,-9,,-9,19.9,25.8,22.3,108
2013-06-18,12.0,9.1,19.92,2.5,1920,1.0,252,,-9,20.5,23.1,21.7,108
2013-06-19,0.1,,0.83,0.1,-9,0.1,-9,,-9,20.6,29.6,24.3,108
2013-06-20,,,-9.0,,-9,,-9,,-9,20.9,31.1,25.8,108
2013-06-21,,,-9.0,,-9,,-9,,-9,22.9,31.8,26.6,108
2013-06-22,,0.3,-9.0,,-9,,-9,,-9,22.7,29.6,25.1,108
2013-06-23,0.3,,3.67,0.2,-9,0.1,-9,,-9,20.6,26.2,22.9,108
2013-06-24,,,-9.0,,-9,,-9,,-9,19.6,29.4,23.5,108
2013-06-25,,0.0,-9.0,,-9,,-9,,-9,21.0,29.8,25.1,108
2013-06-26,0.0,,1.5,0.0,-9,0.0,-9,,-9,21.1,29.7,24.5,108
2013-06-27,,1.5,-9.0,,-9,,-9,,-9,20.4,31.8,25.1,108
2013-06-28,1.5,,3.17,1.0,530,1.0,556,,-9,21.5,30.6,25.5,108
2013-06-29,,,-9.0,,-9,,-9,,-9,21.8,32.6,27.2,108
2013-06-30,0.2,0.2,0.42,0.2,-9,0.2,-9,,-9,23.4,31.9,27.7,108
2013-07-01,,37.0,-9.0,,-9,,-9,,-9,23.9,31.3,27.1,108
2013-07-02,51.5,14.5,13.75,22.5,747,7.5,750,,-9,21.5,27.9,24.3,108
2013-07-03,,,-9.0,,-9,,-9,,-9,20.5,30.7,25.2,108
2013-07-04,32.5,33.5,8.75,25.0,1828,10.0,1858,,-9,23.1,27.6,24.9,108
2013-07-05,1.0,,4.17,0.5,134,0.5,41,,-9,22.1,30.2,25.6,108
2013-07-06,,,-9.0,,-9,,-9,,-9,21.6,30.6,25.2,108
2013-07-07,3.0,18.5,5.17,1.5,1245,1.0,1305,,-9,22.4,29.5,24.9,108
2013-07-08,68.0,59.0,18.67,18.0,1020,9.5,1050,,-9,22.3,26.3,24.3,108
2013-07-09,6.5,0.5,7.33,2.5,48,1.0,422,,-9,23.5,26.2,24.5,108
2013-07-10,1.0,0.6,2.5,0.5,115,0.5,153,,-9,24.6,26.1,25.3,108
2013-07-11,14.0,15.9,8.17,5.5,902,2.5,1346,,-9,23.8,25.1,24.6,108
2013-07-12,74.0,217.5,20.0,30.5,1931,8.5,1940,,-9,23.2,24.3,23.6,108
2013-07-13,165.0,23.5,13.67,39.5,55,9.5,246,,-9,22.2,25.6,24.2,108
2013-07-14,23.0,21.5,13.83,8.5,1604,5.5,1649,,-9,23.1,25.4,24.1,108
2013-07-15,3.5,1.0,7.58,2.0,804,1.5,850,,-9,23.6,29.1,26.5,108
2013-07-16,1.5,18.5,3.83,1.3,2208,0.5,2220,,-9,25.2,28.8,26.9,108
2013-07-17,18.5,8.0,10.53,11.5,12,6.5,20,,-9,23.5,25.7,24.2,108
2013-07-18,26.5,20.0,12.92,14.0,1227,8.5,1317,,-9,23.8,27.7,25.1,108
2013-07-19,,,-9.0,,-9,,-9,,-9,23.3,30.5,26.8,108
2013-07-20,1.0,1.5,2.87,0.5,1530,0.4,1610,,-9,25.3,30.3,27.0,108
2013-07-21,0.5,65.0,2.1,0.4,557,0.4,605,,-9,25.6,28.4,26.8,108
2013-07-22,84.5,24.5,5.92,42.0,822,14.5,828,,-9,24.1,29.4,26.4,108
2013-07-23,56.5,63.0,9.25,35.0,1215,11.0,1245,,-9,24.7,26.4,25.7,108
2013-07-24,11.5,0.0,5.33,8.0,442,4.0,516,,-9,23.2,27.6,24.7,108
2013-07-25,0.0,,0.83,0.0,-9,0.0,-9,,-9,22.9,30.2,26.0,108
2013-07-26,,,-9.0,,-9,,-9,,-9,23.1,31.1,26.5,108
2013-07-27,0.2,5.2,1.67,0.2,2001,0.1,1957,,-9,23.1,31.2,26.2,108
2013-07-28,11.0,9.5,8.0,6.0,816,2.5,911,,-9,23.9,26.7,25.3,108
2013-07-29,3.5,,2.83,3.5,237,2.5,235,,-9,24.4,29.6,26.5,108
2013-07-30,9.5,18.0,5.17,5.5,2050,4.0,2115,,-9,24.0,29.9,26.3,108
2013-07-31,8.5,,1.0,8.5,140,7.0,204,,-9,24.7,29.0,26.4,108
2013-08-01,,5.0,-9.0,,-9,,-9,,-9,24.5,32.1,28.0,108
2013-08-02,7.5,2.6,3.47,5.0,540,5.0,544,,-9,25.2,29.3,27.4,108
2013-08-03,0.1,3.5,0.33,0.1,-9,0.1,-9,,-9,26.7,32.6,28.9,108
2013-08-04,4.5,1.0,2.0,3.5,631,3.0,721,,-9,26.4,31.3,28.3,108
2013-08-05,7.0,7.0,3.0,3.0,1608,3.0,1658,,-9,26.4,30.1,27.7,108
2013-08-06,45.0,45.0,3.4,43.5,1240,15.0,1311,,-9,23.0,27.6,26.4,108
2013-08-07,,,-9.0,,-9,,-9,,-9,25.0,32.1,28.7,108
2013-08-08,,0.0,-9.0,,-9,,-9,,-9,27.3,32.8,29.3,108
2013-08-09,0.0,0.1,0.75,0.0,-9,0.0,-9,,-9,27.9,30.8,29.2,108
2013-08-10,2.0,1.9,2.45,1.5,1145,1.0,1242,,-9,25.8,29.4,28.0,108
2013-08-11,,,-9.0,,-9,,-9,,-9,24.2,33.2,28.7,108
2013-08-12,,,-9.0,,-9,,-9,,-9,27.1,32.6,29.3,108
2013-08-13,,,-9.0,,-9,,-9,,-9,26.6,32.9,29.0,108
2013-08-14,,,-9.0,,-9,,-9,,-9,26.2,32.0,28.6,108
2013-08-15,0.0,4.5,0.08,0.0,-9,0.0,-9,,-9,25.8,32.4,28.7,108
2013-08-16,4.5,0.0,0.92,4.5,450,4.5,513,,-9,26.1,31.7,28.7,108
2013-08-17,,,-9.0,,-9,,-9,,-9,27.1,31.6,28.7,108
2013-08-18,13.0,19.0,1.78,17.3,2316,8.5,2340,,-9,26.0,31.5,28.3,108
2013-08-19,6.0,,2.83,4.5,0,4.0,0,,-9,25.7,32.3,28.2,108
2013-08-20,,,-9.0,,-9,,-9,,-9,23.0,32.3,27.4,108
2013-08-21,,0.0,-9.0,,-9,,-9,,-9,24.2,33.9,28.8,108
2013-08-22,0.0,35.0,0.33,0.0,-9,0.0,-9,,-9,26.3,32.3,29.3,108
2013-08-23,35.0,0.0,4.85,20.5,415,5.5,419,,-9,23.7,28.7,25.7,108
2013-08-24,,,-9.0,,-9,,-9,,-9,21.9,31.5,26.6,108
2013-08-25,,,-9.0,,-9,,-9,,-9,22.0,32.1,27.1,108
2013-08-26,,,-9.0,,-9,,-9,,-9,22.8,31.6,27.0,108
2013-08-27,,,-9.0,,-9,,-9,,-9,22.5,29.3,25.6,108
2013-08-28,,4.5,-9.0,,-9,,-9,,-9,22.7,30.8,26.4,108
2013-08-29,21.5,17.0,9.5,13.5,1205,5.0,1213,,-9,24.5,26.7,25.5,108
2013-08-30,,,-9.0,,-9,,-9,,-9,22.3,28.3,25.1,108
2013-08-31,2.5,2.5,1.0,2.5,1850,1.5,1926,,-9,21.1,27.9,24.0,108
2013-09-01,,,-9.0,,-9,,-9,,-9,19.8,28.2,23.5,108
2013-09-02,,,-9.0,,-9,,-9,,-9,17.3,26.9,22.4,108
2013-09-03,,,-9.0,,-9,,-9,,-9,16.4,26.8,21.7,108
2013-09-04,,,-9.0,,-9,,-9,,-9,16.4,27.5,22.0,108
2013-09-05,0.0,0.0,0.52,0.0,-9,0.0,-9,,-9,17.9,24.1,21.2,108
2013-09-06,0.0,0.0,0.7,0.0,-9,0.0,-9,,-9,19.0,23.1,20.8,108
2013-09-07,,,-9.0,,-9,,-9,,-9,17.9,26.9,21.9,108
2013-09-08,,,-9.0,,-9,,-9,,-9,18.4,27.9,22.9,108
2013-09-09,,,-9.0,,-9,,-9,,-9,19.8,26.5,23.0,108
2013-09-10,11.5,41.0,8.42,6.5,1648,4.5,1735,,-9,19.1,25.2,22.0,108
2013-09-11,36.5,7.0,13.87,9.0,509,2.5,546,,-9,19.1,20.9,20.1,108
2013-09-12,0.5,28.0,3.75,0.5,1953,0.5,2001,,-9,20.3,26.3,23.0,108
2013-09-13,50.0,32.0,12.37,13.0,1037,3.0,1101,,-9,20.9,25.2,22.9,108
2013-09-14,11.5,2.0,4.72,7.0,502,2.0,509,,-9,21.5,25.3,23.1,108
2013-09-15,,,-9.0,,-9,,-9,,-9,20.3,28.2,23.4,108
2013-09-16,,,-9.0,,-9,,-9,,-9,15.2,27.0,20.9,108
2013-09-17,,,-9.0,,-9,,-9,,-9,17.0,29.3,22.6,108
2013-09-18,,,-9.0,,-9,,-9,,-9,17.5,31.1,24.4,108
2013-09-19,,,-9.0,,-9,,-9,,-9,20.5,30.2,24.7,108
2013-09-20,,,-9.0,,-9,,-9,,-9,20.1,28.0,23.4,108
2013-09-21,,0.0,-9.0,,-9,,-9,,-9,19.9,27.8,23.8,108
2013-09-22,0.0,,0.47,0.0,-9,0.0,-9,,-9,20.4,27.2,23.1,108
2013-09-23,,1.5,-9.0,,-9,,-9,,-9,18.6,29.0,23.8,108
2013-09-24,4.5,3.0,11.58,1.5,807,0.5,809,,-9,20.0,23.9,22.0,108
2013-09-25,,,-9.0,,-9,,-9,,-9,15.3,24.2,19.5,108
2013-09-26,,,-9.0,,-9,,-9,,-9,12.7,22.5,17.3,108
2013-09-27,,,-9.0,,-9,,-9,,-9,10.9,24.0,17.9,108
2013-09-28,4.0,23.0,9.17,2.0,2329,0.5,1952,,-9,15.2,19.9,17.4,108
2013-09-29,19.0,1.0,10.33,6.0,219,1.5,152,,-9,14.7,19.7,17.2,108
2013-09-30,1.0,,1.42,1.0,517,0.5,515,,-9,18.0,25.5,20.7,108
2013-10-01,,,-9.0,,-9,,-9,,-9,17.2,27.2,21.6,108
2013-10-02,,,-9.0,,-9,,-9,,-9,15.0,22.8,19.4,108
2013-10-03,,,-9.0,,-9,,-9,,-9,11.0,21.3,16.3,108
2013-10-04,,,-9.0,,-9,,-9,,-9,10.7,25.1,17.4,108
2013-10-05,,,-9.0,,-9,,-9,,-9,12.6,28.1,20.0,108
2013-10-06,0.0,0.0,0.08,0.0,-9,0.0,-9,,-9,15.4,25.7,20.8,108
2013-10-07,,0.5,-9.0,,-9,,-9,,-9,19.8,26.9,22.8,108
2013-10-08,3.0,2.5,16.17,0.5,824,0.5,914,,-9,18.0,21.8,20.0,108
2013-10-09,,,-9.0,,-9,,-9,,-9,15.5,26.4,20.5,108
2013-10-10,,6.5,-9.0,,-9,,-9,,-9,15.9,26.4,21.1,108
2013-10-11,6.5,,1.5,6.0,358,4.5,448,,-9,14.1,20.7,18.1,108
2013-10-12,,,-9.0,,-9,,-9,,-9,11.0,21.5,16.4,108
2013-10-13,,,-9.0,,-9,,-9,,-9,12.2,23.4,17.3,108
2013-10-14,,0.3,-9.0,,-9,,-9,,-9,13.3,24.4,18.3,108
2013-10-15,3.5,3.2,7.67,2.0,1013,0.5,1010,,-9,7.7,17.4,12.0,108
2013-10-16,,,-9.0,,-9,,-9,,-9,6.1,16.8,11.2,108
2013-10-17,,,-9.0,,-9,,-9,,-9,6.8,18.9,12.4,108
2013-10-18,,,-9.0,,-9,,-9,,-9,8.1,20.2,13.6,108
2013-10-19,,,-9.0,,-9,,-9,,-9,9.8,19.5,14.6,108
2013-10-20,,,-9.0,,-9,,-9,,-9,11.7,22.9,16.7,108
2013-10-21,,,-9.0,,-9,,-9,,-9,12.0,22.2,16.2,108
2013-10-22,,,-9.0,,-9,,-9,,-9,11.3,21.7,15.9,108
2013-10-23,,,-9.0,,-9,,-9,,-9,12.2,22.1,16.2,108
2013-10-24,,,-9.0,,-9,,-9,,-9,7.8,18.5,13.1,108
2013-10-25,,,-9.0,,-9,,-9,,-9,5.3,14.5,9.3,108
2013-10-26,,,-9.0,,-9,,-9,,-9,4.3,15.7,10.0,108
2013-10-27,,,-9.0,,-9,,-9,,-9,5.1,18.0,11.4,108
2013-10-28,,0.0,-9.0,,-9,,-9,,-9,6.7,16.7,11.6,108
2013-10-29,0.5,0.5,2.52,0.5,1635,0.5,1648,,-9,9.5,16.5,12.7,108
2013-10-30,,,-9.0,,-9,,-9,,-9,6.4,16.2,10.5,108
2013-10-31,,,-9.0,,-9,,-9,,-9,5.5,18.8,11.7,108
2013-11-01,,0.0,-9.0,,-9,,-9,,-9,8.6,20.7,14.8,108
2013-11-02,7.5,7.5,6.58,,-9,,-9,,-9,8.6,14.9,11.6,108
2013-11-03,0.0,0.0,0.25,,-9,,-9,,-9,7.8,16.7,11.9,108
2013-11-04,,,-9.0,,-9,,-9,,-9,9.2,17.6,12.6,108
2013-11-05,,,-9.0,,-9,,-9,,-9,7.5,18.5,12.3,108
2013-11-06,1.0,1.1,2.1,,-9,,-9,,-9,9.0,15.9,12.2,108
2013-11-07,0.1,,0.42,,-9,,-9,,-9,7.5,15.8,12.2,108
2013-11-08,,,-9.0,,-9,,-9,,-9,4.0,14.5,9.0,108
2013-11-09,5.5,5.5,11.03,,-9,,-9,,-9,9.2,15.5,11.6,108
2013-11-10,0.0,,0.33,,-9,,-9,,-9,2.1,10.4,5.5,108
2013-11-11,,,-9.0,,-9,,-9,,-9,-1.4,7.5,2.6,108
2013-11-12,,,-9.0,,-9,,-9,,-9,-1.1,8.5,3.4,108
2013-11-13,,,-9.0,,-9,,-9,,-9,-0.9,11.4,4.8,108
2013-11-14,1.0,3.0,3.33,,-9,,-9,,-9,3.1,9.9,6.7,108
2013-11-15,2.0,,2.5,,-9,,-9,,-9,5.8,12.4,8.2,108
2013-11-16,2.0,3.0,1.25,,-9,,-9,,-9,2.4,12.0,7.0,108
2013-11-17,1.0,0.0,0.62,,-9,,-9,,-9,2.2,7.6,5.2,108
2013-11-18,0.0,0.0,0.97,,-9,,-9,,-9,-1.5,4.2,1.1,108
2013-11-19,0.0,0.0,1.0,,-9,,-9,,-9,-1.7,3.8,1.1,108
2013-11-20,,,-9.0,,-9,,-9,,-9,-1.9,5.9,1.5,108
2013-11-21,,,-9.0,,-9,,-9,,-9,-1.4,7.3,2.6,108
2013-11-22,,,-9.0,,-9,,-9,,-9,-0.7,10.5,4.6,108
2013-11-23,,,-9.0,,-9,,-9,,-9,2.2,12.5,7.1,108
2013-11-24,14.0,21.0,8.25,,-9,,-9,,-9,4.4,10.6,7.3,108
2013-11-25,9.5,2.5,9.0,,-9,,-9,,-9,-0.1,10.2,4.7,108
2013-11-26,1.5,1.5,2.0,,-9,,-9,,-9,-2.4,5.8,2.1,108
2013-11-27,1.7,1.7,3.78,,-9,,-9,,-9,-4.3,4.7,0.0,108
2013-11-28,,0.0,-9.0,,-9,,-9,,-9,-6.4,-0.9,-3.8,108
2013-11-29,0.0,,0.2,,-9,,-9,,-9,-5.4,4.8,-0.7,108
2013-11-30,,,-9.0,,-9,,-9,,-9,-1.1,10.6,5.3,108
2013-12-01,,,-9.0,,-9,,-9,,-9,1.4,8.6,4.5,108
2013-12-02,0.0,0.0,0.17,,-9,,-9,,-9,0.1,6.6,3.9,108
2013-12-03,,,-9.0,,-9,,-9,,-9,4.5,9.9,6.7,108
2013-12-04,,,-9.0,,-9,,-9,,-9,2.1,9.6,5.5,108
2013-12-05,,,-9.0,,-9,,-9,,-9,2.1,9.0,5.5,108
2013-12-06,0.0,0.1,0.67,,-9,,-9,,-9,-0.7,7.0,3.0,108
2013-12-07,0.1,,3.5,,-9,,-9,,-9,3.8,11.0,6.2,108
2013-12-08,0.0,1.5,1.8,,-9,,-9,,-9,2.5,6.5,4.2,108
2013-12-09,14.0,12.5,15.08,,-9,,-9,,-9,1.9,5.2,3.8,108
2013-12-10,,2.6,-9.0,,-9,,-9,,-9,-2.2,3.5,0.3,108
2013-12-11,2.6,,1.93,,-9,,-9,,-9,-4.3,0.2,-1.7,108
2013-12-12,4.1,4.1,4.58,,-9,,-9,,-9,-6.3,0.3,-3.2,108
2013-12-13,,0.5,-9.0,,-9,,-9,,-9,-8.9,-4.3,-6.8,108
2013-12-14,1.1,0.6,6.58,,-9,,-9,,-9,-8.5,-1.4,-4.9,108
2013-12-15,,,-9.0,,-9,,-9,,-9,-8.0,0.7,-4.4,108
2013-12-16,,,-9.0,,-9,,-9,,-9,-7.3,0.5,-3.6,108
2013-12-17,,,-9.0,,-9,,-9,,-9,-5.5,4.7,-0.3,108
2013-12-18,0.8,1.0,3.33,,-9,,-9,,-9,-0.9,6.5,2.2,108
2013-12-19,0.3,0.1,6.17,,-9,,-9,,-9,-6.5,-0.9,-3.5,108
2013-12-20,0.0,,1.25,,-9,,-9,,-9,-8.1,-0.1,-4.0,108
2013-12-21,,,-9.0,,-9,,-9,,-9,-6.3,0.9,-3.1,108
2013-12-22,,,-9.0,,-9,,-9,,-9,-6.8,3.1,-2.1,108
2013-12-23,,,-9.0,,-9,,-9,,-9,-3.7,2.3,-1.1,108
2013-12-24,,,-9.0,,-9,,-9,,-9,-5.9,4.0,-1.6,108
2013-12-25,,,-9.0,,-9,,-9,,-9,-4.4,3.7,-0.5,108
2013-12-26,1.6,1.6,0.63,,-9,,-9,,-9,-4.0,2.7,-0.5,108
2013-12-27,,,-9.0,,-9,,-9,,-9,-9.3,-3.7,-6.8,108
2013-12-28,,,-9.0,,-9,,-9,,-9,-9.8,-2.7,-6.5,108
2013-12-29,0.1,0.1,2.5,,-9,,-9,,-9,-8.0,1.6,-2.9,108
2013-12-30,,,-9.0,,-9,,-9,,-9,-1.9,6.3,2.2,108
2013-12-31,,,-9.0,,-9,,-9,,-9,0.5,8.0,3.8,108
2014-01-01,0.0,0.0,0.03,,-9,,-9,,-9,0.3,7.9,4.0,108
2014-01-02,,,-9.0,,-9,,-9,,-9,-1.3,6.2,1.5,108
2014-01-03,,,-9.0,,-9,,-9,,-9,-1.1,7.3,2.3,108
2014-01-04,,,-9.0,,-9,,-9,,-9,-3.7,5.6,-0.1,108
2014-01-05,,,-9.0,,-9,,-9,,-9,-4.3,3.8,-0.8,108
2014-01-06,,,-9.0,,-9,,-9,,-9,-3.7,6.4,0.8,108
2014-01-07,0.0,0.0,0.33,,-9,,-9,,-9,0.3,5.5,3.0,108
2014-01-08,0.0,,1.42,,-9,,-9,,-9,-5.7,4.0,0.5,108
2014-01-09,,,-9.0,,-9,,-9,,-9,-10.4,-4.3,-7.8,108
2014-01-10,0.0,0.0,1.43,,-9,,-9,,-9,-9.3,-0.9,-4.7,108
2014-01-11,,,-9.0,,-9,,-9,,-9,-5.4,2.4,-1.7,108
2014-01-12,0.0,0.0,1.17,,-9,,-9,,-9,-7.7,2.5,-2.4,108
2014-01-13,,,-9.0,,-9,,-9,,-9,-10.5,-1.6,-6.2,108
2014-01-14,,,-9.0,,-9,,-9,,-9,-8.9,1.1,-4.3,108
2014-01-15,,,-9.0,,-9,,-9,,-9,-7.6,2.2,-2.9,108
2014-01-16,,,-9.0,,-9,,-9,,-9,-4.0,3.6,0.1,108
2014-01-17,,,-9.0,,-9,,-9,,-9,-3.7,3.8,-0.1,108
2014-01-18,,,-9.0,,-9,,-9,,-9,-4.9,0.8,-2.2,108
2014-01-19,0.0,3.3,0.58,,-9,,-9,,-9,-7.4,2.4,-2.6,108
2014-01-20,5.3,2.7,14.25,,-9,,-9,,-9,-4.2,1.9,-1.5,108
2014-01-21,0.7,,3.5,,-9,,-9,,-9,-7.2,-3.1,-5.5,108
2014-01-22,,,-9.0,,-9,,-9,,-9,-9.5,1.6,-3.9,108
2014-01-23,,,-9.0,,-9,,-9,,-9,-5.2,4.1,-0.8,108
2014-01-24,,0.0,-9.0,,-9,,-9,,-9,-1.1,5.7,3.0,108
2014-01-25,3.0,3.0,4.45,,-9,,-9,,-9,-0.4,6.3,4.2,108
2014-01-26,,,-9.0,,-9,,-9,,-9,-5.3,2.3,-2.1,108
2014-01-27,,0.5,-9.0,,-9,,-9,,-9,-5.4,6.0,0.2,108
2014-01-28,0.5,,2.17,,-9,,-9,,-9,-3.0,4.6,1.5,108
2014-01-29,,1.0,-9.0,,-9,,-9,,-9,-5.3,8.2,2.2,108
2014-01-30,3.5,2.5,7.15,,-9,,-9,,-9,-1.0,6.5,4.0,108
2014-01-31,,,-9.0,,-9,,-9,,-9,-4.3,7.0,1.3,108
2014-02-01,11.0,11.5,8.25,,-9,,-9,,-9,3.7,6.0,4.9,108
2014-02-02,0.5,0.0,9.75,,-9,,-9,,-9,2.8,6.5,4.9,108
2014-02-03,,,-9.0,,-9,,-9,,-9,-8.2,2.8,-3.5,108
2014-02-04,,,-9.0,,-9,,-9,,-9,-10.5,-3.7,-7.4,108
2014-02-05,,,-9.0,,-9,,-9,,-9,-8.9,0.3,-4.8,108
2014-02-06,,,-9.0,,-9,,-9,,-9,-5.2,4.5,-1.3,108
2014-02-07,0.0,0.0,0.25,,-9,,-9,,-9,-2.0,7.6,2.4,108
2014-02-08,4.3,4.4,19.5,,-9,,-9,,-9,-1.5,2.5,0.2,108
2014-02-09,0.2,0.3,6.08,,-9,,-9,,-9,-3.4,0.7,-1.6,108
2014-02-10,0.2,,5.33,,-9,,-9,,-9,-2.9,4.4,-0.1,108
2014-02-11,,,-9.0,,-9,,-9,,-9,-3.8,5.2,0.2,108
2014-02-12,0.0,0.0,0.08,,-9,,-9,,-9,-2.0,5.1,1.2,108
2014-02-13,,,-9.0,,-9,,-9,,-9,-2.1,6.5,1.9,108
2014-02-14,,,-9.0,,-9,,-9,,-9,-0.7,7.6,2.7,108
2014-02-15,,,-9.0,,-9,,-9,,-9,-1.9,8.5,2.7,108
2014-02-16,,,-9.0,,-9,,-9,,-9,-1.1,8.1,2.8,108
2014-02-17,,,-9.0,,-9,,-9,,-9,0.9,8.5,4.2,108
2014-02-18,,,-9.0,,-9,,-9,,-9,0.3,5.4,2.5,108
2014-02-19,,,-9.0,,-9,,-9,,-9,-1.9,6.7,2.1,108
2014-02-20,,,-9.0,,-9,,-9,,-9,-1.2,5.5,1.2,108
2014-02-21,,,-9.0,,-9,,-9,,-9,-4.0,6.9,0.9,108
2014-02-22,,,-9.0,,-9,,-9,,-9,-2.1,7.4,2.2,108
2014-02-23,,,-9.0,,-9,,-9,,-9,-1.8,8.5,3.1,108
2014-02-24,,,-9.0,,-9,,-9,,-9,-0.3,9.3,4.1,108
2014-02-25,,,-9.0,,-9,,-9,,-9,0.6,12.3,5.7,108
2014-02-26,,,-9.0,,-9,,-9,,-9,1.4,16.4,8.4,108
2014-02-27,,,-9.0,,-9,,-9,,-9,3.8,13.1,7.7,108
2014-02-28,,,-9.0,,-9,,-9,,-9,1.3,12.3,6.7,108
2014-03-01,,,-9.0,,-9,,-9,,-9,3.3,9.4,6.0,108
2014-03-02,,,-9.0,,-9,,-9,,-9,-0.2,10.1,4.5,108
2014-03-03,,,-9.0,,-9,,-9,,-9,-1.0,11.9,5.2,108
2014-03-04,,0.0,-9.0,,-9,,-9,,-9,2.2,12.3,6.3,108
2014-03-05,0.0,,0.17,,-9,,-9,,-9,-1.4,5.3,1.4,108
2014-03-06,0.0,0.0,0.92,,-9,,-9,,-9,-3.0,5.0,0.3,108
2014-03-07,,,-9.0,,-9,,-9,,-9,-4.6,4.3,-0.6,108
2014-03-08,,2.2,-9.0,,-9,,-9,,-9,-2.2,7.0,2.0,108
2014-03-09,2.2,,5.75,,-9,,-9,,-9,-1.6,4.8,1.4,108
2014-03-10,,,-9.0,,-9,,-9,,-9,-3.6,7.7,1.5,108
2014-03-11,,,-9.0,,-9,,-9,,-9,-0.9,9.4,4.5,108
2014-03-12,0.2,0.2,4.17,,-9,,-9,,-9,4.0,9.5,6.9,108
2014-03-13,0.0,0.0,0.25,,-9,,-9,,-9,1.6,8.3,5.2,108
2014-03-14,,,-9.0,,-9,,-9,,-9,-1.5,8.5,3.4,108
2014-03-15,,,-9.0,,-9,,-9,,-9,0.1,13.4,6.8,108
2014-03-16,,,-9.0,,-9,,-9,,-9,5.7,18.5,11.3,108
2014-03-17,0.5,0.9,3.25,,-9,,-9,,-9,6.9,19.4,12.6,108
2014-03-18,0.4,,5.17,,-9,,-9,,-9,7.7,16.0,10.5,108
2014-03-19,,0.0,-9.0,,-9,,-9,,-9,7.4,12.3,9.6,108
2014-03-20,0.4,0.4,4.92,,-9,,-9,,-9,2.8,10.3,6.3,108
2014-03-21,,,-9.0,,-9,,-9,,-9,1.2,12.0,5.9,108
2014-03-22,,,-9.0,,-9,,-9,,-9,2.3,15.5,8.6,108
2014-03-23,,,-9.0,,-9,,-9,,-9,4.6,15.5,9.6,108
2014-03-24,0.0,0.0,0.33,,-9,,-9,,-9,4.6,15.3,10.9,108
2014-03-25,0.0,0.0,0.25,,-9,,-9,,-9,11.9,18.2,14.6,108
2014-03-26,0.0,,2.33,,-9,,-9,,-9,11.8,21.9,15.4,108
2014-03-27,,,-9.0,,-9,,-9,,-9,7.7,20.4,13.5,108
2014-03-28,,0.0,-9.0,,-9,,-9,,-9,11.3,23.8,16.6,108
2014-03-29,3.5,3.5,7.17,,-9,,-9,,-9,13.2,18.0,15.0,108
2014-03-30,0.0,,0.92,,-9,,-9,,-9,10.2,20.6,14.9,108
2014-03-31,,,-9.0,,-9,,-9,,-9,8.8,20.2,14.5,108
2014-04-01,,,-9.0,,-9,,-9,,-9,9.5,23.0,15.6,108
2014-04-02,,0.0,-9.0,,-9,,-9,,-9,9.9,21.9,15.5,108
2014-04-03,0.5,0.5,6.58,0.5,1118,0.5,1208,,-9,5.5,13.6,10.2,108
2014-04-04,,,-9.0,,-9,,-9,,-9,2.3,11.7,6.6,108
2014-04-05,0.0,0.0,1.92,0.0,-9,0.0,-9,,-9,3.5,11.0,6.2,108
2014-04-06,,,-9.0,,-9,,-9,,-9,2.3,12.8,7.4,108
2014-04-07,,,-9.0,,-9,,-9,,-9,4.9,16.7,10.3,108
2014-04-08,,,-9.0,,-9,,-9,,-9,5.7,19.7,11.9,108
2014-04-09,,,-9.0,,-9,,-9,,-9,7.0,15.3,10.3,108
2014-04-10,,,-9.0,,-9,,-9,,-9,7.2,20.0,12.5,108
2014-04-11,,,-9.0,,-9,,-9,,-9,10.1,18.7,13.6,108
2014-04-12,,,-9.0,,-9,,-9,,-9,11.1,17.2,14.3,108
2014-04-13,,,-9.0,,-9,,-9,,-9,13.2,24.3,17.2,108
2014-04-14,,,-9.0,,-9,,-9,,-9,12.1,22.4,16.3,108
2014-04-15,,,-9.0,,-9,,-9,,-9,9.3,16.8,12.9,108
2014-04-16,,,-9.0,,-9,,-9,,-9,10.0,19.4,14.0,108
2014-04-17,3.0,3.0,4.42,2.0,1904,0.5,1904,,-9,8.4,20.9,14.7,108
2014-04-18,,,-9.0,,-9,,-9,,-9,12.0,23.0,15.9,108
2014-04-19,,,-9.0,,-9,,-9,,-9,11.4,18.4,14.0,108
2014-04-20,,,-9.0,,-9,,-9,,-9,10.0,21.6,14.6,108
2014-04-21,,,-9.0,,-9,,-9,,-9,9.8,21.4,15.1,108
2014-04-22,,,-9.0,,-9,,-9,,-9,9.6,23.3,16.0,108
2014-04-23,,,-9.0,,-9,,-9,,-9,10.4,24.9,17.2,108
2014-04-24,,,-9.0,,-9,,-9,,-9,12.1,26.2,18.6,108
2014-04-25,,,-9.0,,-9,,-9,,-9,12.3,25.9,19.0,108
2014-04-26,,5.5,-9.0,,-9,,-9,,-9,13.3,25.4,18.7,108
2014-04-27,8.5,8.5,20.0,3.5,252,1.0,320,,-9,13.6,18.3,15.6,108
2014-04-28,13.5,13.5,23.58,3.0,1239,1.0,830,,-9,12.2,15.0,13.6,108
2014-04-29,5.5,0.0,7.42,3.5,519,1.0,529,,-9,11.9,18.9,15.0,108
2014-04-30,0.0,,0.25,,-9,,-9,,-9,11.4,21.4,16.1,108
2014-05-01,,,-9.0,,-9,,-9,,-9,10.4,22.1,16.0,108
2014-05-02,1.0,1.0,1.15,1.0,1616,0.5,1631,,-9,11.1,24.8,15.7,108
2014-05-03,,,-9.0,,-9,,-9,,-9,8.0,19.3,13.1,108
2014-05-04,0.2,0.2,1.17,0.2,-9,0.1,-9,,-9,8.5,20.5,12.3,108
2014-05-05,,,-9.0,,-9,,-9,,-9,6.8,15.5,11.3,108
2014-05-06,,,-9.0,,-9,,-9,,-9,7.6,19.0,13.1,108
2014-05-07,2.0,6.0,3.0,1.5,2050,1.0,2139,,-9,8.7,22.3,15.7,108
2014-05-08,4.0,,5.67,1.5,41,1.0,103,,-9,11.5,19.5,14.5,108
2014-05-09,,,-9.0,,-9,,-9,,-9,9.8,23.8,16.8,108
2014-05-10,,,-9.0,,-9,,-9,,-9,12.9,28.3,20.5,108
2014-05-11,23.0,33.0,8.5,9.0,2007,2.5,2057,,-9,15.9,23.8,18.9,108
2014-05-12,10.0,,4.58,5.0,37,2.5,49,,-9,13.6,20.4,16.4,108
2014-05-13,,,-9.0,,-9,,-9,,-9,11.9,25.6,19.2,108
2014-05-14,,0.3,-9.0,,-9,,-9,,-9,15.3,25.9,19.6,108
2014-05-15,0.3,,2.42,0.3,544,0.2,634,,-9,14.5,23.7,18.2,108
2014-05-16,,,-9.0,,-9,,-9,,-9,12.3,26.2,19.0,108
2014-05-17,,,-9.0,,-9,,-9,,-9,14.3,26.2,20.0,108
2014-05-18,,,-9.0,,-9,,-9,,-9,13.7,27.1,20.3,108
2014-05-19,,,-9.0,,-9,,-9,,-9,14.1,26.2,20.0,108
2014-05-20,,,-9.0,,-9,,-9,,-9,16.1,28.4,21.5,108
2014-05-21,,,-9.0,,-9,,-9,,-9,15.9,26.5,20.1,108
2014-05-22,,,-9.0,,-9,,-9,,-9,13.6,28.3,20.9,108
2014-05-23,,,-9.0,,-9,,-9,,-9,17.6,27.8,22.0,108
2014-05-24,,0.0,-9.0,,-9,,-9,,-9,16.9,27.9,21.3,108
2014-05-25,21.0,22.5,11.47,8.5,2152,2.5,2239,,-9,18.3,24.9,20.5,108
2014-05-26,1.5,,2.33,1.0,1,1.0,39,,-9,16.5,24.7,19.4,108
2014-05-27,,,-9.0,,-9,,-9,,-9,16.7,28.3,22.8,108
2014-05-28,,,-9.0,,-9,,-9,,-9,19.9,29.8,24.0,108
2014-05-29,,,-9.0,,-9,,-9,,-9,17.5,30.9,23.2,108
2014-05-30,,,-9.0,,-9,,-9,,-9,17.3,31.8,24.8,108
2014-05-31,,,-9.0,,-9,,-9,,-9,20.5,33.3,26.2,108
2014-06-01,,0.0,-9.0,,-9,,-9,,-9,20.4,29.9,24.7,108
2014-06-02,2.0,16.5,9.95,0.9,1141,0.5,1203,,-9,20.6,24.6,22.6,108
2014-06-03,33.0,18.5,15.58,6.0,532,2.5,609,,-9,17.5,21.0,18.7,108
2014-06-04,,,-9.0,,-9,,-9,,-9,18.7,27.8,22.8,108
2014-06-05,,,-9.0,,-9,,-9,,-9,20.4,26.1,22.9,108
2014-06-06,,,-9.0,,-9,,-9,,-9,18.8,31.1,24.4,108
2014-06-07,,,-9.0,,-9,,-9,,-9,19.7,27.1,23.5,108
2014-06-08,,,-9.0,,-9,,-9,,-9,19.2,24.5,21.4,108
2014-06-09,,,-9.0,,-9,,-9,,-9,18.5,28.7,22.9,108
2014-06-10,5.5,7.0,5.5,2.5,1616,1.0,1644,,-9,20.0,29.3,23.6,108
2014-06-11,19.0,17.6,10.63,14.0,1529,9.5,1543,,-9,18.3,26.9,20.5,108
2014-06-12,0.1,0.0,0.75,0.1,-9,0.1,-9,,-9,17.3,27.1,21.2,108
2014-06-13,0.0,,0.42,0.0,-9,0.0,-9,,-9,18.4,25.8,21.3,108
2014-06-14,,,-9.0,,-9,,-9,,-9,18.3,27.7,22.5,108
2014-06-15,,,-9.0,,-9,,-9,,-9,19.5,28.5,23.2,108
2014-06-16,,,-9.0,,-9,,-9,,-9,19.1,29.0,23.9,108
2014-06-17,3.5,3.6,1.33,3.5,1955,2.5,2020,,-9,21.5,30.7,24.5,108
2014-06-18,0.1,,0.75,0.1,-9,0.1,-9,,-9,20.5,29.1,24.4,108
2014-06-19,0.0,0.0,1.83,0.0,-9,0.0,-9,,-9,20.8,25.6,22.5,108
2014-06-20,1.5,4.5,3.42,1.0,2110,0.5,2140,,-9,20.7,28.6,24.2,108
2014-06-21,8.5,5.5,4.83,5.5,1903,3.0,1921,,-9,19.8,28.2,23.1,108
2014-06-22,0.4,2.4,0.67,0.4,1957,0.4,1959,,-9,20.2,29.0,23.7,108
2014-06-23,24.5,22.5,8.25,14.5,1540,10.5,1602,,-9,19.4,23.2,21.0,108
2014-06-24,,,-9.0,,-9,,-9,,-9,19.4,27.2,22.9,108
2014-06-25,,,-9.0,,-9,,-9,,-9,20.2,29.0,23.8,108
2014-06-26,,,-9.0,,-9,,-9,,-9,20.2,29.5,24.4,108
2014-06-27,,0.0,-9.0,,-9,,-9,,-9,20.6,29.5,24.1,108
2014-06-28,0.0,,0.25,0.0,-9,0.0,-9,,-9,21.3,28.4,23.8,108
2014-06-29,,,-9.0,,-9,,-9,,-9,20.9,29.8,24.1,108
2014-06-30,,,-9.0,,-9,,-9,,-9,21.2,30.2,25.3,108
2014-07-01,,,-9.0,,-9,,-9,,-9,21.1,31.2,26.0,108
2014-07-02,20.5,21.0,3.3,18.0,2150,14.5,2152,,-9,22.1,31.1,25.7,108
2014-07-03,2.0,1.5,13.12,1.0,1105,0.5,950,,-9,21.4,24.7,22.6,108
2014-07-04,,,-9.0,,-9,,-9,,-9,21.6,32.3,26.8,108
2014-07-05,,,-9.0,,-9,,-9,,-9,22.3,29.7,25.7,108
2014-07-06,,,-9.0,,-9,,-9,,-9,23.0,29.5,25.7,108
2014-07-07,,0.0,-9.0,,-9,,-9,,-9,20.8,33.8,27.1,108
2014-07-08,0.2,0.2,2.97,0.2,-9,0.2,-9,,-9,23.7,29.3,25.9,108
2014-07-09,0.5,0.5,6.08,0.4,1444,0.2,-9,,-9,25.6,33.0,27.6,108
2014-07-10,,,-9.0,,-9,,-9,,-9,24.6,33.6,28.9,108
2014-07-11,,,-9.0,,-9,,-9,,-9,23.0,32.8,27.1,108
2014-07-12,,,-9.0,,-9,,-9,,-9,22.9,29.6,25.3,108
2014-07-13,,,-9.0,,-9,,-9,,-9,23.0,29.4,25.4,108
2014-07-14,,,-9.0,,-9,,-9,,-9,22.8,30.7,26.4,108
2014-07-15,,,-9.0,,-9,,-9,,-9,23.9,32.3,26.8,108
2014-07-16,,,-9.0,,-9,,-9,,-9,23.5,32.2,26.6,108
2014-07-17,0.2,1.7,1.83,0.2,-9,0.2,-9,,-9,23.6,29.6,25.9,108
2014-07-18,1.5,,0.87,1.5,443,1.5,453,,-9,22.6,30.6,26.1,108
2014-07-19,,,-9.0,,-9,,-9,,-9,24.7,30.7,27.0,108
2014-07-20,,,-9.0,,-9,,-9,,-9,24.6,33.2,27.9,108
2014-07-21,,,-9.0,,-9,,-9,,-9,24.4,31.6,27.3,108
2014-07-22,16.5,57.0,5.92,15.5,1841,7.5,1928,,-9,24.6,28.2,25.9,108
2014-07-23,55.0,46.5,13.42,21.5,306,8.0,333,,-9,21.7,25.2,23.6,108
2014-07-24,48.0,66.0,15.25,10.5,609,4.0,509,,-9,19.1,24.5,21.9,108
2014-07-25,59.5,11.0,8.05,34.5,114,12.5,201,,-9,22.1,33.7,27.5,108
2014-07-26,2.5,1.0,11.25,0.6,354,0.5,444,,-9,20.8,27.3,22.6,108
2014-07-27,,,-9.0,,-9,,-9,,-9,21.4,30.6,25.0,108
2014-07-28,,,-9.0,,-9,,-9,,-9,21.6,31.3,26.6,108
2014-07-29,,,-9.0,,-9,,-9,,-9,23.4,30.1,26.5,108
2014-07-30,,0.0,-9.0,,-9,,-9,,-9,25.0,33.5,28.6,108
2014-07-31,1.5,1.5,2.08,1.5,1725,1.5,1733,,-9,25.8,34.4,28.6,108
2014-08-01,,,-9.0,,-9,,-9,,-9,24.7,34.7,30.2,108
2014-08-02,0.0,5.5,0.08,0.0,-9,0.0,-9,,-9,28.7,35.8,31.4,108
2014-08-03,13.0,14.0,15.58,2.5,1839,1.0,435,,-9,24.1,30.5,26.5,108
2014-08-04,6.5,0.0,11.75,1.5,1,0.5,5,,-9,24.7,29.6,26.4,108
2014-08-05,0.0,0.5,0.83,0.0,-9,0.0,-9,,-9,25.0,29.2,26.6,108
2014-08-06,10.5,10.2,15.75,4.5,1616,2.0,1626,,-9,22.5,26.2,24.4,108
2014-08-07,0.2,,2.67,0.2,-9,0.1,-9,,-9,22.6,27.1,24.7,108
2014-08-08,,,-9.0,,-9,,-9,,-9,21.9,30.6,26.1,108
2014-08-09,,0.0,-9.0,,-9,,-9,,-9,22.3,31.6,26.5,108
2014-08-10,42.5,42.5,4.67,25.5,1721,7.5,1807,,-9,19.6,27.7,23.4,108
2014-08-11,,,-9.0,,-9,,-9,,-9,18.3,28.6,23.7,108
2014-08-12,,,-9.0,,-9,,-9,,-9,22.3,30.4,25.8,108
2014-08-13,0.0,0.0,7.67,0.0,-9,0.0,-9,,-9,22.5,26.7,24.2,108
2014-08-14,0.5,0.5,2.33,0.4,1228,0.3,1310,,-9,21.4,24.2,22.3,108
2014-08-15,,,-9.0,,-9,,-9,,-9,20.9,29.6,24.9,108
2014-08-16,,,-9.0,,-9,,-9,,-9,22.2,31.8,26.1,108
2014-08-17,3.0,4.5,6.17,1.5,1029,0.5,1057,,-9,22.9,25.0,24.0,108
2014-08-18,11.5,12.0,13.58,6.5,1035,2.0,1125,,-9,20.9,24.4,22.3,108
2014-08-19,4.5,3.0,13.5,2.0,2245,2.0,2333,,-9,20.4,25.3,22.3,108
2014-08-20,0.5,16.0,2.0,0.4,230,0.3,230,,-9,22.4,28.0,24.8,108
2014-08-21,46.5,45.5,14.83,23.5,913,6.0,925,,-9,21.8,24.6,23.1,108
2014-08-22,15.0,0.5,3.0,13.0,40,5.5,102,,-9,21.8,28.2,24.7,108
2014-08-23,0.5,,0.83,0.5,340,0.5,356,,-9,22.8,29.7,25.2,108
2014-08-24,0.1,0.1,1.58,0.1,-9,0.1,-9,,-9,20.7,30.7,25.6,108
2014-08-25,0.0,0.0,2.42,0.0,-9,0.0,-9,,-9,24.1,28.6,25.9,108
2014-08-26,11.5,11.5,2.17,11.0,1742,4.0,1817,,-9,21.6,29.6,25.4,108
2014-08-27,,,-9.0,,-9,,-9,,-9,21.1,28.6,24.6,108
2014-08-28,,,-9.0,,-9,,-9,,-9,19.8,30.7,25.1,108
2014-08-29,6.5,6.5,2.33,6.5,2050,3.0,2106,,-9,21.0,30.1,25.2,108
2014-08-30,,,-9.0,,-9,,-9,,-9,19.9,30.7,24.6,108
2014-08-31,,,-9.0,,-9,,-9,,-9,20.7,29.0,24.1,108
2014-09-01,1.5,1.5,1.8,1.5,1837,1.0,1849,,-9,20.4,29.7,24.1,108
2014-09-02,6.0,50.5,6.67,4.0,2309,1.0,2328,,-9,19.3,27.7,23.1,108
2014-09-03,57.5,13.0,16.92,11.5,29,4.0,1351,,-9,17.4,20.6,19.1,108
2014-09-04,,,-9.0,,-9,,-9,,-9,18.0,27.6,22.4,108
2014-09-05,,,-9.0,,-9,,-9,,-9,20.0,29.0,23.8,108
2014-09-06,,,-9.0,,-9,,-9,,-9,20.3,30.8,25.2,108
2014-09-07,,,-9.0,,-9,,-9,,-9,19.8,31.3,25.3,108
2014-09-08,,,-9.0,,-9,,-9,,-9,20.6,30.2,24.8,108
2014-09-09,,,-9.0,,-9,,-9,,-9,19.9,28.2,23.3,108
2014-09-10,,,-9.0,,-9,,-9,,-9,16.7,28.9,22.4,108
2014-09-11,,,-9.0,,-9,,-9,,-9,17.5,29.2,23.3,108
2014-09-12,0.1,0.1,1.33,0.1,-9,0.1,-9,,-9,18.6,26.6,21.3,108
2014-09-13,,,-9.0,,-9,,-9,,-9,18.6,28.3,23.1,108
2014-09-14,,,-9.0,,-9,,-9,,-9,18.2,28.4,23.0,108
2014-09-15,,,-9.0,,-9,,-9,,-9,20.6,27.5,23.1,108
2014-09-16,,,-9.0,,-9,,-9,,-9,15.8,27.0,21.3,108
2014-09-17,,,-9.0,,-9,,-9,,-9,17.6,22.6,20.2,108
2014-09-18,,,-9.0,,-9,,-9,,-9,16.2,27.0,20.6,108
2014-09-19,,,-9.0,,-9,,-9,,-9,14.9,28.4,21.4,108
2014-09-20,,,-9.0,,-9,,-9,,-9,15.4,28.1,21.6,108
2014-09-21,0.0,0.0,0.17,0.0,-9,0.0,-9,,-9,17.5,25.6,20.2,108
2014-09-22,,,-9.0,,-9,,-9,,-9,15.0,27.9,21.4,108
2014-09-23,,3.0,-9.0,,-9,,-9,,-9,18.1,29.0,23.0,108
2014-09-24,6.5,3.5,9.67,3.0,920,1.0,432,,-9,18.0,23.8,20.3,108
2014-09-25,,,-9.0,,-9,,-9,,-9,17.7,27.7,22.2,108
2014-09-26,0.0,0.0,0.25,0.0,-9,0.0,-9,,-9,18.6,24.2,21.0,108
2014-09-27,,,-9.0,,-9,,-9,,-9,18.3,25.1,21.4,108
2014-09-28,0.5,8.5,3.83,0.5,2010,0.5,2043,,-9,19.2,24.7,21.7,108
2014-09-29,16.0,8.0,15.08,4.5,1323,1.5,1331,,-9,17.7,20.7,19.4,108
2014-09-30,,,-9.0,,-9,,-9,,-9,15.4,23.7,18.9,108
2014-10-01,,0.1,-9.0,,-9,,-9,,-9,14.9,24.4,19.2,108
2014-10-02,9.0,8.9,5.83,6.0,1604,2.5,1654,,-9,17.1,20.1,18.1,108
2014-10-03,,,-9.0,,-9,,-9,,-9,13.4,20.8,16.1,108
2014-10-04,,,-9.0,,-9,,-9,,-9,11.6,23.0,16.9,108
2014-10-05,,,-9.0,,-9,,-9,,-9,12.5,23.2,17.1,108
2014-10-06,,,-9.0,,-9,,-9,,-9,10.5,22.6,16.6,108
2014-10-07,,,-9.0,,-9,,-9,,-9,11.6,22.5,16.1,108
2014-10-08,,,-9.0,,-9,,-9,,-9,10.0,23.6,16.7,108
2014-10-09,,,-9.0,,-9,,-9,,-9,12.4,25.4,18.6,108
2014-10-10,,,-9.0,,-9,,-9,,-9,12.5,26.3,19.0,108
2014-10-11,,,-9.0,,-9,,-9,,-9,13.6,25.6,19.4,108
2014-10-12,,,-9.0,,-9,,-9,,-9,13.9,29.0,21.2,108
2014-10-13,,,-9.0,,-9,,-9,,-9,11.0,21.7,17.4,108
2014-10-14,,,-9.0,,-9,,-9,,-9,8.5,20.0,13.8,108
2014-10-15,,2.5,-9.0,,-9,,-9,,-9,8.9,20.0,13.8,108
2014-10-16,2.5,,2.0,2.5,510,1.5,551,,-9,9.3,18.0,13.2,108
2014-10-17,,,-9.0,,-9,,-9,,-9,6.6,21.2,13.6,108
2014-10-18,,,-9.0,,-9,,-9,,-9,9.4,22.5,15.5,108
2014-10-19,,20.0,-9.0,,-9,,-9,,-9,11.2,22.7,17.0,108
2014-10-20,21.5,7.5,12.33,5.0,507,1.5,547,,-9,12.9,17.1,14.4,108
2014-10-21,18.5,12.5,15.67,3.0,1333,0.5,320,,-9,11.9,15.7,13.8,108
2014-10-22,,,-9.0,,-9,,-9,,-9,10.4,18.7,13.6,108
2014-10-23,,,-9.0,,-9,,-9,,-9,8.5,20.6,13.8,108
2014-10-24,,,-9.0,,-9,,-9,,-9,9.9,21.0,15.1,108
2014-10-25,,,-9.0,,-9,,-9,,-9,12.9,22.2,16.5,108
2014-10-26,0.5,0.5,1.42,0.5,1840,0.5,1930,,-9,11.6,19.9,16.0,108
2014-10-27,,,-9.0,,-9,,-9,,-9,6.1,16.9,10.7,108
2014-10-28,,,-9.0,,-9,,-9,,-9,2.7,19.4,10.2,108
2014-10-29,,,-9.0,,-9,,-9,,-9,4.9,20.8,12.1,108
2014-10-30,,0.2,-9.0,,-9,,-9,,-9,7.7,20.8,14.2,108
2014-10-31,0.2,0.0,6.0,0.1,-9,0.1,-9,,-9,12.8,18.2,15.0,108
2014-11-01,,2.5,-9.0,,-9,,-9,,-9,15.1,22.9,17.3,108
2014-11-02,2.5,,4.17,,-9,,-9,,-9,7.1,15.4,12.0,108
2014-11-03,,,-9.0,,-9,,-9,,-9,3.8,14.8,9.3,108
2014-11-04,,,-9.0,,-9,,-9,,-9,5.4,18.5,11.3,108
2014-11-05,,0.5,-9.0,,-9,,-9,,-9,6.4,18.4,12.4,108
2014-11-06,0.5,,1.63,,-9,,-9,,-9,9.5,17.7,13.5,108
2014-11-07,,,-9.0,,-9,,-9,,-9,5.1,16.5,9.8,108
2014-11-08,,,-9.0,,-9,,-9,,-9,6.9,15.1,9.9,108
2014-11-09,,,-9.0,,-9,,-9,,-9,6.3,15.5,10.0,108
2014-11-10,,,-9.0,,-9,,-9,,-9,3.5,16.5,9.4,108
2014-11-11,2.0,7.0,1.17,,-9,,-9,,-9,4.6,14.5,9.4,108
2014-11-12,5.0,,3.0,,-9,,-9,,-9,-1.3,10.0,6.0,108
2014-11-13,,0.0,-9.0,,-9,,-9,,-9,-3.1,4.3,-0.2,108
2014-11-14,0.0,,0.5,,-9,,-9,,-9,-1.4,10.0,4.2,108
2014-11-15,,,-9.0,,-9,,-9,,-9,-0.5,9.5,4.1,108
2014-11-16,1.0,2.5,1.03,,-9,,-9,,-9,2.6,12.4,6.6,108
2014-11-17,1.5,,2.97,,-9,,-9,,-9,3.8,9.0,6.2,108
2014-11-18,,,-9.0,,-9,,-9,,-9,1.7,10.4,5.0,108
2014-11-19,,,-9.0,,-9,,-9,,-9,-0.6,12.6,5.6,108
2014-11-20,,,-9.0,,-9,,-9,,-9,2.7,14.6,7.9,108
2014-11-21,,3.5,-9.0,,-9,,-9,,-9,5.9,16.5,11.3,108
2014-11-22,4.0,0.5,6.92,,-9,,-9,,-9,8.0,12.7,11.0,108
2014-11-23,,,-9.0,,-9,,-9,,-9,6.3,12.3,9.0,108
2014-11-24,,,-9.0,,-9,,-9,,-9,8.0,13.2,9.8,108
2014-11-25,,,-9.0,,-9,,-9,,-9,6.6,15.1,10.2,108
2014-11-26,,,-9.0,,-9,,-9,,-9,8.2,16.3,11.0,108
2014-11-27,,0.3,-9.0,,-9,,-9,,-9,6.7,14.9,10.4,108
2014-11-28,18.0,17.7,12.15,,-9,,-9,,-9,6.5,10.1,8.8,108
2014-11-29,,4.5,-9.0,,-9,,-9,,-9,5.5,12.8,8.3,108
2014-11-30,7.0,2.6,8.67,,-9,,-9,,-9,7.2,11.1,9.1,108
2014-12-01,0.5,0.4,6.25,,-9,,-9,,-9,-7.2,7.9,-1.1,108
2014-12-02,0.0,0.9,0.25,,-9,,-9,,-9,-8.2,-2.7,-5.4,108
2014-12-03,0.9,0.0,5.17,,-9,,-9,,-9,-6.5,-0.5,-3.3,108
2014-12-04,0.0,,0.25,,-9,,-9,,-9,-7.4,-0.2,-4.6,108
2014-12-05,,,-9.0,,-9,,-9,,-9,-10.1,-2.5,-6.6,108
2014-12-06,,,-9.0,,-9,,-9,,-9,-8.8,-0.5,-5.6,108
2014-12-07,,,-9.0,,-9,,-9,,-9,-8.2,0.2,-3.4,108
2014-12-08,,,-9.0,,-9,,-9,,-9,-4.8,2.7,-1.6,108
2014-12-09,,,-9.0,,-9,,-9,,-9,-7.4,4.1,-2.4,108
2014-12-10,2.0,2.5,4.17,,-9,,-9,,-9,-1.9,4.2,1.6,108
2014-12-11,0.5,,1.33,,-9,,-9,,-9,-5.2,3.2,-1.5,108
2014-12-12,0.1,0.1,4.75,,-9,,-9,,-9,-7.0,0.5,-3.8,108
2014-12-13,,,-9.0,,-9,,-9,,-9,-7.3,-2.0,-5.2,108
2014-12-14,0.0,0.0,3.73,,-9,,-9,,-9,-8.6,0.6,-3.6,108
2014-12-15,10.5,10.5,9.95,,-9,,-9,,-9,-1.7,2.0,-0.1,108
2014-12-16,0.0,,0.58,,-9,,-9,,-9,-9.4,1.7,-4.9,108
2014-12-17,,,-9.0,,-9,,-9,,-9,-11.1,-5.2,,108
2014-12-18,,,-9.0,,-9,,-9,,-9,-13.2,-2.2,-8.3,108
2014-12-19,0.9,2.9,2.25,,-9,,-9,,-9,-8.1,0.0,-3.8,108
2014-12-20,2.0,,3.58,,-9,,-9,,-9,-6.6,2.1,-1.7,108
2014-12-21,0.0,0.1,0.75,,-9,,-9,,-9,,-1.3,-6.4,108
2014-12-22,0.3,0.2,4.0,,-9,,-9,,-9,-9.7,0.8,-4.7,108
2014-12-23,,0.2,-9.0,,-9,,-9,,-9,-5.7,1.8,-1.3,108
2014-12-24,0.2,,1.75,,-9,,-9,,-9,-3.1,6.4,1.7,108
2014-12-25,,,-9.0,,-9,,-9,,-9,-5.9,1.8,-2.6,108
2014-12-26,,,-9.0,,-9,,-9,,-9,-7.4,2.5,-3.2,108
2014-12-27,,,-9.0,,-9,,-9,,-9,-6.3,5.0,-1.8,108
2014-12-28,,,-9.0,,-9,,-9,,-9,-3.6,1.6,-0.8,108
2014-12-29,,,-9.0,,-9,,-9,,-9,-0.5,6.4,2.9,108
2014-12-30,,0.0,-9.0,,-9,,-9,,-9,-1.6,6.3,1.9,108
2014-12-31,0.0,0.0,1.17,,-9,,-9,,-9,-6.9,1.7,-1.9,108
2015-01-01,,,-9.0,,-9,,-9,,-9,-9.8,-4.3,-7.7,108
2015-01-02,,,-9.0,,-9,,-9,,-9,,-1.9,-6.0,108
2015-01-03,,0.0,-9.0,,-9,,-9,,-9,-9.2,3.1,-2.7,108
2015-01-04,0.0,,0.08,,-9,,-9,,-9,0.2,8.5,2.5,108
2015-01-05,0.4,3.4,3.83,,-9,,-9,,-9,-1.1,7.9,3.7,108
2015-01-06,3.0,,3.67,,-9,,-9,,-9,-7.6,4.0,-3.2,108
2015-01-07,,,-9.0,,-9,,-9,,-9,-8.9,-0.6,-5.5,108
2015-01-08,,,-9.0,,-9,,-9,,-9,-9.5,-0.2,-5.1,108
2015-01-09,,,-9.0,,-9,,-9,,-9,-6.8,3.5,-2.1,108
2015-01-10,,,-9.0,,-9,,-9,,-9,-5.6,4.8,-0.3,108
2015-01-11,,,-9.0,,-9,,-9,,-9,-4.3,2.5,-0.4,108
2015-01-12,,,-9.0,,-9,,-9,,-9,-7.3,3.7,-2.7,108
2015-01-13,,,-9.0,,-9,,-9,,-9,-5.1,5.8,0.2,108
2015-01-14,,,-9.0,,-9,,-9,,-9,-0.3,6.1,2.5,108
2015-01-15,,,-9.0,,-9,,-9,,-9,-1.1,9.0,2.8,108
2015-01-16,0.3,0.3,1.72,,-9,,-9,,-9,-2.5,3.4,0.8,108
2015-01-17,,,-9.0,,-9,,-9,,-9,-7.7,0.0,-4.1,108
2015-01-18,4.0,4.1,8.5,,-9,,-9,,-9,-6.5,2.1,-1.3,108
2015-01-19,0.1,,0.57,,-9,,-9,,-9,-4.0,3.1,-0.1,108
2015-01-20,,,-9.0,,-9,,-9,,-9,-6.4,4.4,-0.9,108
2015-01-21,,,-9.0,,-9,,-9,,-9,-1.2,6.5,2.6,108
2015-01-22,,,-9.0,,-9,,-9,,-9,0.8,7.1,3.1,108
2015-01-23,,,-9.0,,-9,,-9,,-9,-1.6,4.9,1.2,108
2015-01-24,,,-9.0,,-9,,-9,,-9,0.8,8.4,3.7,108
2015-01-25,3.0,3.5,10.45,,-9,,-9,,-9,1.1,5.0,3.0,108
2015-01-26,0.5,,6.33,,-9,,-9,,-9,0.2,6.5,3.6,108
2015-01-27,,,-9.0,,-9,,-9,,-9,-7.4,0.5,-3.6,108
2015-01-28,,,-9.0,,-9,,-9,,-9,-9.1,2.7,-4.1,108
2015-01-29,,,-9.0,,-9,,-9,,-9,-4.6,3.0,-1.1,108
2015-01-30,,,-9.0,,-9,,-9,,-9,-7.0,0.8,-3.3,108
2015-01-31,,,-9.0,,-9,,-9,,-9,-8.5,0.8,-4.5,108
2015-02-01,,,-9.0,,-9,,-9,,-9,-8.2,3.6,-3.0,108
2015-02-02,,,-9.0,,-9,,-9,,-9,-5.3,6.4,-0.6,108
2015-02-03,,,-9.0,,-9,,-9,,-9,-3.5,7.2,0.6,108
2015-02-04,,,-9.0,,-9,,-9,,-9,-3.1,5.8,0.4,108
2015-02-05,,,-9.0,,-9,,-9,,-9,-3.8,4.8,-0.1,108
2015-02-06,,,-9.0,,-9,,-9,,-9,-4.3,6.5,0.4,108
2015-02-07,,,-9.0,,-9,,-9,,-9,-2.7,5.7,1.2,108
2015-02-08,,,-9.0,,-9,,-9,,-9,-11.9,-2.8,-9.8,108
2015-02-09,0.2,0.2,3.83,,-9,,-9,,-9,-13.0,-0.1,-5.7,108
2015-02-10,,,-9.0,,-9,,-9,,-9,-2.0,5.8,1.7,108
2015-02-11,,,-9.0,,-9,,-9,,-9,-0.8,8.0,2.7,108
2015-02-12,,,-9.0,,-9,,-9,,-9,-4.7,1.6,-2.2,108
2015-02-13,,,-9.0,,-9,,-9,,-9,-6.4,4.0,-1.6,108
2015-02-14,,,-9.0,,-9,,-9,,-9,-3.1,6.6,2.0,108
2015-02-15,,2.0,-9.0,,-9,,-9,,-9,3.2,13.0,7.9,108
2015-02-16,10.5,9.0,23.5,,-9,,-9,,-9,4.1,7.9,5.0,108
2015-02-17,0.5,0.0,4.58,,-9,,-9,,-9,0.5,4.1,1.9,108
2015-02-18,0.0,0.0,0.75,,-9,,-9,,-9,-1.5,3.3,0.8,108
2015-02-19,,,-9.0,,-9,,-9,,-9,-2.7,8.6,2.2,108
2015-02-20,,0.0,-9.0,,-9,,-9,,-9,-1.3,11.4,5.2,108
2015-02-21,8.0,10.5,16.25,,-9,,-9,,-9,4.8,6.7,5.7,108
2015-02-22,2.5,,7.08,,-9,,-9,,-9,-0.7,7.0,3.5,108
2015-02-23,,,-9.0,,-9,,-9,,-9,-2.4,5.9,0.9,108
2015-02-24,,,-9.0,,-9,,-9,,-9,-1.1,7.5,2.1,108
2015-02-25,0.5,1.0,2.17,,-9,,-9,,-9,0.2,12.5,5.4,108
2015-02-26,0.5,,0.92,,-9,,-9,,-9,-3.5,4.7,1.2,108
2015-02-27,,,-9.0,,-9,,-9,,-9,-5.6,4.8,-1.3,108
2015-02-28,,0.0,-9.0,,-9,,-9,,-9,-2.0,6.4,2.7,108
2015-03-01,0.0,,2.82,,-9,,-9,,-9,-0.2,5.9,2.4,108
2015-03-02,,1.5,-9.0,,-9,,-9,,-9,-1.9,9.7,3.9,108
2015-03-03,5.5,4.0,9.33,,-9,,-9,,-9,-1.3,6.7,2.8,108
2015-03-04,,,-9.0,,-9,,-9,,-9,-4.6,1.4,-2.1,108
2015-03-05,,,-9.0,,-9,,-9,,-9,-5.4,5.5,-0.3,108
2015-03-06,,,-9.0,,-9,,-9,,-9,-3.2,10.4,2.9,108
2015-03-07,,,-9.0,,-9,,-9,,-9,-2.3,11.0,4.2,108
2015-03-08,,,-9.0,,-9,,-9,,-9,0.4,15.1,7.7,108
2015-03-09,,,-9.0,,-9,,-9,,-9,-5.4,8.2,2.2,108
2015-03-10,,,-9.0,,-9,,-9,,-9,-6.9,1.0,-3.4,108
2015-03-11,,,-9.0,,-9,,-9,,-9,-5.1,7.5,0.4,108
2015-03-12,,0.1,-9.0,,-9,,-9,,-9,-3.5,6.7,2.1,108
2015-03-13,0.1,,2.92,,-9,,-9,,-9,1.8,11.0,5.6,108
2015-03-14,,,-9.0,,-9,,-9,,-9,-1.2,11.6,4.3,108
2015-03-15,,,-9.0,,-9,,-9,,-9,0.0,12.5,5.5,108
2015-03-16,,,-9.0,,-9,,-9,,-9,1.3,18.6,9.8,108
2015-03-17,0.0,0.0,0.75,,-9,,-9,,-9,6.9,16.1,10.7,108
2015-03-18,1.5,1.5,5.17,,-9,,-9,,-9,8.4,14.4,10.7,108
2015-03-19,,,-9.0,,-9,,-9,,-9,6.5,21.0,12.4,108
2015-03-20,,,-9.0,,-9,,-9,,-9,7.6,21.9,13.4,108
2015-03-21,,,-9.0,,-9,,-9,,-9,6.9,17.8,11.7,108
2015-03-22,,,-9.0,,-9,,-9,,-9,2.2,14.9,8.3,108
2015-03-23,,,-9.0,,-9,,-9,,-9,0.0,10.1,4.6,108
2015-03-24,,,-9.0,,-9,,-9,,-9,-0.9,12.4,5.4,108
2015-03-25,,,-9.0,,-9,,-9,,-9,0.1,14.2,6.5,108
2015-03-26,,,-9.0,,-9,,-9,,-9,1.6,14.8,7.9,108
2015-03-27,,,-9.0,,-9,,-9,,-9,3.2,16.2,9.1,108
2015-03-28,,,-9.0,,-9,,-9,,-9,2.5,17.0,9.7,108
2015-03-29,,,-9.0,,-9,,-9,,-9,7.0,16.5,10.5,108
2015-03-30,,,-9.0,,-9,,-9,,-9,5.9,20.8,13.2,108
2015-03-31,2.5,5.0,8.0,,-9,,-9,,-9,10.0,14.9,12.9,108
2015-04-01,2.5,,4.83,2.0,112,1.0,148,,-9,10.0,17.6,12.9,108
2015-04-02,28.0,31.5,6.83,16.5,2022,8.5,2103,,-9,8.5,21.8,14.8,108
2015-04-03,3.5,,4.75,2.0,28,1.0,32,,-9,6.9,15.1,10.6,108
2015-04-04,0.0,0.0,4.17,0.0,-9,0.0,-9,,-9,8.9,18.5,13.5,108
2015-04-05,0.5,0.5,4.67,0.5,1257,0.5,1347,,-9,10.1,12.2,10.5,108
2015-04-06,,,-9.0,,-9,,-9,,-9,6.9,15.4,10.3,108
2015-04-07,0.0,0.0,1.48,0.0,-9,0.0,-9,,-9,5.5,12.2,8.4,108
2015-04-08,,,-9.0,,-9,,-9,,-9,3.5,13.7,8.3,108
2015-04-09,,,-9.0,,-9,,-9,,-9,3.8,16.3,9.6,108
2015-04-10,,,-9.0,,-9,,-9,,-9,4.6,19.2,11.6,108
2015-04-11,,,-9.0,,-9,,-9,,-9,6.7,20.7,13.5,108
2015-04-12,,,-9.0,,-9,,-9,,-9,9.1,20.4,14.9,108
2015-04-13,6.5,13.0,7.08,2.0,2040,0.5,1839,,-9,7.4,17.6,12.0,108
2015-04-14,10.5,5.0,21.42,2.5,703,1.0,753,,-9,5.8,8.0,6.9,108
2015-04-15,1.0,,3.67,0.5,1,0.5,1,,-9,5.6,17.0,11.1,108
2015-04-16,7.0,7.0,2.5,4.5,1321,2.0,1228,,-9,6.9,14.8,9.9,108
2015-04-17,,,-9.0,,-9,,-9,,-9,4.8,16.1,10.5,108
2015-04-18,0.0,0.0,0.67,0.0,-9,0.0,-9,,-9,5.2,23.7,15.2,108
2015-04-19,12.0,16.5,12.5,3.5,1101,1.0,1104,,-9,11.2,17.3,14.5,108
2015-04-20,5.5,1.0,12.5,1.5,146,0.5,1,,-9,10.3,16.8,12.2,108
2015-04-21,,,-9.0,,-9,,-9,,-9,7.7,20.9,14.0,108
2015-04-22,0.0,0.0,1.17,0.0,-9,0.0,-9,,-9,9.3,20.7,14.2,108
2015-04-23,,,-9.0,,-9,,-9,,-9,8.0,20.1,14.5,108
2015-04-24,,,-9.0,,-9,,-9,,-9,10.4,22.8,15.7,108
2015-04-25,,,-9.0,,-9,,-9,,-9,9.2,23.0,15.9,108
2015-04-26,,,-9.0,,-9,,-9,,-9,9.9,24.4,17.3,108
2015-04-27,,,-9.0,,-9,,-9,,-9,12.7,24.9,18.5,108
2015-04-28,0.0,1.5,0.42,0.0,-9,0.0,-9,,-9,12.3,26.9,20.3,108
2015-04-29,3.5,2.0,12.67,1.0,741,0.5,621,,-9,15.8,18.4,17.0,108
2015-04-30,,,-9.0,,-9,,-9,,-9,15.1,28.3,21.2,108
2015-05-01,,,-9.0,,-9,,-9,,-9,15.9,27.2,21.0,108
2015-05-02,0.5,3.0,3.25,0.5,2131,0.2,2135,,-9,15.8,26.0,20.7,108
2015-05-03,3.5,1.0,11.0,2.0,327,0.5,326,,-9,17.1,19.6,18.3,108
2015-05-04,,,-9.0,,-9,,-9,,-9,12.5,20.1,16.1,108
2015-05-05,,,-9.0,,-9,,-9,,-9,8.3,19.9,14.2,108
2015-05-06,,,-9.0,,-9,,-9,,-9,9.8,22.0,15.4,108
2015-05-07,,,-9.0,,-9,,-9,,-9,10.6,24.0,16.5,108
2015-05-08,,,-9.0,,-9,,-9,,-9,11.7,22.7,16.7,108
2015-05-09,,,-9.0,,-9,,-9,,-9,12.6,24.0,17.6,108
2015-05-10,,,-9.0,,-9,,-9,,-9,13.5,25.9,19.1,108
2015-05-11,14.0,23.5,7.75,6.5,2100,3.0,2115,,-9,14.4,24.1,18.4,108
2015-05-12,9.5,0.0,7.25,4.0,10,1.0,25,,-9,10.3,17.5,13.3,108
2015-05-13,0.0,,0.33,0.0,-9,0.0,-9,,-9,11.8,21.4,17.4,108
2015-05-14,,,-9.0,,-9,,-9,,-9,15.3,26.6,20.4,108
2015-05-15,,,-9.0,,-9,,-9,,-9,16.3,23.7,19.1,108
2015-05-16,,,-9.0,,-9,,-9,,-9,11.6,25.2,18.0,108
2015-05-17,,,-9.0,,-9,,-9,,-9,11.7,25.2,18.6,108
2015-05-18,,0.0,-9.0,,-9,,-9,,-9,13.7,22.2,17.7,108
2015-05-19,1.0,1.0,8.5,0.5,1642,0.5,1732,,-9,13.0,16.2,14.8,108
2015-05-20,,,-9.0,,-9,,-9,,-9,10.6,21.9,16.3,108
2015-05-21,,,-9.0,,-9,,-9,,-9,12.6,26.0,18.7,108
2015-05-22,,,-9.0,,-9,,-9,,-9,13.7,27.2,20.0,108
2015-05-23,,,-9.0,,-9,,-9,,-9,13.6,28.3,20.6,108
2015-05-24,,,-9.0,,-9,,-9,,-9,14.0,28.5,21.0,108
2015-05-25,,,-9.0,,-9,,-9,,-9,14.4,28.7,20.8,108
2015-05-26,,,-9.0,,-9,,-9,,-9,14.1,30.3,21.5,108
2015-05-27,,,-9.0,,-9,,-9,,-9,14.4,31.5,23.2,108
2015-05-28,,,-9.0,,-9,,-9,,-9,16.7,32.2,24.3,108
2015-05-29,,0.2,-9.0,,-9,,-9,,-9,18.5,29.8,23.8,108
2015-05-30,0.4,0.2,9.92,0.2,652,0.1,723,,-9,17.0,23.2,19.8,108
2015-05-31,,,-9.0,,-9,,-9,,-9,15.3,30.4,22.1,108
2015-06-01,,,-9.0,,-9,,-9,,-9,15.8,28.5,21.7,108
2015-06-02,,,-9.0,,-9,,-9,,-9,18.1,29.8,23.1,108
2015-06-03,,,-9.0,,-9,,-9,,-9,17.1,29.4,23.3,108
2015-06-04,,0.5,-9.0,,-9,,-9,,-9,17.1,31.5,24.2,108
2015-06-05,1.0,0.5,10.17,0.5,1303,0.5,1353,,-9,17.5,22.0,19.1,108
2015-06-06,,,-9.0,,-9,,-9,,-9,16.4,28.9,22.4,108
2015-06-07,,,-9.0,,-9,,-9,,-9,18.7,31.5,23.4,108
2015-06-08,,,-9.0,,-9,,-9,,-9,18.2,27.8,22.4,108
2015-06-09,,,-9.0,,-9,,-9,,-9,18.8,28.1,22.2,108
2015-06-10,,,-9.0,,-9,,-9,,-9,17.6,34.9,25.3,108
2015-06-11,7.5,8.0,5.38,5.5,2223,4.5,2308,,-9,20.7,30.2,24.6,108
2015-06-12,0.5,0.5,2.53,0.5,155,0.4,209,,-9,19.4,29.9,23.6,108
2015-06-13,0.5,15.5,2.72,0.4,37,0.3,47,,-9,20.1,30.9,24.7,108
2015-06-14,15.5,,2.65,15.0,512,6.0,522,,-9,17.8,27.7,22.8,108
2015-06-15,,,-9.0,,-9,,-9,,-9,19.6,30.6,24.2,108
2015-06-16,,,-9.0,,-9,,-9,,-9,20.0,30.9,25.0,108
2015-06-17,9.5,12.5,2.18,10.5,2330,6.0,2338,,-9,20.2,30.8,23.4,108
2015-06-18,3.0,0.0,3.0,2.5,1,0.5,1,,-9,19.6,31.3,24.8,108
2015-06-19,,,-9.0,,-9,,-9,,-9,20.0,29.9,24.5,108
2015-06-20,44.5,44.5,11.42,25.5,930,10.5,934,,-9,17.0,22.6,19.6,108
2015-06-21,,,-9.0,,-9,,-9,,-9,15.6,29.6,22.4,108
2015-06-22,,,-9.0,,-9,,-9,,-9,19.4,29.1,24.0,108
2015-06-23,,,-9.0,,-9,,-9,,-9,19.7,31.0,24.7,108
2015-06-24,,,-9.0,,-9,,-9,,-9,21.1,30.6,25.7,108
2015-06-25,2.0,14.5,6.33,1.1,2033,0.5,2050,,-9,21.0,29.1,24.8,108
2015-06-26,12.5,0.0,12.35,4.0,153,1.5,410,,-9,18.0,25.3,21.0,108
2015-06-27,,,-9.0,,-9,,-9,,-9,19.2,31.1,25.2,108
2015-06-28,,,-9.0,,-9,,-9,,-9,21.0,31.1,25.4,108
2015-06-29,0.0,0.0,0.63,0.0,-9,0.0,-9,,-9,21.2,30.6,25.7,108
2015-06-30,2.5,3.0,4.22,2.0,1823,0.5,1815,,-9,21.9,29.2,24.4,108
2015-07-01,0.5,,0.33,0.5,4,0.5,4,,-9,21.0,27.9,23.7,108
2015-07-02,,,-9.0,,-9,,-9,,-9,20.4,29.3,23.7,108
2015-07-03,,,-9.0,,-9,,-9,,-9,19.2,28.3,23.3,108
2015-07-04,,,-9.0,,-9,,-9,,-9,18.2,29.9,24.1,108
2015-07-05,,,-9.0,,-9,,-9,,-9,20.1,29.6,24.2,108
2015-07-06,,,-9.0,,-9,,-9,,-9,20.2,32.5,25.3,108
2015-07-07,,0.5,-9.0,,-9,,-9,,-9,21.4,29.7,25.6,108
2015-07-08,0.5,0.0,5.83,0.5,804,0.5,831,,-9,20.7,26.3,23.4,108
2015-07-09,,,-9.0,,-9,,-9,,-9,22.1,31.8,26.5,108
2015-07-10,,,-9.0,,-9,,-9,,-9,23.6,34.3,29.2,108
2015-07-11,0.0,7.0,3.17,0.0,-9,0.0,-9,,-9,25.7,36.0,30.4,108
2015-07-12,29.0,30.5,24.0,4.0,1110,1.5,145,,-9,24.0,28.0,24.8,108
2015-07-13,10.0,1.5,14.08,2.5,144,1.0,234,,-9,21.4,24.9,23.1,108
2015-07-14,,,-9.0,,-9,,-9,,-9,22.5,31.4,26.1,108
2015-07-15,,,-9.0,,-9,,-9,,-9,22.7,33.9,27.9,108
2015-07-16,,,-9.0,,-9,,-9,,-9,20.6,28.9,24.7,108
2015-07-17,,,-9.0,,-9,,-9,,-9,18.4,28.6,23.6,108
2015-07-18,0.5,5.0,3.95,0.5,1739,0.3,1806,,-9,22.3,27.8,24.3,108
2015-07-19,5.0,0.5,8.33,2.5,145,1.0,235,,-9,21.3,29.8,25.1,108
2015-07-20,,11.0,-9.0,,-9,,-9,,-9,24.4,31.2,27.5,108
2015-07-21,11.0,0.0,3.92,10.5,417,6.5,505,,-9,24.6,29.6,27.0,108
2015-07-22,1.0,1.0,2.0,0.5,1228,0.5,1318,,-9,25.3,31.7,27.7,108
2015-07-23,16.0,31.5,7.83,6.0,1615,5.0,1657,,-9,24.9,32.1,26.9,108
2015-07-24,26.5,42.0,19.58,7.0,347,2.0,412,,-9,22.6,25.4,24.7,108
2015-07-25,80.0,89.5,13.08,31.0,1635,9.5,458,,-9,24.4,26.4,25.0,108
2015-07-26,40.5,1.5,9.5,14.0,546,3.5,617,,-9,23.5,30.0,26.0,108
2015-07-27,1.5,0.0,6.0,1.5,312,1.1,358,,-9,24.4,30.0,26.2,108
2015-07-28,0.0,3.5,0.58,0.0,-9,0.0,-9,,-9,24.6,31.2,27.7,108
2015-07-29,4.0,0.5,4.28,3.0,737,1.5,831,,-9,24.8,28.8,26.7,108
2015-07-30,,,-9.0,,-9,,-9,,-9,25.5,33.1,28.6,108
2015-07-31,,,-9.0,,-9,,-9,,-9,26.2,32.4,27.9,108
2015-08-01,,16.5,-9.0,,-9,,-9,,-9,26.0,31.6,28.2,108
2015-08-02,16.5,0.0,4.67,14.5,145,11.0,205,,-9,24.1,29.2,26.5,108
2015-08-03,0.0,0.0,0.2,0.0,-9,0.0,-9,,-9,25.6,31.5,27.9,108
2015-08-04,,0.1,-9.0,,-9,,-9,,-9,25.4,30.8,27.5,108
2015-08-05,0.1,,1.33,0.1,740,0.1,741,,-9,25.9,32.7,28.6,108
2015-08-06,,,-9.0,,-9,,-9,,-9,24.5,34.4,29.3,108
2015-08-07,11.0,11.0,2.2,9.0,1540,2.0,1631,,-9,26.0,34.4,28.9,108
2015-08-08,7.5,7.5,1.43,6.0,1351,3.0,1350,,-9,24.3,33.0,26.6,108
2015-08-09,,,-9.0,,-9,,-9,,-9,23.3,31.0,26.7,108
2015-08-10,,,-9.0,,-9,,-9,,-9,23.9,32.0,27.0,108
2015-08-11,,,-9.0,,-9,,-9,,-9,24.5,30.6,26.8,108
2015-08-12,,,-9.0,,-9,,-9,,-9,22.1,32.9,27.3,108
2015-08-13,0.0,0.0,2.7,0.0,-9,0.0,-9,,-9,23.9,31.1,26.5,108
2015-08-14,,,-9.0,,-9,,-9,,-9,22.7,32.5,26.9,108
2015-08-15,0.1,0.1,0.58,0.1,-9,0.1,-9,,-9,23.1,30.8,27.1,108
2015-08-16,29.0,29.0,3.47,21.5,1849,15.5,1850,,-9,20.7,31.2,25.8,108
2015-08-17,,,-9.0,,-9,,-9,,-9,19.8,32.9,26.6,108
2015-08-18,,,-9.0,,-9,,-9,,-9,24.1,32.2,27.9,108
2015-08-19,0.0,0.0,0.75,0.0,-9,0.0,-9,,-9,24.2,29.7,26.8,108
2015-08-20,0.4,2.9,1.6,0.4,1110,0.3,1110,,-9,24.2,28.1,25.4,108
2015-08-21,2.5,0.0,6.75,2.3,354,2.0,437,,-9,23.0,29.3,25.2,108
2015-08-22,0.0,0.0,0.25,0.0,-9,0.0,-9,,-9,23.4,29.6,25.5,108
2015-08-23,,,-9.0,,-9,,-9,,-9,20.9,31.7,26.3,108
2015-08-24,,0.4,-9.0,,-9,,-9,,-9,23.3,30.3,26.3,108
2015-08-25,5.5,5.1,16.3,1.5,1601,0.5,856,,-9,19.2,24.5,21.7,108
2015-08-26,0.0,0.0,1.72,0.0,-9,0.0,-9,,-9,18.9,25.3,21.9,108
2015-08-27,0.0,,0.75,0.0,-9,0.0,-9,,-9,21.2,30.0,24.7,108
2015-08-28,0.3,0.3,1.58,0.3,1825,0.2,-9,,-9,19.0,28.1,23.2,108
2015-08-29,,,-9.0,,-9,,-9,,-9,19.0,30.8,24.4,108
2015-08-30,0.0,0.0,0.42,0.0,-9,0.0,-9,,-9,19.9,31.0,24.9,108
2015-08-31,,,-9.0,,-9,,-9,,-9,21.0,31.2,25.9,108
2015-09-01,,0.0,-9.0,,-9,,-9,,-9,22.6,30.7,25.9,108
2015-09-02,0.5,18.5,3.73,0.4,1320,0.2,1334,,-9,22.0,27.7,23.9,108
2015-09-03,18.0,0.0,2.75,16.5,252,12.0,342,,-9,19.8,28.2,23.9,108
2015-09-04,,,-9.0,,-9,,-9,,-9,20.6,30.7,24.8,108
2015-09-05,5.0,5.0,3.7,3.0,955,1.0,1034,,-9,19.4,23.6,21.9,108
2015-09-06,,,-9.0,,-9,,-9,,-9,19.3,26.2,22.2,108
2015-09-07,,,-9.0,,-9,,-9,,-9,16.8,28.7,22.6,108
2015-09-08,,,-9.0,,-9,,-9,,-9,16.2,28.9,22.7,108
2015-09-09,,,-9.0,,-9,,-9,,-9,15.3,30.1,22.4,108
2015-09-10,,,-9.0,,-9,,-9,,-9,17.0,28.4,22.4,108
2015-09-11,2.5,2.5,5.3,2.0,1850,1.0,1908,,-9,16.8,24.4,21.0,108
2015-09-12,,,-9.0,,-9,,-9,,-9,15.5,24.0,19.2,108
2015-09-13,,,-9.0,,-9,,-9,,-9,15.2,26.0,20.2,108
2015-09-14,,,-9.0,,-9,,-9,,-9,16.4,27.8,22.1,108
2015-09-15,,,-9.0,,-9,,-9,,-9,17.4,28.7,22.8,108
2015-09-16,,,-9.0,,-9,,-9,,-9,16.0,26.7,21.6,108
2015-09-17,,,-9.0,,-9,,-9,,-9,15.5,27.6,21.4,108
2015-09-18,,,-9.0,,-9,,-9,,-9,15.9,29.2,21.9,108
2015-09-19,,,-9.0,,-9,,-9,,-9,17.0,29.0,22.3,108
2015-09-20,,,-9.0,,-9,,-9,,-9,17.9,28.3,22.1,108
2015-09-21,,,-9.0,,-9,,-9,,-9,16.5,29.4,22.6,108
2015-09-22,,,-9.0,,-9,,-9,,-9,18.0,31.0,23.9,108
2015-09-23,,,-9.0,,-9,,-9,,-9,19.0,26.1,22.0,108
2015-09-24,,,-9.0,,-9,,-9,,-9,17.5,30.6,23.4,108
2015-09-25,,,-9.0,,-9,,-9,,-9,19.0,29.8,23.4,108
2015-09-26,,,-9.0,,-9,,-9,,-9,17.9,28.0,22.4,108
2015-09-27,,,-9.0,,-9,,-9,,-9,14.2,29.8,21.9,108
2015-09-28,0.0,0.0,1.32,0.0,-9,0.0,-9,,-9,15.5,28.3,21.4,108
2015-09-29,,,-9.0,,-9,,-9,,-9,15.9,28.2,22.1,108
2015-09-30,,0.5,-9.0,,-9,,-9,,-9,19.4,26.2,21.3,108
2015-10-01,35.0,34.5,9.78,16.5,1108,5.5,1002,,-9,10.7,19.7,16.3,108
2015-10-02,,,-9.0,,-9,,-9,,-9,8.6,21.5,16.5,108
2015-10-03,,,-9.0,,-9,,-9,,-9,13.3,24.5,19.2,108
2015-10-04,,,-9.0,,-9,,-9,,-9,11.2,22.4,16.6,108
2015-10-05,,,-9.0,,-9,,-9,,-9,11.0,25.6,18.0,108
2015-10-06,,,-9.0,,-9,,-9,,-9,12.1,26.3,18.7,108
2015-10-07,,,-9.0,,-9,,-9,,-9,14.1,25.7,19.6,108
2015-10-08,,,-9.0,,-9,,-9,,-9,15.7,26.4,20.1,108
2015-10-09,,3.5,-9.0,,-9,,-9,,-9,12.8,20.5,16.2,108
2015-10-10,3.5,0.0,5.92,3.0,549,1.0,546,,-9,10.4,17.2,12.8,108
2015-10-11,3.5,3.5,3.98,2.0,1740,1.5,1630,,-9,8.1,14.4,10.8,108
2015-10-12,,,-9.0,,-9,,-9,,-9,8.2,17.9,12.3,108
2015-10-13,,,-9.0,,-9,,-9,,-9,7.8,21.3,15.0,108
2015-10-14,,,-9.0,,-9,,-9,,-9,10.9,24.5,17.1,108
2015-10-15,,,-9.0,,-9,,-9,,-9,12.1,26.1,17.9,108
2015-10-16,,,-9.0,,-9,,-9,,-9,13.2,24.2,17.5,108
2015-10-17,,,-9.0,,-9,,-9,,-9,12.4,26.6,18.7,108
2015-10-18,,,-9.0,,-9,,-9,,-9,12.4,24.2,17.9,108
2015-10-19,,,-9.0,,-9,,-9,,-9,13.6,23.9,18.1,108
2015-10-20,,,-9.0,,-9,,-9,,-9,15.4,25.1,18.8,108
2015-10-21,,,-9.0,,-9,,-9,,-9,13.9,22.7,17.9,108
2015-10-22,,,-9.0,,-9,,-9,,-9,14.5,23.1,17.5,108
2015-10-23,,10.5,-9.0,,-9,,-9,,-9,15.2,21.4,17.5,108
2015-10-24,10.5,,1.87,10.5,507,5.5,549,,-9,13.2,22.0,16.9,108
2015-10-25,,,-9.0,,-9,,-9,,-9,12.1,22.8,16.3,108
2015-10-26,2.0,28.5,5.8,1.0,2207,0.5,1733,,-9,12.0,18.7,15.0,108
2015-10-27,26.5,,0.07,4.5,328,2.0,29,,-9,7.7,15.9,12.1,108
2015-10-28,,,-9.0,,-9,,-9,,-9,5.6,15.8,9.9,108
2015-10-29,0.5,0.5,2.08,0.5,1835,0.5,1844,,-9,3.2,14.7,8.4,108
2015-10-30,,,-9.0,,-9,,-9,,-9,1.7,10.4,5.4,108
2015-10-31,,,-9.0,,-9,,-9,,-9,1.1,12.3,5.7,108
2015-11-01,,,-9.0,,-9,,-9,,-9,1.3,12.6,7.0,108
2015-11-02,,,-9.0,,-9,,-9,,-9,6.1,15.2,10.8,108
2015-11-03,,,-9.0,,-9,,-9,,-9,6.6,18.7,11.8,108
2015-11-04,,,-9.0,,-9,,-9,,-9,5.8,19.8,12.2,108
2015-11-05,,,-9.0,,-9,,-9,,-9,8.6,19.2,13.2,108
2015-11-06,4.5,7.5,7.62,,-9,,-9,,-9,9.6,19.2,13.5,108
2015-11-07,24.5,28.0,24.0,,-9,,-9,,-9,9.3,11.7,10.5,108
2015-11-08,10.5,7.5,22.67,,-9,,-9,,-9,10.3,11.8,11.1,108
2015-11-09,3.5,0.0,7.42,,-9,,-9,,-9,9.8,12.1,10.8,108
2015-11-10,,,-9.0,,-9,,-9,,-9,7.7,13.5,10.0,108
2015-11-11,,,-9.0,,-9,,-9,,-9,6.6,17.7,11.6,108
2015-11-12,,,-9.0,,-9,,-9,,-9,10.2,21.0,14.5,108
2015-11-13,22.5,26.0,14.67,,-9,,-9,,-9,10.5,13.1,11.5,108
2015-11-14,3.5,0.0,15.33,,-9,,-9,,-9,11.0,14.2,12.8,108
2015-11-15,,,-9.0,,-9,,-9,,-9,10.6,17.2,13.4,108
2015-11-16,5.5,5.5,10.42,,-9,,-9,,-9,10.7,14.0,12.2,108
2015-11-17,,0.0,-9.0,,-9,,-9,,-9,11.0,19.3,13.9,108
2015-11-18,5.5,5.5,10.83,,-9,,-9,,-9,8.4,12.6,10.4,108
2015-11-19,,,-9.0,,-9,,-9,,-9,6.7,10.8,8.9,108
2015-11-20,,,-9.0,,-9,,-9,,-9,7.1,14.4,9.8,108
2015-11-21,,,-9.0,,-9,,-9,,-9,5.0,15.4,9.2,108
2015-11-22,3.5,10.0,5.67,,-9,,-9,,-9,5.9,15.7,10.2,108
2015-11-23,6.5,,8.67,,-9,,-9,,-9,6.5,11.0,8.5,108
2015-11-24,0.5,10.5,1.72,,-9,,-9,,-9,2.7,8.8,5.6,108
2015-11-25,11.0,1.0,16.25,,-9,,-9,,-9,0.9,5.3,2.4,108
2015-11-26,0.0,0.0,3.7,,-9,,-9,,-9,-4.8,0.9,-2.7,108
2015-11-27,,0.0,-9.0,,-9,,-9,,-9,-7.3,2.0,-2.8,108
2015-11-28,0.1,1.0,3.92,,-9,,-9,,-9,-2.7,2.6,0.1,108
2015-11-29,3.0,2.0,13.38,,-9,,-9,,-9,1.0,3.9,2.5,108
2015-11-30,,,-9.0,,-9,,-9,,-9,0.9,8.5,4.1,108
2015-12-01,,4.5,-9.0,,-9,,-9,,-9,-1.3,10.4,4.0,108
2015-12-02,13.5,11.9,9.0,,-9,,-9,,-9,2.9,8.5,6.0,108
2015-12-03,7.1,4.2,12.17,,-9,,-9,,-9,-3.2,3.3,-0.7,108
2015-12-04,,,-9.0,,-9,,-9,,-9,-4.4,3.1,-0.4,108
2015-12-05,,,-9.0,,-9,,-9,,-9,0.6,7.2,3.4,108
2015-12-06,,,-9.0,,-9,,-9,,-9,-2.0,7.8,1.3,108
2015-12-07,,,-9.0,,-9,,-9,,-9,-3.4,6.7,1.9,108
2015-12-08,,,-9.0,,-9,,-9,,-9,-1.4,9.6,2.9,108
2015-12-09,,0.0,-9.0,,-9,,-9,,-9,-0.8,10.9,5.0,108
2015-12-10,0.3,0.3,6.83,,-9,,-9,,-9,5.8,9.2,7.8,108
2015-12-11,,,-9.0,,-9,,-9,,-9,3.3,12.2,6.4,108
2015-12-12,,,-9.0,,-9,,-9,,-9,1.1,11.0,5.2,108
2015-12-13,,0.0,-9.0,,-9,,-9,,-9,0.9,12.2,5.2,108
2015-12-14,2.5,2.6,12.45,,-9,,-9,,-9,2.6,6.4,5.0,108
2015-12-15,0.1,,0.65,,-9,,-9,,-9,2.0,8.2,4.7,108
2015-12-16,,,-9.0,,-9,,-9,,-9,-5.0,2.8,-1.0,108
2015-12-17,,,-9.0,,-9,,-9,,-9,-7.4,-0.4,-4.6,108
2015-12-18,0.0,0.0,0.42,,-9,,-9,,-9,-7.0,-1.0,-3.3,108
2015-12-19,,,-9.0,,-9,,-9,,-9,-4.6,6.8,-0.1,108
2015-12-20,,1.0,-9.0,,-9,,-9,,-9,-3.4,6.0,1.5,108
2015-12-21,2.0,1.0,4.67,,-9,,-9,,-9,-0.2,5.0,2.2,108
2015-12-22,,0.4,-9.0,,-9,,-9,,-9,-1.5,7.7,3.1,108
2015-12-23,0.4,0.0,6.98,,-9,,-9,,-9,2.9,10.6,5.9,108
2015-12-24,,,-9.0,,-9,,-9,,-9,-1.6,5.3,1.5,108
2015-12-25,0.0,0.7,1.83,,-9,,-9,,-9,-4.9,3.7,-0.8,108
2015-12-26,0.7,0.0,3.33,,-9,,-9,,-9,-3.2,4.7,0.9,108
2015-12-27,,,-9.0,,-9,,-9,,-9,-8.9,-1.0,-5.7,108
2015-12-28,,,-9.0,,-9,,-9,,-9,-9.5,-1.0,-5.7,108
2015-12-29,,,-9.0,,-9,,-9,,-9,-8.7,2.9,-3.2,108
2015-12-30,2.5,2.5,3.75,,-9,,-9,,-9,-3.5,4.3,0.3,108
2015-12-31,,,-9.0,,-9,,-9,,-9,-1.9,2.8,0.7,108
2016-01-01,,,-9.0,,-9,,-9,,-9,-3.3,4.0,1.2,108
2016-01-02,,,-9.0,,-9,,-9,,-9,1.0,9.5,5.7,108
2016-01-03,,,-9.0,,-9,,-9,,-9,5.1,9.4,6.5,108
2016-01-04,,,-9.0,,-9,,-9,,-9,-2.5,5.3,2.0,108
2016-01-05,,,-9.0,,-9,,-9,,-9,-4.8,1.5,-2.7,108
2016-01-06,,,-9.0,,-9,,-9,,-9,-4.9,1.7,-1.7,108
2016-01-07,,,-9.0,,-9,,-9,,-9,-5.9,1.4,-3.4,108
2016-01-08,,,-9.0,,-9,,-9,,-9,-6.9,1.0,-3.3,108
2016-01-09,,,-9.0,,-9,,-9,,-9,-6.2,2.4,-2.1,108
2016-01-10,,,-9.0,,-9,,-9,,-9,-2.7,3.8,0.3,108
2016-01-11,,,-9.0,,-9,,-9,,-9,-6.5,0.9,-3.8,108
2016-01-12,,,-9.0,,-9,,-9,,-9,-9.1,0.7,-5.2,108
2016-01-13,0.4,0.4,3.42,,-9,,-9,,-9,-8.2,0.1,-4.5,108
2016-01-14,0.0,0.0,2.1,,-9,,-9,,-9,-8.4,1.3,-3.4,108
2016-01-15,,,-9.0,,-9,,-9,,-9,-4.3,5.3,-0.4,108
2016-01-16,0.1,0.1,4.83,,-9,,-9,,-9,-2.1,2.8,-0.2,108
2016-01-17,,0.2,-9.0,,-9,,-9,,-9,-0.7,5.4,1.7,108
2016-01-18,0.2,0.0,4.9,,-9,,-9,,-9,-12.3,0.4,-6.3,108
2016-01-19,,,-9.0,,-9,,-9,,-9,-15.1,-8.9,-12.8,108
2016-01-20,,,-9.0,,-9,,-9,,-9,-14.5,-5.2,-10.5,108
2016-01-21,,,-9.0,,-9,,-9,,-9,-10.2,-2.3,-7.1,108
2016-01-22,,,-9.0,,-9,,-9,,-9,-11.1,-3.8,-7.6,108
2016-01-23,0.0,0.0,0.58,,-9,,-9,,-9,-16.0,-8.3,-11.5,108
2016-01-24,,,-9.0,,-9,,-9,,-9,-18.0,-10.5,-14.4,108
2016-01-25,,0.1,-9.0,,-9,,-9,,-9,-14.3,-3.4,-9.4,108
2016-01-26,0.3,0.2,8.33,,-9,,-9,,-9,-8.5,1.7,-3.3,108
2016-01-27,,,-9.0,,-9,,-9,,-9,-4.7,4.3,-1.1,108
2016-01-28,,,-9.0,,-9,,-9,,-9,-5.6,3.5,-0.5,108
2016-01-29,,,-9.0,,-9,,-9,,-9,-1.4,5.4,1.9,108
2016-01-30,,,-9.0,,-9,,-9,,-9,-2.5,5.2,0.6,108
2016-01-31,,,-9.0,,-9,,-9,,-9,-6.5,0.3,-3.9,108
2016-02-01,,,-9.0,,-9,,-9,,-9,-9.1,-1.0,-6.0,108
2016-02-02,,,-9.0,,-9,,-9,,-9,-10.0,0.9,-5.3,108
2016-02-03,,,-9.0,,-9,,-9,,-9,-8.3,4.0,-2.4,108
2016-02-04,,,-9.0,,-9,,-9,,-9,-4.0,3.9,-0.7,108
2016-02-05,,,-9.0,,-9,,-9,,-9,-6.8,3.4,-2.2,108
2016-02-06,,,-9.0,,-9,,-9,,-9,-6.2,2.0,-3.1,108
2016-02-07,,,-9.0,,-9,,-9,,-9,-8.3,3.5,-2.9,108
2016-02-08,,,-9.0,,-9,,-9,,-9,-4.3,5.5,1.3,108
2016-02-09,,,-9.0,,-9,,-9,,-9,-3.9,5.5,0.3,108
2016-02-10,,,-9.0,,-9,,-9,,-9,-4.3,10.7,2.7,108
2016-02-11,0.1,15.6,2.08,,-9,,-9,,-9,1.6,13.5,8.1,108
2016-02-12,18.0,4.5,24.0,,-9,,-9,,-9,6.8,10.0,8.4,108
2016-02-13,21.0,21.5,14.1,,-9,,-9,,-9,5.8,14.4,11.0,108
2016-02-14,2.5,0.0,9.0,,-9,,-9,,-9,-6.8,5.8,-2.6,108
2016-02-15,0.0,0.0,1.72,,-9,,-9,,-9,-10.0,-2.3,-5.8,108
2016-02-16,0.8,0.8,4.92,,-9,,-9,,-9,-6.7,1.1,-2.7,108
2016-02-17,,,-9.0,,-9,,-9,,-9,-5.2,5.4,0.0,108
2016-02-18,,,-9.0,,-9,,-9,,-9,-1.4,7.8,3.5,108
2016-02-19,,,-9.0,,-9,,-9,,-9,0.1,4.4,2.3,108
2016-02-20,,,-9.0,,-9,,-9,,-9,-2.5,6.3,1.3,108
2016-02-21,,,-9.0,,-9,,-9,,-9,-4.2,4.4,-0.6,108
2016-02-22,0.0,0.9,2.25,,-9,,-9,,-9,-2.2,4.2,1.1,108
2016-02-23,0.9,,2.5,,-9,,-9,,-9,-4.5,4.5,0.7,108
2016-02-24,,,-9.0,,-9,,-9,,-9,-6.8,2.2,-3.0,108
2016-02-25,,,-9.0,,-9,,-9,,-9,-5.8,5.7,-0.2,108
2016-02-26,0.0,0.2,0.5,,-9,,-9,,-9,-3.2,7.5,2.2,108
2016-02-27,0.2,,3.83,,-9,,-9,,-9,0.5,8.1,3.3,108
2016-02-28,4.1,4.1,4.0,,-9,,-9,,-9,-2.6,6.9,0.7,108
2016-02-29,0.0,0.0,2.05,,-9,,-9,,-9,-5.9,-1.1,-3.8,108
2016-03-01,,,-9.0,,-9,,-9,,-9,-7.5,2.1,-2.7,108
2016-03-02,,,-9.0,,-9,,-9,,-9,-2.2,8.1,3.1,108
2016-03-03,,,-9.0,,-9,,-9,,-9,4.4,13.9,8.1,108
2016-03-04,0.1,6.1,1.03,,-9,,-9,,-9,6.4,20.3,13.2,108
2016-03-05,40.0,34.2,10.87,,-9,,-9,,-9,9.1,13.5,11.3,108
2016-03-06,0.2,,2.92,,-9,,-9,,-9,4.3,12.9,7.9,108
2016-03-07,0.0,0.0,0.17,,-9,,-9,,-9,4.8,12.2,8.1,108
2016-03-08,,,-9.0,,-9,,-9,,-9,-1.4,7.0,2.7,108
2016-03-09,,,-9.0,,-9,,-9,,-9,-2.7,5.3,0.3,108
2016-03-10,,,-9.0,,-9,,-9,,-9,-4.3,3.1,-1.1,108
2016-03-11,,,-9.0,,-9,,-9,,-9,-5.5,4.6,-0.5,108
2016-03-12,,0.1,-9.0,,-9,,-9,,-9,-3.3,6.4,2.0,108
2016-03-13,0.1,0.0,2.0,,-9,,-9,,-9,1.9,6.5,3.7,108
2016-03-14,,,-9.0,,-9,,-9,,-9,1.3,9.6,4.7,108
2016-03-15,,,-9.0,,-9,,-9,,-9,-1.0,12.4,5.2,108
2016-03-16,,,-9.0,,-9,,-9,,-9,2.7,13.8,7.5,108
2016-03-17,,,-9.0,,-9,,-9,,-9,2.0,14.7,9.3,108
2016-03-18,,,-9.0,,-9,,-9,,-9,8.8,20.1,13.4,108
2016-03-19,,,-9.0,,-9,,-9,,-9,6.6,18.1,11.4,108
2016-03-20,,,-9.0,,-9,,-9,,-9,4.9,17.5,10.6,108
2016-03-21,,,-9.0,,-9,,-9,,-9,5.5,16.1,9.9,108
2016-03-22,,,-9.0,,-9,,-9,,-9,3.5,13.8,8.0,108
2016-03-23,,,-9.0,,-9,,-9,,-9,3.8,13.8,8.2,108
2016-03-24,,,-9.0,,-9,,-9,,-9,1.6,12.7,7.2,108
2016-03-25,,,-9.0,,-9,,-9,,-9,2.1,12.6,7.1,108
2016-03-26,,,-9.0,,-9,,-9,,-9,2.1,12.6,6.5,108
2016-03-27,,,-9.0,,-9,,-9,,-9,2.2,13.1,7.2,108
2016-03-28,,,-9.0,,-9,,-9,,-9,2.3,17.4,9.8,108
2016-03-29,0.1,0.1,1.17,,-9,,-9,,-9,7.6,17.1,11.3,108
2016-03-30,,,-9.0,,-9,,-9,,-9,7.0,18.3,11.5,108
2016-03-31,,,-9.0,,-9,,-9,,-9,6.0,21.4,13.5,108
2016-04-01,,,-9.0,,-9,,-9,,-9,7.3,23.8,15.3,108
2016-04-02,,0.0,-9.0,,-9,,-9,,-9,9.6,21.7,15.0,108
2016-04-03,2.0,2.0,8.43,1.0,1500,0.5,1229,,-9,8.2,12.7,10.7,108
2016-04-04,,,-9.0,,-9,,-9,,-9,5.1,19.8,12.3,108
2016-04-05,,,-9.0,,-9,,-9,,-9,5.9,18.1,11.4,108
2016-04-06,3.0,10.5,2.12,2.5,2242,1.0,2319,,-9,6.6,22.9,14.4,108
2016-04-07,7.5,,6.95,2.0,2,0.5,0,,-9,10.5,20.6,14.1,108
2016-04-08,,,-9.0,,-9,,-9,,-9,7.8,18.7,11.1,108
2016-04-09,,,-9.0,,-9,,-9,,-9,7.4,14.1,10.7,108
2016-04-10,,,-9.0,,-9,,-9,,-9,9.3,20.7,13.4,108
2016-04-11,,,-9.0,,-9,,-9,,-9,5.7,19.4,12.5,108
2016-04-12,,1.0,-9.0,,-9,,-9,,-9,10.3,19.4,14.1,108
2016-04-13,1.0,0.0,7.5,1.0,629,0.5,652,,-9,11.4,21.4,15.6,108
2016-04-14,,,-9.0,,-9,,-9,,-9,9.3,18.6,12.4,108
2016-04-15,,,-9.0,,-9,,-9,,-9,8.1,23.1,15.0,108
2016-04-16,23.5,44.0,11.17,7.5,1936,2.0,1958,,-9,9.8,20.7,14.9,108
2016-04-17,20.5,,5.67,7.5,38,2.0,106,,-9,8.3,14.5,10.8,108
2016-04-18,1.5,1.5,2.13,1.5,1707,0.5,1713,,-9,7.1,18.6,11.2,108
2016-04-19,,,-9.0,,-9,,-9,,-9,6.5,19.2,12.0,108
2016-04-20,0.5,16.5,7.2,0.3,1844,0.1,1847,,-9,10.1,20.9,14.3,108
2016-04-21,17.0,1.0,11.83,4.0,657,1.0,326,,-9,10.3,16.9,13.5,108
2016-04-22,0.0,0.0,0.5,0.0,-9,0.0,-9,,-9,10.1,18.6,13.5,108
2016-04-23,,,-9.0,,-9,,-9,,-9,7.8,19.8,13.5,108
2016-04-24,,,-9.0,,-9,,-9,,-9,8.1,23.7,15.5,108
2016-04-25,,,-9.0,,-9,,-9,,-9,10.2,25.3,17.2,108
2016-04-26,,,-9.0,,-9,,-9,,-9,12.1,29.6,21.1,108
2016-04-27,,,-9.0,,-9,,-9,,-9,14.5,20.7,17.2,108
2016-04-28,,0.3,-9.0,,-9,,-9,,-9,12.4,23.0,17.2,108
2016-04-29,0.3,,0.23,0.3,204,0.3,206,,-9,10.9,22.6,16.2,108
2016-04-30,,,-9.0,,-9,,-9,,-9,10.8,20.4,15.9,108
2016-05-01,,,-9.0,,-9,,-9,,-9,12.2,26.0,18.8,108
2016-05-02,16.5,32.0,7.08,7.0,2119,2.5,2143,,-9,16.5,28.4,21.1,108
2016-05-03,27.0,11.5,20.72,6.0,904,3.0,954,,-9,8.9,17.6,12.9,108
2016-05-04,,,-9.0,,-9,,-9,,-9,10.2,20.6,15.7,108
2016-05-05,7.5,13.0,3.33,6.0,2236,2.5,2305,,-9,10.2,26.9,18.9,108
2016-05-06,9.5,4.0,10.87,5.0,727,2.0,745,,-9,13.0,18.6,16.3,108
2016-05-07,,,-9.0,,-9,,-9,,-9,10.7,22.6,16.5,108
2016-05-08,,,-9.0,,-9,,-9,,-9,11.6,26.8,19.4,108
2016-05-09,0.0,5.0,0.28,0.0,-9,0.0,-9,,-9,16.3,25.4,20.2,108
2016-05-10,13.5,8.5,12.5,2.5,950,0.5,459,,-9,12.5,18.1,14.5,108
2016-05-11,,,-9.0,,-9,,-9,,-9,10.4,23.5,16.4,108
2016-05-12,,0.5,-9.0,,-9,,-9,,-9,12.1,24.0,17.8,108
2016-05-13,0.5,,3.08,0.5,110,0.5,200,,-9,12.7,25.4,18.6,108
2016-05-14,,,-9.0,,-9,,-9,,-9,15.1,26.9,20.2,108
2016-05-15,45.0,47.5,10.17,12.0,1617,3.5,1641,,-9,12.3,24.2,17.4,108
2016-05-16,2.5,,2.33,1.5,-2331,0.5,2,,-9,10.8,21.9,15.9,108
2016-05-17,,,-9.0,,-9,,-9,,-9,10.9,26.6,19.3,108
2016-05-18,,,-9.0,,-9,,-9,,-9,13.5,29.5,22.3,108
2016-05-19,,,-9.0,,-9,,-9,,-9,16.3,31.9,24.3,108
2016-05-20,,,-9.0,,-9,,-9,,-9,16.8,31.6,24.0,108
2016-05-21,,,-9.0,,-9,,-9,,-9,17.8,30.4,24.1,108
2016-05-22,,,-9.0,,-9,,-9,,-9,17.6,31.7,24.7,108
2016-05-23,,34.5,-9.0,,-9,,-9,,-9,18.3,29.4,23.3,108
2016-05-24,38.5,4.0,11.17,7.5,327,2.5,332,,-9,15.4,21.8,16.8,108
2016-05-25,,,-9.0,,-9,,-9,,-9,15.3,24.4,19.7,108
2016-05-26,0.0,0.0,1.25,0.0,-9,0.0,-9,,-9,17.5,22.9,19.4,108
2016-05-27,,,-9.0,,-9,,-9,,-9,14.8,27.1,20.9,108
2016-05-28,,,-9.0,,-9,,-9,,-9,17.2,28.0,21.7,108
2016-05-29,,,-9.0,,-9,,-9,,-9,17.2,27.6,21.5,108
2016-05-30,,,-9.0,,-9,,-9,,-9,16.9,28.9,22.1,108
2016-05-31,,,-9.0,,-9,,-9,,-9,17.4,27.6,21.6,108
2016-06-01,,,-9.0,,-9,,-9,,-9,17.1,29.9,23.3,108
2016-06-02,,,-9.0,,-9,,-9,,-9,17.2,29.1,23.2,108
2016-06-03,,,-9.0,,-9,,-9,,-9,17.6,27.7,22.2,108
2016-06-04,,,-9.0,,-9,,-9,,-9,18.2,26.3,21.2,108
2016-06-05,,,-9.0,,-9,,-9,,-9,17.3,32.2,24.7,108
2016-06-06,0.0,0.1,0.83,0.0,-9,0.0,-9,,-9,20.8,28.4,23.3,108
2016-06-07,0.1,0.0,2.32,0.1,-9,0.1,-9,,-9,19.6,25.9,21.7,108
2016-06-08,,,-9.0,,-9,,-9,,-9,18.2,27.7,22.1,108
2016-06-09,,,-9.0,,-9,,-9,,-9,17.8,31.3,24.1,108
2016-06-10,,,-9.0,,-9,,-9,,-9,20.2,31.3,24.6,108
2016-06-11,3.0,4.5,2.8,1.5,1507,1.5,1516,,-9,20.9,26.5,23.5,108
2016-06-12,1.5,,1.87,1.5,-2331,1.0,515,,-9,19.9,26.7,23.5,108
2016-06-13,,,-9.0,,-9,,-9,,-9,19.4,29.6,23.5,108
2016-06-14,0.0,10.0,1.18,0.0,-9,0.0,-9,,-9,19.7,29.5,23.8,108
2016-06-15,15.5,5.5,11.0,7.0,539,2.5,629,,-9,17.4,24.5,20.9,108
2016-06-16,0.0,,0.27,0.0,-9,0.0,-9,,-9,18.6,24.9,20.9,108
2016-06-17,,,-9.0,,-9,,-9,,-9,18.6,29.1,23.8,108
2016-06-18,,0.0,-9.0,,-9,,-9,,-9,20.1,29.9,24.5,108
2016-06-19,0.0,0.0,1.0,0.0,-9,0.0,-9,,-9,20.3,29.3,24.1,108
2016-06-20,,,-9.0,,-9,,-9,,-9,19.6,30.7,24.7,108
2016-06-21,,0.0,-9.0,,-9,,-9,,-9,21.0,31.3,26.0,108
2016-06-22,30.5,30.5,4.37,26.0,1339,16.5,1355,,-9,20.9,30.2,24.3,108
2016-06-23,0.1,3.1,1.38,0.1,-9,0.1,-9,,-9,19.6,29.4,24.7,108
2016-06-24,3.5,0.5,11.5,1.0,619,0.5,36,,-9,21.1,25.7,23.1,108
2016-06-25,,,-9.0,,-9,,-9,,-9,19.2,26.7,22.8,108
2016-06-26,,,-9.0,,-9,,-9,,-9,19.4,30.3,24.4,108
2016-06-27,,,-9.0,,-9,,-9,,-9,19.9,29.5,24.4,108
2016-06-28,,,-9.0,,-9,,-9,,-9,20.4,29.7,24.7,108
2016-06-29,,0.1,-9.0,,-9,,-9,,-9,20.9,30.2,25.3,108
2016-06-30,0.2,0.5,5.28,0.1,-9,0.1,-9,,-9,23.0,26.9,24.6,108
2016-07-01,108.5,112.1,13.03,31.5,1440,20.5,1526,,-9,22.0,26.6,24.0,108
2016-07-02,4.0,,6.17,2.0,121,0.5,1,,-9,20.6,27.7,23.5,108
2016-07-03,,,-9.0,,-9,,-9,,-9,21.1,26.8,23.5,108
2016-07-04,29.5,82.0,13.67,13.0,2139,6.5,2224,,-9,20.2,24.1,21.8,108
2016-07-05,100.5,48.0,22.92,40.0,839,10.5,838,,-9,20.2,24.8,23.1,108
2016-07-06,0.0,0.0,1.25,0.0,-9,0.0,-9,,-9,20.3,26.9,22.9,108
2016-07-07,0.0,0.0,0.92,0.0,-9,0.0,-9,,-9,20.1,28.5,24.0,108
2016-07-08,,,-9.0,,-9,,-9,,-9,21.2,32.4,27.3,108
2016-07-09,,,-9.0,,-9,,-9,,-9,23.2,32.7,27.7,108
2016-07-10,,,-9.0,,-9,,-9,,-9,23.2,33.1,27.9,108
2016-07-11,0.0,3.0,0.7,0.0,-9,0.0,-9,,-9,24.8,33.4,28.4,108
2016-07-12,3.0,,5.25,2.0,520,1.0,552,,-9,22.1,30.9,26.3,108
2016-07-13,0.0,0.1,0.5,0.0,-9,0.0,-9,,-9,23.2,29.5,26.3,108
2016-07-14,0.1,,1.3,0.1,-9,0.1,-9,,-9,24.0,32.4,27.5,108
2016-07-15,1.5,31.5,4.17,1.4,2249,0.5,2306,,-9,23.7,29.2,26.2,108
2016-07-16,46.5,19.0,22.25,9.0,541,2.5,543,,-9,19.8,23.8,20.8,108
2016-07-17,2.5,0.2,6.25,2.5,-2347,1.0,18,,-9,20.4,23.1,21.7,108
2016-07-18,0.2,,1.17,0.2,-9,0.1,-9,,-9,20.7,28.4,24.4,108
2016-07-19,,,-9.0,,-9,,-9,,-9,20.9,32.4,27.1,108
2016-07-20,,,-9.0,,-9,,-9,,-9,24.0,32.9,28.6,108
2016-07-21,,,-9.0,,-9,,-9,,-9,24.9,32.2,28.3,108
2016-07-22,,0.0,-9.0,,-9,,-9,,-9,25.3,34.1,29.1,108
2016-07-23,0.5,0.5,2.82,0.4,1855,0.4,1922,,-9,27.2,31.6,28.7,108
2016-07-24,0.5,0.5,1.78,0.5,1205,0.5,1213,,-9,27.0,30.1,28.0,108
2016-07-25,,,-9.0,,-9,,-9,,-9,26.4,31.4,28.4,108
2016-07-26,,,-9.0,,-9,,-9,,-9,25.6,31.9,28.4,108
2016-07-27,0.5,0.7,2.17,0.5,1330,0.4,1406,,-9,26.7,28.9,27.6,108
2016-07-28,0.2,58.5,1.22,0.2,-9,0.2,-9,,-9,26.7,30.5,28.0,108
2016-07-29,59.5,1.5,8.63,51.5,626,14.5,638,,-9,23.4,28.4,26.3,108
2016-07-30,0.5,0.1,3.75,0.5,0,0.5,23,,-9,26.4,33.0,28.6,108
2016-07-31,0.2,0.1,1.25,0.1,-9,0.1,-9,,-9,26.6,32.8,28.9,108
2016-08-01,,,-9.0,,-9,,-9,,-9,25.8,32.4,28.4,108
2016-08-02,2.0,2.0,1.5,2.0,1758,1.0,1812,,-9,25.0,31.1,27.2,108
2016-08-03,,,-9.0,,-9,,-9,,-9,24.0,34.2,29.1,108
2016-08-04,,,-9.0,,-9,,-9,,-9,26.0,35.7,30.7,108
2016-08-05,,,-9.0,,-9,,-9,,-9,26.5,36.0,31.2,108
2016-08-06,,,-9.0,,-9,,-9,,-9,26.6,34.0,30.5,108
2016-08-07,,,-9.0,,-9,,-9,,-9,27.0,35.0,30.6,108
2016-08-08,,,-9.0,,-9,,-9,,-9,26.4,35.5,30.5,108
2016-08-09,1.0,1.0,2.02,0.5,1605,0.5,1611,,-9,26.4,33.6,29.3,108
2016-08-10,,,-9.0,,-9,,-9,,-9,26.1,34.8,29.4,108
2016-08-11,,,-9.0,,-9,,-9,,-9,26.1,36.4,30.5,108
2016-08-12,,,-9.0,,-9,,-9,,-9,26.4,35.9,30.4,108
2016-08-13,,,-9.0,,-9,,-9,,-9,26.8,35.1,30.2,108
2016-08-14,0.2,0.2,0.33,0.2,-9,0.2,-9,,-9,27.3,31.8,28.9,108
2016-08-15,0.0,0.0,0.67,0.0,-9,0.0,-9,,-9,25.8,34.0,29.1,108
2016-08-16,0.5,0.5,0.92,0.5,1530,0.5,1555,,-9,26.2,34.9,29.3,108
2016-08-17,,,-9.0,,-9,,-9,,-9,25.1,34.7,29.9,108
2016-08-18,,,-9.0,,-9,,-9,,-9,26.2,34.3,29.9,108
2016-08-19,11.5,11.5,1.42,11.5,1644,4.5,1727,,-9,26.6,33.2,28.9,108
2016-08-20,,0.0,-9.0,,-9,,-9,,-9,26.5,34.9,30.1,108
2016-08-21,0.0,,0.67,0.0,-9,0.0,-9,,-9,26.9,36.6,30.7,108
2016-08-22,0.4,0.4,0.33,0.4,-9,0.4,1912,,-9,25.8,36.3,30.7,108
2016-08-23,8.0,8.0,2.67,7.0,1505,3.0,1555,,-9,26.0,33.0,28.3,108
2016-08-24,0.0,,0.58,0.0,-9,0.0,-9,,-9,26.4,32.9,29.1,108
2016-08-25,4.5,24.5,3.18,3.5,1914,1.5,1944,,-9,24.0,32.2,27.1,108
2016-08-26,20.0,,6.08,6.5,256,1.5,302,,-9,19.5,28.2,23.0,108
2016-08-27,0.0,0.0,1.25,0.0,-9,0.0,-9,,-9,16.9,29.7,23.4,108
2016-08-28,1.5,1.5,7.07,1.5,1611,0.5,1636,,-9,18.3,24.5,21.0,108
2016-08-29,,,-9.0,,-9,,-9,,-9,17.4,27.1,22.2,108
2016-08-30,0.0,4.5,1.33,0.0,-9,0.0,-9,,-9,17.9,24.5,20.6,108
2016-08-31,17.5,13.0,16.92,3.0,1043,1.0,1124,,-9,16.1,19.2,17.7,108
2016-09-01,,4.5,-9.0,,-9,,-9,,-9,15.8,28.6,23.2,108
2016-09-02,4.5,0.5,1.5,4.5,205,3.0,214,,-9,20.6,29.0,24.2,108
2016-09-03,0.5,,2.67,0.5,25,0.5,58,,-9,20.4,28.6,23.9,108
2016-09-04,,,-9.0,,-9,,-9,,-9,22.1,29.6,25.6,108
2016-09-05,,,-9.0,,-9,,-9,,-9,23.0,31.1,26.4,108
2016-09-06,,,-9.0,,-9,,-9,,-9,21.0,29.0,24.7,108
2016-09-07,,,-9.0,,-9,,-9,,-9,20.9,28.6,24.3,108
2016-09-08,4.5,4.5,2.85,3.5,1154,1.5,1239,,-9,21.5,26.5,23.0,108
2016-09-09,,,-9.0,,-9,,-9,,-9,19.7,29.3,23.9,108
2016-09-10,,,-9.0,,-9,,-9,,-9,20.0,29.1,24.4,108
2016-09-11,,,-9.0,,-9,,-9,,-9,22.1,28.2,24.5,108
2016-09-12,2.5,2.5,0.78,2.5,1358,1.5,1409,,-9,21.4,27.5,23.4,108
2016-09-13,,,-9.0,,-9,,-9,,-9,19.6,30.8,24.6,108
2016-09-14,,,-9.0,,-9,,-9,,-9,21.4,28.9,24.6,108
2016-09-15,,,-9.0,,-9,,-9,,-9,18.8,29.5,23.9,108
2016-09-16,,7.0,-9.0,,-9,,-9,,-9,20.4,29.5,24.6,108
2016-09-17,7.0,,7.5,3.5,628,1.0,631,,-9,18.5,28.2,23.1,108
2016-09-18,,,-9.0,,-9,,-9,,-9,20.2,28.3,23.5,108
2016-09-19,,,-9.0,,-9,,-9,,-9,18.2,27.8,21.9,108
2016-09-20,,,-9.0,,-9,,-9,,-9,15.4,26.8,20.6,108
2016-09-21,,,-9.0,,-9,,-9,,-9,14.3,25.3,20.2,108
2016-09-22,,,-9.0,,-9,,-9,,-9,17.5,27.2,21.9,108
2016-09-23,,,-9.0,,-9,,-9,,-9,16.4,27.9,21.4,108
2016-09-24,,,-9.0,,-9,,-9,,-9,16.5,28.9,22.3,108
2016-09-25,,,-9.0,,-9,,-9,,-9,18.6,29.7,23.0,108
2016-09-26,,0.0,-9.0,,-9,,-9,,-9,19.7,28.9,23.6,108
2016-09-27,13.5,14.0,14.5,4.0,1341,1.0,1343,,-9,19.1,23.8,21.0,108
2016-09-28,0.5,,3.25,0.5,1,0.5,1,,-9,18.7,21.8,19.9,108
2016-09-29,,,-9.0,,-9,,-9,,-9,18.2,24.8,20.4,108
2016-09-30,,,-9.0,,-9,,-9,,-9,17.7,23.5,20.5,108
2016-10-01,,0.0,-9.0,,-9,,-9,,-9,17.5,25.6,21.1,108
2016-10-02,18.5,25.0,13.83,6.5,1700,2.0,1225,,-9,16.7,22.4,19.0,108
2016-10-03,6.5,,7.17,2.0,558,1.0,608,,-9,19.6,27.9,22.7,108
2016-10-04,,,-9.0,,-9,,-9,,-9,15.6,29.0,22.0,108
2016-10-05,,,-9.0,,-9,,-9,,-9,17.5,27.2,21.1,108
2016-10-06,,,-9.0,,-9,,-9,,-9,13.6,23.5,18.0,108
2016-10-07,2.0,8.0,7.5,1.0,2258,0.5,1740,,-9,16.5,24.8,19.7,108
2016-10-08,6.0,,6.92,2.5,6,0.5,1,,-9,10.3,21.8,16.8,108
2016-10-09,,,-9.0,,-9,,-9,,-9,6.5,16.6,11.3,108
2016-10-10,,,-9.0,,-9,,-9,,-9,7.4,21.4,14.0,108
2016-10-11,,,-9.0,,-9,,-9,,-9,10.0,21.1,15.4,108
2016-10-12,,,-9.0,,-9,,-9,,-9,11.4,20.7,15.5,108
2016-10-13,,,-9.0,,-9,,-9,,-9,9.3,21.9,15.2,108
2016-10-14,,,-9.0,,-9,,-9,,-9,10.5,23.5,16.7,108
2016-10-15,,,-9.0,,-9,,-9,,-9,12.4,27.1,19.1,108
2016-10-16,1.5,1.5,6.62,0.5,1359,0.5,1449,,-9,15.4,19.5,17.2,108
2016-10-17,,,-9.0,,-9,,-9,,-9,14.5,21.7,17.5,108
2016-10-18,,,-9.0,,-9,,-9,,-9,11.2,24.0,17.0,108
2016-10-19,,,-9.0,,-9,,-9,,-9,14.0,24.3,18.0,108
2016-10-20,,,-9.0,,-9,,-9,,-9,12.9,25.8,18.6,108
2016-10-21,,,-9.0,,-9,,-9,,-9,15.7,22.0,17.9,108
2016-10-22,,0.0,-9.0,,-9,,-9,,-9,14.5,22.8,18.3,108
2016-10-23,2.5,2.5,7.42,1.5,1503,0.5,1455,,-9,10.6,17.8,13.3,108
2016-10-24,,36.0,-9.0,,-9,,-9,,-9,9.0,20.6,15.1,108
2016-10-25,37.0,1.0,10.17,10.0,715,2.5,716,,-9,12.5,17.5,14.1,108
2016-10-26,0.0,0.0,0.75,0.0,-9,0.0,-9,,-9,10.5,16.3,13.3,108
2016-10-27,,0.3,-9.0,,-9,,-9,,-9,8.6,20.9,14.6,108
2016-10-28,0.3,,4.5,0.2,-9,0.1,-9,,-9,10.2,18.4,14.6,108
2016-10-29,,,-9.0,,-9,,-9,,-9,3.5,11.2,7.8,108
2016-10-30,,0.5,-9.0,,-9,,-9,,-9,1.6,15.1,7.9,108
2016-10-31,0.5,0.0,3.92,0.3,646,0.1,-9,,-9,0.7,8.2,5.7,108
2016-11-01,,,-9.0,,-9,,-9,,-9,-2.4,6.6,1.5,108
2016-11-02,0.1,0.3,3.57,,-9,,-9,,-9,-2.7,10.5,4.1,108
2016-11-03,0.2,0.0,2.33,,-9,,-9,,-9,4.2,14.1,9.1,108
2016-11-04,0.0,0.0,0.33,,-9,,-9,,-9,8.2,15.7,12.3,108
2016-11-05,0.0,,0.25,,-9,,-9,,-9,12.2,18.1,15.0,108
2016-11-06,,,-9.0,,-9,,-9,,-9,11.9,18.3,14.0,108
2016-11-07,5.5,6.0,6.25,,-9,,-9,,-9,8.5,17.8,12.8,108
2016-11-08,0.5,,1.25,,-9,,-9,,-9,0.4,8.4,4.1,108
2016-11-09,,,-9.0,,-9,,-9,,-9,-3.2,8.6,2.1,108
2016-11-10,0.4,4.4,1.08,,-9,,-9,,-9,1.5,9.8,6.0,108
2016-11-11,4.0,,3.92,,-9,,-9,,-9,6.2,14.2,9.1,108
2016-11-12,,0.5,-9.0,,-9,,-9,,-9,5.1,16.7,11.4,108
2016-11-13,0.5,,1.13,,-9,,-9,,-9,12.1,18.1,14.4,108
2016-11-14,1.5,1.5,6.33,,-9,,-9,,-9,10.2,15.8,13.2,108
2016-11-15,,,-9.0,,-9,,-9,,-9,2.5,10.2,5.2,108
2016-11-16,,,-9.0,,-9,,-9,,-9,0.0,12.0,5.2,108
2016-11-17,,,-9.0,,-9,,-9,,-9,4.0,16.5,9.1,108
2016-11-18,0.0,0.0,2.5,,-9,,-9,,-9,4.9,14.6,10.3,108
2016-11-19,0.0,0.0,3.33,,-9,,-9,,-9,9.9,18.6,13.0,108
2016-11-20,,,-9.0,,-9,,-9,,-9,6.4,15.3,9.8,108
2016-11-21,,0.2,-9.0,,-9,,-9,,-9,5.1,14.6,9.5,108
2016-11-22,0.2,,1.25,,-9,,-9,,-9,-2.1,8.4,2.0,108
2016-11-23,,,-9.0,,-9,,-9,,-9,-4.8,3.6,-1.8,108
2016-11-24,,,-9.0,,-9,,-9,,-9,-6.2,2.4,-2.5,108
2016-11-25,,,-9.0,,-9,,-9,,-9,-3.5,6.0,1.0,108
2016-11-26,2.8,2.8,7.52,,-9,,-9,,-9,-0.7,2.7,0.9,108
2016-11-27,0.0,0.0,2.0,,-9,,-9,,-9,0.5,6.6,3.3,108
2016-11-28,,,-9.0,,-9,,-9,,-9,-1.4,5.6,1.4,108
2016-11-29,,,-9.0,,-9,,-9,,-9,-2.8,8.6,1.7,108
2016-11-30,1.0,1.0,2.42,,-9,,-9,,-9,0.7,9.8,6.0,108
2016-12-01,,,-9.0,,-9,,-9,,-9,-1.0,7.0,4.1,108
2016-12-02,,,-9.0,,-9,,-9,,-9,-3.5,7.9,1.6,108
2016-12-03,,,-9.0,,-9,,-9,,-9,-0.7,11.3,4.5,108
2016-12-04,,1.5,-9.0,,-9,,-9,,-9,2.0,9.5,5.5,108
2016-12-05,1.5,,1.55,,-9,,-9,,-9,0.5,10.3,5.9,108
2016-12-06,,0.0,-9.0,,-9,,-9,,-9,-4.2,4.3,-1.1,108
2016-12-07,0.0,,3.08,,-9,,-9,,-9,-2.7,7.5,1.7,108
2016-12-08,3.0,6.0,4.93,,-9,,-9,,-9,-3.0,6.1,2.1,108
2016-12-09,3.0,,1.92,,-9,,-9,,-9,-2.9,4.2,1.4,108
2016-12-10,,,-9.0,,-9,,-9,,-9,-5.9,3.6,-1.6,108
2016-12-11,,,-9.0,,-9,,-9,,-9,-6.1,6.4,-1.1,108
2016-12-12,,,-9.0,,-9,,-9,,-9,-3.0,6.3,2.3,108
2016-12-13,,,-9.0,,-9,,-9,,-9,-0.4,8.8,3.4,108
2016-12-14,0.1,0.1,3.95,,-9,,-9,,-9,-2.3,-0.1,-1.4,108
2016-12-15,,,-9.0,,-9,,-9,,-9,-7.6,-1.5,-5.0,108
2016-12-16,,0.0,-9.0,,-9,,-9,,-9,-9.8,0.0,-4.7,108
2016-12-17,0.0,,1.25,,-9,,-9,,-9,-2.7,8.0,2.7,108
2016-12-18,,0.1,-9.0,,-9,,-9,,-9,2.7,8.1,4.9,108
2016-12-19,0.1,,3.17,,-9,,-9,,-9,4.3,12.0,7.2,108
2016-12-20,,,-9.0,,-9,,-9,,-9,4.4,13.6,7.6,108
2016-12-21,29.0,46.5,8.92,,-9,,-9,,-9,4.1,12.6,7.9,108
2016-12-22,23.5,6.1,18.83,,-9,,-9,,-9,1.5,11.0,5.5,108
2016-12-23,0.1,0.0,13.53,,-9,,-9,,-9,-4.4,1.5,-2.5,108
2016-12-24,,,-9.0,,-9,,-9,,-9,-4.3,1.1,-2.4,108
2016-12-25,,,-9.0,,-9,,-9,,-9,-4.5,6.4,1.0,108
2016-12-26,0.0,0.5,2.58,,-9,,-9,,-9,1.3,4.4,2.5,108
2016-12-27,0.5,,4.67,,-9,,-9,,-9,-6.3,1.3,-2.3,108
2016-12-28,,0.3,-9.0,,-9,,-9,,-9,-8.4,2.6,-3.7,108
2016-12-29,0.3,,2.5,,-9,,-9,,-9,-7.2,-1.1,-4.2,108
2016-12-30,,0.0,-9.0,,-9,,-9,,-9,-9.1,1.0,-3.9,108
2016-12-31,0.0,,0.42,,-9,,-9,,-9,-3.6,5.7,0.7,108
2017-01-01,,0.3,-9.0,,-9,,-9,,-9,-1.6,6.9,2.7,108
2017-01-02,0.3,,2.08,,-9,,-9,,-9,1.8,9.2,5.0,108
2017-01-03,,,-9.0,,-9,,-9,,-9,-2.3,7.7,2.0,108
2017-01-04,,,-9.0,,-9,,-9,,-9,1.0,8.9,3.9,108
2017-01-05,,,-9.0,,-9,,-9,,-9,-0.1,7.3,3.8,108
2017-01-06,,,-9.0,,-9,,-9,,-9,2.5,11.4,5.4,108
2017-01-07,,,-9.0,,-9,,-9,,-9,0.0,10.5,4.6,108
2017-01-08,0.0,0.0,2.25,,-9,,-9,,-9,4.0,10.9,6.5,108
2017-01-09,0.0,,1.17,,-9,,-9,,-9,-3.1,4.3,1.5,108
2017-01-10,,,-9.0,,-9,,-9,,-9,-7.4,1.1,-3.7,108
2017-01-11,,0.0,-9.0,,-9,,-9,,-9,-9.4,1.5,-3.8,108
2017-01-12,0.0,0.0,1.67,,-9,,-9,,-9,-6.1,1.0,-2.2,108
2017-01-13,0.6,0.6,3.42,,-9,,-9,,-9,-8.6,-1.4,-6.0,108
2017-01-14,,,-9.0,,-9,,-9,,-9,-10.5,-5.4,-8.4,108
2017-01-15,,,-9.0,,-9,,-9,,-9,-11.5,-0.9,-6.6,108
2017-01-16,,,-9.0,,-9,,-9,,-9,-8.9,4.0,-3.8,108
2017-01-17,,,-9.0,,-9,,-9,,-9,-7.1,3.4,-2.0,108
2017-01-18,0.0,0.0,0.83,,-9,,-9,,-9,-3.0,2.8,-0.5,108
2017-01-19,,4.0,-9.0,,-9,,-9,,-9,-4.9,4.7,-1.2,108
2017-01-20,4.0,0.0,6.75,,-9,,-9,,-9,-7.8,-1.4,-4.4,108
2017-01-21,2.1,2.1,6.72,,-9,,-9,,-9,-10.0,-0.9,-5.2,108
2017-01-22,0.0,,0.42,,-9,,-9,,-9,-10.9,-3.3,-8.3,108
2017-01-23,,,-9.0,,-9,,-9,,-9,-12.6,-4.1,-8.9,108
2017-01-24,,,-9.0,,-9,,-9,,-9,-11.6,-1.3,-7.0,108
2017-01-25,,,-9.0,,-9,,-9,,-9,-10.2,0.9,-5.2,108
2017-01-26,0.3,3.3,0.83,,-9,,-9,,-9,-7.9,3.4,-1.3,108
2017-01-27,3.0,,1.67,,-9,,-9,,-9,-5.7,3.1,-2.6,108
2017-01-28,,0.0,-9.0,,-9,,-9,,-9,-8.2,4.3,-1.6,108
2017-01-29,4.5,4.6,13.2,,-9,,-9,,-9,-0.9,2.5,0.8,108
2017-01-30,0.1,,1.58,,-9,,-9,,-9,-7.9,-0.9,-4.8,108
2017-01-31,,,-9.0,,-9,,-9,,-9,-9.9,0.2,-5.4,108
2017-02-01,,,-9.0,,-9,,-9,,-9,-7.5,0.7,-4.0,108
2017-02-02,,,-9.0,,-9,,-9,,-9,-9.2,3.3,-2.7,108
2017-02-03,,,-9.0,,-9,,-9,,-9,-2.3,6.7,1.5,108
2017-02-04,,0.0,-9.0,,-9,,-9,,-9,-2.9,3.2,0.9,108
2017-02-05,0.5,0.5,9.95,,-9,,-9,,-9,-1.5,2.3,1.2,108
2017-02-06,,,-9.0,,-9,,-9,,-9,-4.4,2.6,-1.7,108
2017-02-07,,,-9.0,,-9,,-9,,-9,-5.6,3.0,-2.0,108
2017-02-08,,,-9.0,,-9,,-9,,-9,-4.9,0.6,-2.2,108
2017-02-09,,,-9.0,,-9,,-9,,-9,-7.1,-2.1,-5.3,108
2017-02-10,,,-9.0,,-9,,-9,,-9,-9.3,-2.5,-6.6,108
2017-02-11,,,-9.0,,-9,,-9,,-9,-9.2,0.8,-4.8,108
2017-02-12,,,-9.0,,-9,,-9,,-9,-7.4,4.2,-2.2,108
2017-02-13,,,-9.0,,-9,,-9,,-9,-5.4,6.1,0.1,108
2017-02-14,,,-9.0,,-9,,-9,,-9,-4.0,6.5,0.3,108
2017-02-15,,,-9.0,,-9,,-9,,-9,-3.9,8.0,1.8,108
2017-02-16,0.0,4.0,1.12,,-9,,-9,,-9,-1.9,10.3,5.5,108
2017-02-17,4.0,,5.17,,-9,,-9,,-9,-5.2,9.0,0.8,108
2017-02-18,,,-9.0,,-9,,-9,,-9,-7.0,2.9,-2.6,108
2017-02-19,1.0,1.5,8.62,,-9,,-9,,-9,-3.4,5.7,2.3,108
2017-02-20,0.5,,3.08,,-9,,-9,,-9,-5.2,5.4,-1.5,108
2017-02-21,,0.0,-9.0,,-9,,-9,,-9,-7.6,6.9,-0.6,108
2017-02-22,5.1,5.1,10.92,,-9,,-9,,-9,-0.9,2.9,1.7,108
2017-02-23,,,-9.0,,-9,,-9,,-9,-4.2,2.1,-1.5,108
2017-02-24,,,-9.0,,-9,,-9,,-9,-5.8,4.4,-0.8,108
2017-02-25,,,-9.0,,-9,,-9,,-9,-2.8,8.4,2.6,108
2017-02-26,,,-9.0,,-9,,-9,,-9,-1.5,10.1,3.6,108
2017-02-27,,,-9.0,,-9,,-9,,-9,-1.8,10.7,3.7,108
2017-02-28,,,-9.0,,-9,,-9,,-9,-1.3,12.3,5.6,108
2017-03-01,5.0,5.5,7.67,,-9,,-9,,-9,2.0,11.4,5.0,108
2017-03-02,0.5,,2.92,,-9,,-9,,-9,-1.1,6.6,1.8,108
2017-03-03,,,-9.0,,-9,,-9,,-9,-3.1,10.4,3.3,108
2017-03-04,,,-9.0,,-9,,-9,,-9,0.1,12.7,5.7,108
2017-03-05,0.5,0.5,3.17,,-9,,-9,,-9,1.2,10.4,5.2,108
2017-03-06,,0.0,-9.0,,-9,,-9,,-9,-2.8,4.0,0.1,108
2017-03-07,0.0,,0.42,,-9,,-9,,-9,-4.0,2.9,-1.3,108
2017-03-08,0.0,0.0,0.58,,-9,,-9,,-9,-5.3,5.0,-0.1,108
2017-03-09,,,-9.0,,-9,,-9,,-9,-2.7,10.7,3.2,108
2017-03-10,,,-9.0,,-9,,-9,,-9,-1.2,12.2,4.8,108
2017-03-11,,,-9.0,,-9,,-9,,-9,-0.2,16.7,7.3,108
2017-03-12,0.0,0.0,1.25,,-9,,-9,,-9,4.4,14.0,8.2,108
2017-03-13,,,-9.0,,-9,,-9,,-9,1.5,12.2,6.9,108
2017-03-14,,,-9.0,,-9,,-9,,-9,1.0,10.9,5.8,108
2017-03-15,,,-9.0,,-9,,-9,,-9,0.4,13.3,6.3,108
2017-03-16,,,-9.0,,-9,,-9,,-9,1.0,13.4,6.2,108
2017-03-17,,,-9.0,,-9,,-9,,-9,1.2,15.7,7.7,108
2017-03-18,,,-9.0,,-9,,-9,,-9,5.9,16.1,9.5,108
2017-03-19,,,-9.0,,-9,,-9,,-9,3.2,18.9,10.9,108
2017-03-20,,,-9.0,,-9,,-9,,-9,6.0,15.5,10.2,108
2017-03-21,,,-9.0,,-9,,-9,,-9,4.3,12.6,7.4,108
2017-03-22,,,-9.0,,-9,,-9,,-9,1.9,14.1,7.6,108
2017-03-23,,,-9.0,,-9,,-9,,-9,5.1,15.0,9.1,108
2017-03-24,,,-9.0,,-9,,-9,,-9,3.9,15.2,8.7,108
2017-03-25,,,-9.0,,-9,,-9,,-9,5.0,12.6,8.1,108
2017-03-26,,,-9.0,,-9,,-9,,-9,4.8,11.6,7.3,108
2017-03-27,0.4,0.4,2.58,,-9,,-9,,-9,4.4,10.9,6.1,108
2017-03-28,,,-9.0,,-9,,-9,,-9,2.5,12.7,7.1,108
2017-03-29,,,-9.0,,-9,,-9,,-9,4.7,14.4,8.8,108
2017-03-30,,0.2,-9.0,,-9,,-9,,-9,4.1,17.1,10.6,108
2017-03-31,1.5,1.3,9.17,,-9,,-9,,-9,4.9,12.4,8.6,108
2017-04-01,1.0,1.0,0.67,1.0,1530,1.0,1534,,-9,4.8,15.1,9.0,108
2017-04-02,,,-9.0,,-9,,-9,,-9,3.1,15.8,9.0,108
2017-04-03,,,-9.0,,-9,,-9,,-9,4.3,19.2,11.4,108
2017-04-04,,0.2,-9.0,,-9,,-9,,-9,6.7,21.8,14.1,108
2017-04-05,37.5,40.3,15.5,8.5,2231,2.5,2321,,-9,10.8,14.2,12.0,108
2017-04-06,3.0,0.0,9.17,2.0,1,0.5,1,,-9,9.4,12.4,10.4,108
2017-04-07,,,-9.0,,-9,,-9,,-9,9.0,23.5,14.5,108
2017-04-08,0.5,1.0,1.83,0.5,2238,0.2,-9,,-9,8.6,19.9,13.0,108
2017-04-09,0.5,,3.75,0.5,8,0.5,58,,-9,10.6,20.5,14.8,108
2017-04-10,,,-9.0,,-9,,-9,,-9,10.1,23.3,16.5,108
2017-04-11,,,-9.0,,-9,,-9,,-9,11.5,20.2,15.3,108
2017-04-12,,,-9.0,,-9,,-9,,-9,8.8,16.4,11.5,108
2017-04-13,0.0,0.0,0.42,0.0,-9,0.0,-9,,-9,6.3,19.6,12.7,108
2017-04-14,6.0,6.0,4.58,5.5,1228,2.0,1303,,-9,10.1,17.7,13.0,108
2017-04-15,,,-9.0,,-9,,-9,,-9,10.9,24.3,16.8,108
2017-04-16,,,-9.0,,-9,,-9,,-9,12.9,24.4,18.7,108
2017-04-17,5.5,5.5,5.83,2.5,1304,0.5,1131,,-9,11.2,18.0,14.7,108
2017-04-18,7.5,7.5,3.5,3.0,1205,2.5,1217,,-9,9.4,17.4,11.7,108
2017-04-19,,0.1,-9.0,,-9,,-9,,-9,7.0,18.4,12.6,108
2017-04-20,0.1,,0.42,0.1,-9,0.1,-9,,-9,9.9,18.2,12.9,108
2017-04-21,,,-9.0,,-9,,-9,,-9,7.6,19.3,13.1,108
2017-04-22,,,-9.0,,-9,,-9,,-9,8.5,22.5,14.8,108
2017-04-23,,,-9.0,,-9,,-9,,-9,8.9,21.7,14.9,108
2017-04-24,,,-9.0,,-9,,-9,,-9,8.3,21.3,15.1,108
2017-04-25,,,-9.0,,-9,,-9,,-9,12.9,20.4,16.0,108
2017-04-26,,,-9.0,,-9,,-9,,-9,10.5,20.2,15.1,108
2017-04-27,,,-9.0,,-9,,-9,,-9,7.9,19.8,13.6,108
2017-04-28,,,-9.0,,-9,,-9,,-9,8.9,21.5,14.4,108
2017-04-29,,,-9.0,,-9,,-9,,-9,9.6,23.7,17.1,108
2017-04-30,,,-9.0,,-9,,-9,,-9,13.7,27.8,19.3,108
2017-05-01,,,-9.0,,-9,,-9,,-9,12.8,28.3,20.1,108
2017-05-02,,,-9.0,,-9,,-9,,-9,15.2,28.0,20.7,108
2017-05-03,,,-9.0,,-9,,-9,,-9,14.5,30.2,21.5,108
2017-05-04,,,-9.0,,-9,,-9,,-9,14.8,27.5,21.0,108
2017-05-05,,,-9.0,,-9,,-9,,-9,15.5,27.0,20.9,108
2017-05-06,,,-9.0,,-9,,-9,,-9,10.0,19.3,14.9,108
2017-05-07,,,-9.0,,-9,,-9,,-9,10.9,22.8,16.6,108
2017-05-08,,0.0,-9.0,,-9,,-9,,-9,11.1,23.5,17.9,108
2017-05-09,2.5,5.0,7.67,1.5,1614,0.5,1611,,-9,15.3,22.6,17.1,108
2017-05-10,2.5,0.0,6.0,1.0,346,0.5,353,,-9,14.2,20.8,16.4,108
2017-05-11,0.0,,0.75,0.0,-9,0.0,-9,,-9,13.1,24.8,19.3,108
2017-05-12,,,-9.0,,-9,,-9,,-9,16.8,21.1,19.1,108
2017-05-13,6.0,6.0,1.75,6.0,1414,3.5,1445,,-9,12.4,22.6,16.4,108
2017-05-14,,,-9.0,,-9,,-9,,-9,11.0,20.7,15.7,108
2017-05-15,0.0,0.0,0.42,0.0,-9,0.0,-9,,-9,12.3,20.1,16.0,108
2017-05-16,,,-9.0,,-9,,-9,,-9,13.3,22.3,17.1,108
2017-05-17,,,-9.0,,-9,,-9,,-9,12.3,25.9,18.6,108
2017-05-18,,,-9.0,,-9,,-9,,-9,13.9,26.9,20.4,108
2017-05-19,,,-9.0,,-9,,-9,,-9,15.1,27.9,21.1,108
2017-05-20,,,-9.0,,-9,,-9,,-9,15.4,27.3,20.9,108
2017-05-21,,,-9.0,,-9,,-9,,-9,16.0,27.6,21.5,108
2017-05-22,,,-9.0,,-9,,-9,,-9,15.9,28.0,21.8,108
2017-05-23,5.0,5.1,4.33,4.0,1837,1.5,1921,,-9,17.2,24.4,20.0,108
2017-05-24,0.1,,0.67,0.1,-9,0.1,-9,,-9,16.9,27.8,21.8,108
2017-05-25,,,-9.0,,-9,,-9,,-9,14.4,24.4,19.2,108
2017-05-26,,,-9.0,,-9,,-9,,-9,12.4,23.2,17.7,108
2017-05-27,,,-9.0,,-9,,-9,,-9,13.7,26.4,19.5,108
2017-05-28,,,-9.0,,-9,,-9,,-9,14.4,27.9,21.2,108
2017-05-29,,,-9.0,,-9,,-9,,-9,18.1,29.3,22.9,108
2017-05-30,,,-9.0,,-9,,-9,,-9,18.6,30.3,23.6,108
2017-05-31,,,-9.0,,-9,,-9,,-9,17.7,29.6,23.3,108
2017-06-01,,,-9.0,,-9,,-9,,-9,20.0,27.0,23.3,108
2017-06-02,0.0,0.0,0.92,0.0,-9,0.0,-9,,-9,15.5,25.6,20.5,108
2017-06-03,,,-9.0,,-9,,-9,,-9,16.1,26.5,20.5,108
2017-06-04,,0.0,-9.0,,-9,,-9,,-9,15.1,28.1,21.7,108
2017-06-05,0.0,,0.5,0.0,-9,0.0,-9,,-9,16.4,30.3,24.2,108
2017-06-06,15.5,26.0,10.75,8.5,2010,3.0,2030,,-9,14.5,23.9,19.4,108
2017-06-07,12.5,2.0,14.58,4.0,-2349,2.0,-2356,,-9,15.1,19.2,17.6,108
2017-06-08,,0.1,-9.0,,-9,,-9,,-9,15.1,25.9,20.1,108
2017-06-09,0.1,4.5,1.08,0.1,-9,0.1,-9,,-9,17.9,25.7,21.2,108
2017-06-10,4.5,,3.83,4.0,513,1.5,549,,-9,16.7,27.5,21.5,108
2017-06-11,,,-9.0,,-9,,-9,,-9,14.8,29.6,22.8,108
2017-06-12,,,-9.0,,-9,,-9,,-9,17.0,28.0,22.1,108
2017-06-13,0.0,0.0,0.33,0.0,-9,0.0,-9,,-9,18.3,25.9,21.5,108
2017-06-14,,,-9.0,,-9,,-9,,-9,17.8,26.8,21.8,108
2017-06-15,,,-9.0,,-9,,-9,,-9,18.0,29.6,23.1,108
2017-06-16,,,-9.0,,-9,,-9,,-9,20.0,32.7,25.5,108
2017-06-17,,,-9.0,,-9,,-9,,-9,20.6,29.9,24.2,108
2017-06-18,,,-9.0,,-9,,-9,,-9,18.6,31.8,24.3,108
2017-06-19,,,-9.0,,-9,,-9,,-9,19.5,30.2,24.8,108
2017-06-20,0.0,0.0,1.83,0.0,-9,0.0,-9,,-9,20.0,32.7,26.0,108
2017-06-21,0.0,,0.75,0.0,-9,0.0,-9,,-9,21.7,31.6,25.4,108
2017-06-22,,,-9.0,,-9,,-9,,-9,21.2,30.4,25.3,108
2017-06-23,,,-9.0,,-9,,-9,,-9,21.3,34.1,26.7,108
2017-06-24,3.5,3.6,9.17,2.5,2245,1.0,2321,,-9,21.5,27.8,24.5,108
2017-06-25,1.5,18.4,3.42,0.9,1555,0.5,1639,,-9,21.0,28.4,23.8,108
2017-06-26,29.0,12.0,8.5,17.0,815,4.5,852,,-9,20.1,29.9,23.1,108
2017-06-27,0.0,0.0,0.67,0.0,-9,0.0,-9,,-9,20.8,30.5,25.2,108
2017-06-28,,,-9.0,,-9,,-9,,-9,22.5,30.5,26.0,108
2017-06-29,,,-9.0,,-9,,-9,,-9,21.9,31.5,26.2,108
2017-06-30,,,-9.0,,-9,,-9,,-9,22.2,30.9,25.9,108
2017-07-01,0.5,17.0,4.25,0.5,1859,0.5,1949,,-9,22.4,30.7,25.3,108
2017-07-02,92.0,142.0,21.33,43.0,2247,16.0,2331,,-9,21.9,26.8,24.3,108
2017-07-03,67.5,1.5,9.08,53.0,5,15.0,30,,-9,21.9,27.4,24.7,108
2017-07-04,0.5,,4.0,0.5,305,0.5,320,,-9,23.8,31.6,26.7,108
2017-07-05,,,-9.0,,-9,,-9,,-9,23.3,32.6,27.4,108
2017-07-06,34.0,34.5,1.95,25.0,1750,11.0,1804,,-9,23.9,34.6,27.6,108
2017-07-07,16.5,19.5,10.67,9.0,1900,4.5,1950,,-9,24.4,28.4,26.4,108
2017-07-08,4.5,9.5,8.17,1.5,535,1.5,610,,-9,24.6,27.6,26.0,108
2017-07-09,32.5,51.5,11.1,8.0,210,8.0,219,,-9,23.8,30.3,26.3,108
2017-07-10,144.5,118.0,21.08,32.0,1935,9.0,1937,,-9,22.6,25.4,24.0,108
2017-07-11,1.0,0.0,2.25,1.0,1,0.5,1,,-9,22.2,30.9,26.0,108
2017-07-12,0.0,,3.92,0.0,-9,0.0,-9,,-9,24.9,31.1,27.1,108
2017-07-13,,,-9.0,,-9,,-9,,-9,23.1,32.1,27.6,108
2017-07-14,0.0,27.5,0.5,0.0,-9,0.0,-9,,-9,26.1,33.0,28.7,108
2017-07-15,42.5,37.5,15.67,17.5,416,8.0,447,,-9,23.4,27.3,25.0,108
2017-07-16,22.5,0.0,7.08,12.5,411,5.0,415,,-9,23.4,28.8,26.2,108
2017-07-17,7.5,10.0,2.17,6.5,1335,5.0,1337,,-9,24.0,29.0,26.8,108
2017-07-18,2.5,0.0,8.83,1.0,447,0.5,247,,-9,23.9,30.7,26.5,108
2017-07-19,,,-9.0,,-9,,-9,,-9,24.5,34.1,28.3,108
2017-07-20,,,-9.0,,-9,,-9,,-9,26.0,34.9,29.9,108
2017-07-21,,0.4,-9.0,,-9,,-9,,-9,27.3,32.4,29.8,108
2017-07-22,0.5,39.1,6.5,0.4,541,0.2,-9,,-9,27.5,32.5,29.3,108
2017-07-23,133.5,95.0,8.0,48.0,1041,11.5,945,,-9,26.1,28.1,27.0,108
2017-07-24,3.0,2.5,3.75,2.0,1204,1.0,1224,,-9,25.6,27.3,26.2,108
2017-07-25,,,-9.0,,-9,,-9,,-9,24.6,35.4,29.4,108
2017-07-26,,,-9.0,,-9,,-9,,-9,24.2,32.8,28.7,108
2017-07-27,3.5,10.0,3.33,3.5,2309,1.5,2321,,-9,24.9,29.7,27.1,108
2017-07-28,8.5,2.0,13.25,2.0,428,1.0,843,,-9,24.8,26.9,25.5,108
2017-07-29,0.0,0.0,0.75,0.0,-9,0.0,-9,,-9,25.0,30.1,27.2,108
2017-07-30,,0.5,-9.0,,-9,,-9,,-9,24.7,32.6,27.9,108
2017-07-31,3.5,5.0,10.08,2.0,856,0.5,851,,-9,24.8,27.1,25.7,108
2017-08-01,2.0,,3.25,1.5,135,1.0,224,,-9,24.1,33.0,28.6,108
2017-08-02,,,-9.0,,-9,,-9,,-9,26.6,33.0,30.0,108
2017-08-03,,,-9.0,,-9,,-9,,-9,27.2,33.9,30.2,108
2017-08-04,,,-9.0,,-9,,-9,,-9,25.9,35.3,30.3,108
2017-08-05,0.0,0.0,0.25,0.0,-9,0.0,-9,,-9,27.6,34.8,31.4,108
2017-08-06,5.0,5.0,1.33,5.0,1025,5.0,1033,,-9,28.2,34.0,29.8,108
2017-08-07,,,-9.0,,-9,,-9,,-9,26.4,34.4,29.2,108
2017-08-08,,0.1,-9.0,,-9,,-9,,-9,25.5,31.0,28.2,108
2017-08-09,2.5,6.9,3.83,2.0,2248,1.0,2303,,-9,24.6,32.0,27.6,108
2017-08-10,5.5,1.5,21.0,1.5,27,0.5,1,,-9,23.9,26.3,24.8,108
2017-08-11,0.5,0.0,2.0,0.5,650,0.5,650,,-9,23.9,32.4,27.0,108
2017-08-12,,,-9.0,,-9,,-9,,-9,23.2,32.6,27.8,108
2017-08-13,0.0,0.0,1.58,0.0,-9,0.0,-9,,-9,24.2,28.4,26.3,108
2017-08-14,1.5,26.0,10.25,1.0,1820,0.5,1838,,-9,23.1,27.1,24.6,108
2017-08-15,93.5,69.5,22.42,35.5,1022,8.5,1035,,-9,20.8,24.0,21.9,108
2017-08-16,2.0,2.0,7.92,1.5,2145,0.5,22,,-9,20.5,26.8,23.3,108
2017-08-17,0.5,0.0,1.58,0.5,-9,0.5,255,,-9,21.2,27.7,24.8,108
2017-08-18,0.0,0.0,0.5,0.0,-9,0.0,-9,,-9,23.9,30.6,26.3,108
2017-08-19,0.0,58.5,5.0,0.0,-9,0.0,-9,,-9,23.1,28.7,26.1,108
2017-08-20,124.5,68.5,22.75,32.5,2117,13.0,2207,,-9,22.0,25.8,23.2,108
2017-08-21,5.0,2.5,4.42,2.5,1350,2.0,400,,-9,23.7,29.2,25.8,108
2017-08-22,,13.5,-9.0,,-9,,-9,,-9,23.4,31.5,27.3,108
2017-08-23,31.5,20.0,9.92,16.5,849,6.5,853,,-9,24.6,30.2,27.2,108
2017-08-24,14.0,12.0,11.42,6.5,1255,3.0,1342,,-9,23.9,28.1,26.5,108
2017-08-25,,,-9.0,,-9,,-9,,-9,22.2,30.6,25.3,108
2017-08-26,,,-9.0,,-9,,-9,,-9,19.0,29.2,24.2,108
2017-08-27,0.0,0.0,0.75,0.0,-9,0.0,-9,,-9,19.0,26.7,22.7,108
2017-08-28,9.0,9.0,5.0,5.5,1706,2.0,1743,,-9,18.3,26.5,21.5,108
2017-08-29,,,-9.0,,-9,,-9,,-9,17.0,24.0,19.5,108
2017-08-30,,,-9.0,,-9,,-9,,-9,16.1,23.9,19.8,108
2017-08-31,,,-9.0,,-9,,-9,,-9,16.6,27.6,22.2,108
2017-09-01,,,-9.0,,-9,,-9,,-9,17.1,29.7,23.3,108
2017-09-02,,,-9.0,,-9,,-9,,-9,18.6,29.6,23.8,108
2017-09-03,,,-9.0,,-9,,-9,,-9,19.0,29.2,23.7,108
2017-09-04,,,-9.0,,-9,,-9,,-9,19.7,30.1,24.6,108
2017-09-05,0.0,0.0,2.42,0.0,-9,0.0,-9,,-9,20.4,23.7,21.9,108
2017-09-06,2.0,2.0,9.67,1.0,1423,0.5,1513,,-9,18.5,24.0,20.6,108
2017-09-07,,,-9.0,,-9,,-9,,-9,17.8,27.5,22.4,108
2017-09-08,,,-9.0,,-9,,-9,,-9,20.4,29.9,24.3,108
2017-09-09,,,-9.0,,-9,,-9,,-9,19.2,28.2,23.8,108
2017-09-10,0.5,24.5,4.67,0.4,2249,0.4,2339,,-9,19.9,26.1,23.0,108
2017-09-11,24.0,0.0,10.33,9.0,153,2.5,215,,-9,18.6,24.6,21.2,108
2017-09-12,,,-9.0,,-9,,-9,,-9,17.7,27.9,22.1,108
2017-09-13,,,-9.0,,-9,,-9,,-9,15.9,27.5,21.4,108
2017-09-14,,,-9.0,,-9,,-9,,-9,14.8,29.5,22.4,108
2017-09-15,,,-9.0,,-9,,-9,,-9,17.8,27.9,22.6,108
2017-09-16,,,-9.0,,-9,,-9,,-9,16.7,27.6,22.0,108
2017-09-17,,,-9.0,,-9,,-9,,-9,19.0,29.2,23.1,108
2017-09-18,,,-9.0,,-9,,-9,,-9,16.4,27.6,21.9,108
2017-09-19,8.0,8.0,1.5,8.0,2009,5.0,2056,,-9,20.1,25.8,22.6,108
2017-09-20,,,-9.0,,-9,,-9,,-9,14.1,24.9,19.5,108
2017-09-21,,,-9.0,,-9,,-9,,-9,14.2,27.0,20.3,108
2017-09-22,,0.0,-9.0,,-9,,-9,,-9,15.4,26.8,20.6,108
2017-09-23,0.0,,0.33,0.0,-9,0.0,-9,,-9,17.6,27.3,21.8,108
2017-09-24,0.0,0.0,0.75,0.0,-9,0.0,-9,,-9,18.8,27.9,22.4,108
2017-09-25,,,-9.0,,-9,,-9,,-9,17.4,30.1,23.4,108
2017-09-26,0.0,0.5,3.58,0.0,-9,0.0,-9,,-9,19.4,31.4,25.1,108
2017-09-27,0.5,0.0,10.25,0.5,153,0.5,243,,-9,19.9,27.3,22.7,108
2017-09-28,,,-9.0,,-9,,-9,,-9,14.2,25.3,19.2,108
2017-09-29,,,-9.0,,-9,,-9,,-9,11.2,23.5,17.4,108
2017-09-30,,,-9.0,,-9,,-9,,-9,14.7,25.9,20.0,108
2017-10-01,4.0,5.5,10.83,1.1,1300,0.5,1316,,-9,15.5,21.2,18.2,108
2017-10-02,1.5,,3.5,1.0,9,0.5,22,,-9,15.6,29.4,22.0,108
2017-10-03,,,-9.0,,-9,,-9,,-9,13.4,23.6,17.6,108
2017-10-04,,,-9.0,,-9,,-9,,-9,10.7,24.3,16.7,108
2017-10-05,,,-9.0,,-9,,-9,,-9,13.9,23.4,18.7,108
2017-10-06,0.5,0.5,3.25,0.5,2232,0.2,-9,,-9,16.2,23.3,18.9,108
2017-10-07,0.0,,1.25,0.0,-9,0.0,-9,,-9,16.9,28.8,21.9,108
2017-10-08,,,-9.0,,-9,,-9,,-9,19.3,28.7,23.0,108
2017-10-09,0.0,0.0,0.33,0.0,-9,0.0,-9,,-9,19.8,27.6,22.5,108
2017-10-10,0.4,19.9,3.42,0.3,2305,0.2,-9,,-9,18.6,24.8,21.4,108
2017-10-11,20.0,0.5,10.33,6.0,38,2.5,111,,-9,12.2,21.7,15.5,108
2017-10-12,,,-9.0,,-9,,-9,,-9,8.8,,11.4,108
2017-10-13,,,-9.0,,-9,,-9,,-9,6.1,18.9,12.8,108
2017-10-14,,,-9.0,,-9,,-9,,-9,9.0,20.5,14.4,108
2017-10-15,,,-9.0,,-9,,-9,,-9,9.0,23.0,15.8,108
2017-10-16,,,-9.0,,-9,,-9,,-9,13.6,22.0,16.6,108
2017-10-17,,,-9.0,,-9,,-9,,-9,9.2,23.9,16.2,108
2017-10-18,0.1,0.1,7.75,0.1,-9,0.1,-9,,-9,14.2,19.1,16.5,108
2017-10-19,,,-9.0,,-9,,-9,,-9,11.9,23.2,17.0,108
2017-10-20,,,-9.0,,-9,,-9,,-9,11.1,24.2,17.0,108
2017-10-21,,,-9.0,,-9,,-9,,-9,11.0,25.2,17.6,108
2017-10-22,,,-9.0,,-9,,-9,,-9,11.0,23.5,16.3,108
2017-10-23,,,-9.0,,-9,,-9,,-9,8.6,20.6,13.7,108
2017-10-24,,,-9.0,,-9,,-9,,-9,9.9,20.9,14.4,108
2017-10-25,,,-9.0,,-9,,-9,,-9,9.5,20.6,14.4,108
2017-10-26,,,-9.0,,-9,,-9,,-9,10.7,18.1,14.5,108
2017-10-27,,,-9.0,,-9,,-9,,-9,11.9,24.2,16.9,108
2017-10-28,,,-9.0,,-9,,-9,,-9,10.6,24.8,17.2,108
2017-10-29,,,-9.0,,-9,,-9,,-9,6.3,17.2,11.5,108
2017-10-30,,,-9.0,,-9,,-9,,-9,2.5,13.2,7.7,108
2017-10-31,,,-9.0,,-9,,-9,,-9,3.6,16.0,10.4,108
2017-11-01,,,-9.0,,-9,,-9,,-9,11.5,18.1,14.4,108
2017-11-02,1.0,1.5,0.92,,-9,,-9,,-9,14.0,18.0,15.5,108
2017-11-03,1.5,1.0,2.75,,-9,,-9,,-9,6.1,16.6,12.3,108
2017-11-04,,,-9.0,,-9,,-9,,-9,4.5,13.7,7.8,108
2017-11-05,,,-9.0,,-9,,-9,,-9,2.6,15.4,8.4,108
2017-11-06,,,-9.0,,-9,,-9,,-9,8.0,16.5,11.4,108
2017-11-07,0.0,0.0,0.08,,-9,,-9,,-9,9.2,18.4,14.4,108
2017-11-08,0.0,,1.33,,-9,,-9,,-9,6.9,17.2,13.1,108
2017-11-09,,,-9.0,,-9,,-9,,-9,3.7,16.8,9.4,108
2017-11-10,7.5,7.5,4.75,,-9,,-9,,-9,5.3,15.9,9.8,108
2017-11-11,,,-9.0,,-9,,-9,,-9,2.7,10.7,5.9,108
2017-11-12,,0.0,-9.0,,-9,,-9,,-9,0.3,11.4,5.3,108
2017-11-13,4.5,4.5,3.67,,-9,,-9,,-9,3.1,11.8,8.4,108
2017-11-14,,,-9.0,,-9,,-9,,-9,2.9,11.4,7.5,108
2017-11-15,,,-9.0,,-9,,-9,,-9,-1.1,6.5,3.2,108
2017-11-16,,,-9.0,,-9,,-9,,-9,-3.4,6.4,1.0,108
2017-11-17,0.0,0.0,3.5,,-9,,-9,,-9,-1.6,5.8,3.0,108
2017-11-18,,,-9.0,,-9,,-9,,-9,-4.8,2.6,-2.1,108
2017-11-19,,,-9.0,,-9,,-9,,-9,-6.6,3.5,-1.6,108
2017-11-20,0.0,0.0,2.75,,-9,,-9,,-9,-3.9,4.2,-0.4,108
2017-11-21,,0.5,-9.0,,-9,,-9,,-9,-4.2,8.1,1.3,108
2017-11-22,0.5,0.0,1.5,,-9,,-9,,-9,0.6,10.8,4.3,108
2017-11-23,1.2,1.2,3.67,,-9,,-9,,-9,-2.5,4.7,0.9,108
2017-11-24,0.0,0.0,2.5,,-9,,-9,,-9,-2.5,2.9,-0.4,108
2017-11-25,24.0,24.0,7.92,,-9,,-9,,-9,-3.3,7.3,3.0,108
2017-11-26,,,-9.0,,-9,,-9,,-9,-0.3,7.6,3.3,108
2017-11-27,,,-9.0,,-9,,-9,,-9,-2.9,9.5,2.5,108
2017-11-28,0.5,0.5,1.75,,-9,,-9,,-9,1.3,11.2,6.4,108
2017-11-29,0.0,,0.33,,-9,,-9,,-9,-1.8,8.1,3.2,108
2017-11-30,,,-9.0,,-9,,-9,,-9,-5.2,2.7,-2.4,108
2017-12-01,0.0,0.0,1.08,,-9,,-9,,-9,-7.6,3.1,-2.2,108
2017-12-02,,4.0,-9.0,,-9,,-9,,-9,-4.6,8.1,1.9,108
2017-12-03,4.0,0.1,5.7,,-9,,-9,,-9,3.1,8.1,4.9,108
2017-12-04,0.1,,1.83,,-9,,-9,,-9,-6.1,4.5,-1.2,108
2017-12-05,0.1,0.3,2.17,,-9,,-9,,-9,-8.2,-0.4,-4.2,108
2017-12-06,1.2,1.0,5.25,,-9,,-9,,-9,-4.5,6.0,0.2,108
2017-12-07,,,-9.0,,-9,,-9,,-9,-3.5,4.6,0.7,108
2017-12-08,,,-9.0,,-9,,-9,,-9,-7.1,-0.5,-3.8,108
2017-12-09,,4.1,-9.0,,-9,,-9,,-9,-5.6,5.4,-0.5,108
2017-12-10,4.1,0.0,7.5,,-9,,-9,,-9,-2.5,6.7,1.1,108
2017-12-11,,,-9.0,,-9,,-9,,-9,-11.0,-2.5,-7.0,108
2017-12-12,,,-9.0,,-9,,-9,,-9,-12.3,-5.2,-9.4,108
2017-12-13,,,-9.0,,-9,,-9,,-9,-12.0,-4.4,-8.7,108
2017-12-14,,,-9.0,,-9,,-9,,-9,-11.2,-1.9,-6.6,108
2017-12-15,0.0,0.0,1.25,,-9,,-9,,-9,-7.5,0.9,-3.0,108
2017-12-16,,,-9.0,,-9,,-9,,-9,-8.1,-2.6,-5.7,108
2017-12-17,,2.3,-9.0,,-9,,-9,,-9,-10.8,-2.3,-6.7,108
2017-12-18,3.4,1.1,12.5,,-9,,-9,,-9,-5.9,3.3,-1.6,108
2017-12-19,,,-9.0,,-9,,-9,,-9,-6.5,-1.0,-3.9,108
2017-12-20,0.2,0.2,4.08,,-9,,-9,,-9,-8.5,-0.1,-3.9,108
2017-12-21,,,-9.0,,-9,,-9,,-9,-5.6,4.6,-0.9,108
2017-12-22,,,-9.0,,-9,,-9,,-9,-1.9,6.6,3.4,108
2017-12-23,,6.5,-9.0,,-9,,-9,,-9,5.0,8.7,6.1,108
2017-12-24,20.0,13.5,11.17,,-9,,-9,,-9,-0.6,5.7,2.9,108
2017-12-25,,,-9.0,,-9,,-9,,-9,-4.9,0.6,-2.1,108
2017-12-26,,,-9.0,,-9,,-9,,-9,-7.9,-1.1,-3.8,108
2017-12-27,,,-9.0,,-9,,-9,,-9,-10.3,-2.6,-6.9,108
2017-12-28,0.0,0.0,2.25,,-9,,-9,,-9,-6.8,0.8,-2.1,108
2017-12-29,0.0,,0.42,,-9,,-9,,-9,-0.4,6.0,2.1,108
2017-12-30,0.7,1.7,6.83,,-9,,-9,,-9,-1.2,4.5,1.4,108
2017-12-31,1.0,,3.33,,-9,,-9,,-9,-3.2,3.3,-0.3,108
2018-01-01,,,-9.0,,-9,,-9,,-9,-5.1,3.8,-1.3,108
2018-01-02,,,-9.0,,-9,,-9,,-9,-4.3,1.8,-1.8,108
2018-01-03,,,-9.0,,-9,,-9,,-9,-7.1,-0.4,-4.7,108
2018-01-04,,,-9.0,,-9,,-9,,-9,-8.7,-0.7,-4.7,108
2018-01-05,,,-9.0,,-9,,-9,,-9,-5.6,1.6,-3.0,108
2018-01-06,,,-9.0,,-9,,-9,,-9,-6.8,2.9,-2.8,108
2018-01-07,,0.0,-9.0,,-9,,-9,,-9,-5.7,2.8,-0.8,108
2018-01-08,0.9,0.9,4.5,,-9,,-9,,-9,-1.2,4.0,1.3,108
2018-01-09,0.5,0.8,5.58,,-9,,-9,,-9,-6.1,-1.2,-4.2,108
2018-01-10,0.3,,2.08,,-9,,-9,,-9,-10.3,-4.8,-7.5,108
2018-01-11,,,-9.0,,-9,,-9,,-9,-13.6,-7.4,-11.1,108
2018-01-12,0.0,0.2,2.08,,-9,,-9,,-9,-15.3,-5.4,-10.2,108
2018-01-13,0.4,0.2,7.83,,-9,,-9,,-9,-6.6,-1.2,-4.4,108
2018-01-14,,0.2,-9.0,,-9,,-9,,-9,-4.4,5.4,0.6,108
2018-01-15,0.2,,1.25,,-9,,-9,,-9,1.8,7.7,4.7,108
2018-01-16,0.0,0.0,1.25,,-9,,-9,,-9,0.1,6.8,3.5,108
2018-01-17,,0.0,-9.0,,-9,,-9,,-9,2.4,8.7,4.5,108
2018-01-18,0.0,,0.58,,-9,,-9,,-9,0.3,4.5,2.1,108
2018-01-19,,,-9.0,,-9,,-9,,-9,-2.5,5.5,1.0,108
2018-01-20,,,-9.0,,-9,,-9,,-9,-1.0,6.9,2.2,108
2018-01-21,,,-9.0,,-9,,-9,,-9,-3.7,5.5,0.4,108
2018-01-22,3.3,3.3,6.0,,-9,,-9,,-9,-5.3,4.0,0.2,108
2018-01-23,,,-9.0,,-9,,-9,,-9,-14.6,-5.3,-11.7,108
2018-01-24,,,-9.0,,-9,,-9,,-9,-16.3,-10.7,-14.2,108
2018-01-25,,,-9.0,,-9,,-9,,-9,-16.4,-9.5,-14.0,108
2018-01-26,,,-9.0,,-9,,-9,,-9,-17.8,-10.7,-14.8,108
2018-01-27,,,-9.0,,-9,,-9,,-9,-15.9,-3.5,-9.9,108
2018-01-28,,,-9.0,,-9,,-9,,-9,-9.3,-1.2,-6.3,108
2018-01-29,,,-9.0,,-9,,-9,,-9,-11.6,-4.7,-8.5,108
2018-01-30,2.9,2.9,8.67,,-9,,-9,,-9,-11.4,-0.8,-5.3,108
2018-01-31,0.0,,0.67,,-9,,-9,,-9,-5.2,0.0,-2.6,108
2018-02-01,,,-9.0,,-9,,-9,,-9,-8.8,1.2,-4.0,108
2018-02-02,,0.5,-9.0,,-9,,-9,,-9,-7.6,3.8,-2.4,108
2018-02-03,0.5,,3.83,,-9,,-9,,-9,-10.4,-2.1,-7.3,108
2018-02-04,,,-9.0,,-9,,-9,,-9,-12.8,-5.2,-9.5,108
2018-02-05,,,-9.0,,-9,,-9,,-9,-11.8,-5.1,-9.4,108
2018-02-06,,,-9.0,,-9,,-9,,-9,-12.8,-5.8,-10.1,108
2018-02-07,,,-9.0,,-9,,-9,,-9,-13.4,-1.6,-8.0,108
2018-02-08,,,-9.0,,-9,,-9,,-9,-9.7,2.0,-4.4,108
2018-02-09,,,-9.0,,-9,,-9,,-9,-5.3,6.1,0.4,108
2018-02-10,,,-9.0,,-9,,-9,,-9,-6.9,3.2,-0.5,108
2018-02-11,0.0,0.0,1.0,,-9,,-9,,-9,-9.5,-2.2,-6.1,108
2018-02-12,0.0,0.0,2.17,,-9,,-9,,-9,-9.6,-1.8,-5.8,108
2018-02-13,,,-9.0,,-9,,-9,,-9,-7.4,4.3,-0.8,108
2018-02-14,,,-9.0,,-9,,-9,,-9,-0.7,8.7,3.5,108
2018-02-15,,,-9.0,,-9,,-9,,-9,-3.7,4.0,-0.7,108
2018-02-16,,,-9.0,,-9,,-9,,-9,-5.5,4.9,-1.1,108
2018-02-17,,,-9.0,,-9,,-9,,-9,-7.1,1.4,-3.0,108
2018-02-18,,,-9.0,,-9,,-9,,-9,-4.9,5.2,-0.4,108
2018-02-19,,,-9.0,,-9,,-9,,-9,-1.9,6.8,1.8,108
2018-02-20,,,-9.0,,-9,,-9,,-9,-2.4,5.5,0.9,108
2018-02-21,,,-9.0,,-9,,-9,,-9,-4.5,4.4,-0.9,108
2018-02-22,0.4,4.1,0.67,,-9,,-9,,-9,-3.9,5.4,1.3,108
2018-02-23,3.7,,2.75,,-9,,-9,,-9,-0.3,8.6,4.2,108
2018-02-24,,,-9.0,,-9,,-9,,-9,-1.1,7.2,2.4,108
2018-02-25,,,-9.0,,-9,,-9,,-9,-1.6,7.9,1.9,108
2018-02-26,,,-9.0,,-9,,-9,,-9,-3.2,10.4,3.1,108
2018-02-27,,,-9.0,,-9,,-9,,-9,0.6,6.9,4.2,108
2018-02-28,25.0,25.5,11.25,,-9,,-9,,-9,1.8,7.8,4.6,108
2018-03-01,0.5,,4.25,,-9,,-9,,-9,-4.3,3.0,-0.2,108
2018-03-02,,,-9.0,,-9,,-9,,-9,-6.7,5.4,-0.7,108
2018-03-03,0.0,0.5,1.17,,-9,,-9,,-9,-0.1,16.2,7.9,108
2018-03-04,11.5,14.5,13.75,,-9,,-9,,-9,7.6,11.9,9.8,108
2018-03-05,3.5,0.0,9.92,,-9,,-9,,-9,1.3,11.4,5.5,108
2018-03-06,,,-9.0,,-9,,-9,,-9,-1.1,10.9,4.5,108
2018-03-07,0.5,4.5,3.5,,-9,,-9,,-9,2.2,10.7,6.4,108
2018-03-08,4.0,0.0,10.25,,-9,,-9,,-9,2.7,9.7,4.6,108
2018-03-09,,,-9.0,,-9,,-9,,-9,1.4,9.6,4.5,108
2018-03-10,,,-9.0,,-9,,-9,,-9,0.7,9.7,4.6,108
2018-03-11,,,-9.0,,-9,,-9,,-9,2.7,12.2,6.4,108
2018-03-12,,,-9.0,,-9,,-9,,-9,2.2,15.5,8.0,108
2018-03-13,,,-9.0,,-9,,-9,,-9,5.2,18.8,12.4,108
2018-03-14,,25.0,-9.0,,-9,,-9,,-9,13.6,22.1,17.0,108
2018-03-15,27.0,2.0,13.5,,-9,,-9,,-9,8.4,16.6,12.4,108
2018-03-16,,,-9.0,,-9,,-9,,-9,3.6,12.2,7.1,108
2018-03-17,,,-9.0,,-9,,-9,,-9,0.5,14.0,6.6,108
2018-03-18,0.5,1.5,7.42,,-9,,-9,,-9,5.4,12.5,8.2,108
2018-03-19,1.0,0.0,13.5,,-9,,-9,,-9,6.2,10.4,8.0,108
2018-03-20,,,-9.0,,-9,,-9,,-9,1.6,9.1,4.7,108
2018-03-21,1.0,1.0,8.33,,-9,,-9,,-9,1.1,5.3,2.1,108
2018-03-22,,,-9.0,,-9,,-9,,-9,0.6,11.6,4.9,108
2018-03-23,,,-9.0,,-9,,-9,,-9,1.8,12.5,6.1,108
2018-03-24,,,-9.0,,-9,,-9,,-9,4.0,13.1,7.6,108
2018-03-25,,,-9.0,,-9,,-9,,-9,4.6,16.9,9.6,108
2018-03-26,,,-9.0,,-9,,-9,,-9,5.3,18.1,11.0,108
2018-03-27,,,-9.0,,-9,,-9,,-9,7.7,20.0,13.3,108
2018-03-28,,,-9.0,,-9,,-9,,-9,9.4,19.0,14.0,108
2018-03-29,,,-9.0,,-9,,-9,,-9,11.8,21.1,15.4,108
2018-03-30,,,-9.0,,-9,,-9,,-9,9.8,21.9,14.8,108
2018-03-31,,,-9.0,,-9,,-9,,-9,9.3,20.1,14.0,108
2018-04-01,,,-9.0,,-9,,-9,,-9,11.7,18.5,15.6,108
2018-04-02,,,-9.0,,-9,,-9,,-9,14.9,23.7,18.4,108
2018-04-03,0.1,18.6,2.92,0.1,-9,0.1,-9,,-9,14.9,21.2,17.8,108
2018-04-04,18.5,4.0,6.5,8.0,148,2.5,239,,-9,9.5,18.2,13.4,108
2018-04-05,10.5,13.0,19.67,3.0,636,1.0,645,,-9,6.7,9.5,7.6,108
2018-04-06,6.5,0.2,5.42,2.5,140,0.5,19,,-9,3.0,8.6,5.8,108
2018-04-07,0.2,,2.58,0.2,-9,0.1,-9,,-9,1.4,8.6,4.2,108
2018-04-08,3.0,3.0,6.5,2.5,1711,1.0,1729,,-9,0.6,7.9,3.9,108
2018-04-09,,,-9.0,,-9,,-9,,-9,0.1,15.4,7.9,108
2018-04-10,5.0,5.0,2.58,4.5,2126,2.0,2207,,-9,6.9,21.9,15.1,108
2018-04-11,,,-9.0,,-9,,-9,,-9,8.7,17.3,12.6,108
2018-04-12,,,-9.0,,-9,,-9,,-9,6.8,19.6,13.3,108
2018-04-13,,6.5,-9.0,,-9,,-9,,-9,8.3,19.3,14.6,108
2018-04-14,9.0,2.5,13.33,2.5,552,1.0,637,,-9,7.5,14.8,9.0,108
2018-04-15,,,-9.0,,-9,,-9,,-9,5.6,14.2,9.5,108
2018-04-16,,,-9.0,,-9,,-9,,-9,4.9,18.8,11.6,108
2018-04-17,,,-9.0,,-9,,-9,,-9,6.8,20.1,12.9,108
2018-04-18,,,-9.0,,-9,,-9,,-9,6.2,19.3,12.4,108
2018-04-19,,,-9.0,,-9,,-9,,-9,7.4,20.5,14.0,108
2018-04-20,,,-9.0,,-9,,-9,,-9,11.0,26.3,18.4,108
2018-04-21,,0.0,-9.0,,-9,,-9,,-9,12.3,25.6,18.7,108
2018-04-22,15.5,49.0,14.5,4.5,2055,1.5,2136,,-9,10.7,21.0,15.5,108
2018-04-23,59.0,28.5,23.42,8.5,802,2.5,535,,-9,8.4,10.7,9.3,108
2018-04-24,3.0,,5.75,2.9,202,1.0,226,,-9,8.9,16.1,12.1,108
2018-04-25,,,-9.0,,-9,,-9,,-9,5.7,23.3,14.6,108
2018-04-26,,,-9.0,,-9,,-9,,-9,10.0,22.1,14.9,108
2018-04-27,,,-9.0,,-9,,-9,,-9,9.7,23.3,15.7,108
2018-04-28,,,-9.0,,-9,,-9,,-9,10.5,21.7,15.4,108
2018-04-29,,,-9.0,,-9,,-9,,-9,9.4,22.9,16.2,108
2018-04-30,,0.0,-9.0,,-9,,-9,,-9,14.1,25.0,19.2,108
2018-05-01,0.0,1.5,1.42,0.0,-9,0.0,-9,,-9,17.8,23.3,20.4,108
2018-05-02,12.0,10.5,14.83,6.5,1126,2.0,1158,,-9,8.7,19.7,15.1,108
2018-05-03,1.0,1.0,3.62,0.9,1322,0.5,1412,,-9,6.9,14.7,11.2,108
2018-05-04,,,-9.0,,-9,,-9,,-9,8.8,20.0,14.1,108
2018-05-05,,14.0,-9.0,,-9,,-9,,-9,11.6,24.6,18.3,108
2018-05-06,22.0,8.0,13.83,4.0,954,1.5,1005,,-9,15.0,20.7,16.6,108
2018-05-07,,,-9.0,,-9,,-9,,-9,14.0,25.5,19.2,108
2018-05-08,,,-9.0,,-9,,-9,,-9,11.6,22.9,17.5,108
2018-05-09,,,-9.0,,-9,,-9,,-9,9.2,21.8,15.7,108
2018-05-10,,,-9.0,,-9,,-9,,-9,11.3,21.4,15.4,108
2018-05-11,,4.5,-9.0,,-9,,-9,,-9,11.9,21.3,16.1,108
2018-05-12,32.0,28.0,21.0,4.0,912,1.5,1002,,-9,11.8,16.1,14.2,108
2018-05-13,0.5,,8.25,0.2,-9,0.2,-9,,-9,12.7,20.0,15.8,108
2018-05-14,,,-9.0,,-9,,-9,,-9,11.9,24.5,18.2,108
2018-05-15,0.0,7.0,0.75,0.0,-9,0.0,-9,,-9,15.4,29.3,23.2,108
2018-05-16,45.0,84.5,17.07,35.0,1154,13.5,1212,,-9,21.8,24.4,22.3,108
2018-05-17,83.0,42.5,19.75,19.5,248,10.0,314,,-9,18.8,23.5,20.9,108
2018-05-18,6.5,0.5,13.33,2.0,126,1.0,209,,-9,12.2,19.3,16.3,108
2018-05-19,,,-9.0,,-9,,-9,,-9,10.3,24.7,17.6,108
2018-05-20,,,-9.0,,-9,,-9,,-9,11.5,22.6,17.0,108
2018-05-21,,,-9.0,,-9,,-9,,-9,11.3,23.7,17.8,108
2018-05-22,12.5,19.0,9.5,4.0,2249,1.0,1742,,-9,15.4,23.2,18.1,108
2018-05-23,6.5,,3.5,3.5,39,1.0,3,,-9,13.6,23.3,17.3,108
2018-05-24,,,-9.0,,-9,,-9,,-9,11.2,23.7,18.3,108
2018-05-25,,,-9.0,,-9,,-9,,-9,13.8,26.2,19.7,108
2018-05-26,,,-9.0,,-9,,-9,,-9,14.0,29.6,21.8,108
2018-05-27,,,-9.0,,-9,,-9,,-9,17.3,24.7,20.3,108
2018-05-28,,,-9.0,,-9,,-9,,-9,16.2,29.1,22.3,108
2018-05-29,1.0,1.0,3.0,1.0,1855,1.0,1931,,-9,19.1,25.9,21.4,108
2018-05-30,0.0,,2.25,0.0,-9,0.0,-9,,-9,15.8,24.7,20.2,108
2018-05-31,,,-9.0,,-9,,-9,,-9,14.2,27.6,20.9,108
2018-06-01,,,-9.0,,-9,,-9,,-9,17.5,30.2,23.8,108
2018-06-02,,,-9.0,,-9,,-9,,-9,17.6,30.1,23.4,108
2018-06-03,,,-9.0,,-9,,-9,,-9,16.9,30.8,24.0,108
2018-06-04,,,-9.0,,-9,,-9,,-9,18.9,27.5,22.6,108
2018-06-05,,,-9.0,,-9,,-9,,-9,17.7,29.2,23.7,108
2018-06-06,,,-9.0,,-9,,-9,,-9,18.4,27.9,23.0,108
2018-06-07,,,-9.0,,-9,,-9,,-9,17.8,29.4,22.2,108
2018-06-08,,,-9.0,,-9,,-9,,-9,18.5,27.0,21.9,108
2018-06-09,0.5,1.0,5.0,0.5,1919,0.3,1945,,-9,18.9,30.1,23.7,108
2018-06-10,0.5,,4.67,0.5,-2359,0.5,49,,-9,18.3,24.9,21.3,108
2018-06-11,5.0,5.0,5.42,4.5,2220,1.5,2241,,-9,18.0,23.9,20.2,108
2018-06-12,0.0,,1.08,0.0,-9,0.0,-9,,-9,16.6,27.1,21.3,108
2018-06-13,0.0,28.0,0.33,0.0,-9,0.0,-9,,-9,18.3,27.0,22.0,108
2018-06-14,29.0,17.5,7.08,19.5,628,6.0,628,,-9,18.8,25.1,21.6,108
2018-06-15,16.5,,4.17,11.5,244,4.5,320,,-9,17.2,27.0,21.7,108
2018-06-16,,,-9.0,,-9,,-9,,-9,16.3,28.7,22.5,108
2018-06-17,,,-9.0,,-9,,-9,,-9,18.9,27.5,22.8,108
2018-06-18,,,-9.0,,-9,,-9,,-9,19.9,30.8,24.8,108
2018-06-19,,,-9.0,,-9,,-9,,-9,19.1,27.2,22.4,108
2018-06-20,,,-9.0,,-9,,-9,,-9,19.1,28.4,22.7,108
2018-06-21,,,-9.0,,-9,,-9,,-9,19.4,28.7,23.7,108
2018-06-22,,,-9.0,,-9,,-9,,-9,18.2,32.0,25.0,108
2018-06-23,,,-9.0,,-9,,-9,,-9,20.9,28.9,24.5,108
2018-06-24,,,-9.0,,-9,,-9,,-9,20.1,32.1,25.2,108
2018-06-25,,12.0,-9.0,,-9,,-9,,-9,21.3,32.9,27.1,108
2018-06-26,71.5,60.5,20.17,18.5,949,7.0,1014,,-9,20.2,26.9,22.3,108
2018-06-27,1.0,0.1,8.83,0.5,46,0.5,301,,-9,19.1,25.5,22.3,108
2018-06-28,26.5,32.9,7.5,22.5,1700,11.0,1745,,-9,20.6,27.3,23.3,108
2018-06-29,6.5,0.1,7.67,4.5,453,3.5,525,,-9,21.9,29.1,24.7,108
2018-06-30,14.5,17.9,4.33,9.9,1125,4.5,1145,,-9,21.6,27.9,24.4,108
2018-07-01,83.5,100.0,19.25,20.5,1016,9.5,1050,,-9,21.0,22.8,21.9,108
2018-07-02,59.5,39.5,21.58,25.0,1844,8.0,1901,,-9,20.6,25.3,22.6,108
2018-07-03,0.1,0.1,1.58,0.1,-9,0.1,-9,,-9,22.5,32.6,27.4,108
2018-07-04,,0.5,-9.0,,-9,,-9,,-9,24.0,31.8,27.3,108
2018-07-05,0.5,0.0,2.67,0.5,545,0.5,559,,-9,23.4,29.0,25.3,108
2018-07-06,,,-9.0,,-9,,-9,,-9,21.5,27.1,23.9,108
2018-07-07,,,-9.0,,-9,,-9,,-9,19.5,29.2,23.7,108
2018-07-08,,0.2,-9.0,,-9,,-9,,-9,17.7,28.1,23.3,108
2018-07-09,14.0,29.3,17.58,9.5,2330,3.5,2350,,-9,20.1,24.2,20.8,108
2018-07-10,16.5,3.5,8.67,9.5,43,4.0,55,,-9,20.4,26.5,23.7,108
2018-07-11,3.0,1.0,10.58,1.0,409,0.5,25,,-9,24.4,29.5,26.8,108
2018-07-12,1.0,0.5,6.08,0.5,343,0.5,433,,-9,25.1,28.2,26.6,108
2018-07-13,,0.0,-9.0,,-9,,-9,,-9,24.7,30.9,27.3,108
2018-07-14,0.0,,0.33,0.0,-9,0.0,-9,,-9,24.6,31.9,27.9,108
2018-07-15,,,-9.0,,-9,,-9,,-9,24.5,33.2,28.3,108
2018-07-16,,,-9.0,,-9,,-9,,-9,24.0,34.0,28.7,108
2018-07-17,,,-9.0,,-9,,-9,,-9,23.9,32.1,28.1,108
2018-07-18,,,-9.0,,-9,,-9,,-9,23.7,33.2,28.2,108
2018-07-19,,,-9.0,,-9,,-9,,-9,23.2,34.1,28.7,108
2018-07-20,,,-9.0,,-9,,-9,,-9,24.6,34.7,29.5,108
2018-07-21,,,-9.0,,-9,,-9,,-9,24.9,36.9,30.6,108
2018-07-22,,,-9.0,,-9,,-9,,-9,25.3,38.0,31.8,108
2018-07-23,,,-9.0,,-9,,-9,,-9,29.2,35.7,31.7,108
2018-07-24,,,-9.0,,-9,,-9,,-9,27.2,36.8,31.4,108
2018-07-25,,,-9.0,,-9,,-9,,-9,27.7,34.1,30.1,108
2018-07-26,,,-9.0,,-9,,-9,,-9,27.3,33.7,30.1,108
2018-07-27,,,-9.0,,-9,,-9,,-9,27.2,35.4,30.9,108
2018-07-28,7.5,7.5,1.83,7.5,1355,6.0,1401,,-9,28.0,35.2,29.5,108
2018-07-29,,,-9.0,,-9,,-9,,-9,26.4,36.7,31.3,108
2018-07-30,,,-9.0,,-9,,-9,,-9,26.2,36.9,31.7,108
2018-07-31,,,-9.0,,-9,,-9,,-9,27.8,38.3,32.6,108
2018-08-01,,,-9.0,,-9,,-9,,-9,27.8,39.6,33.6,108
2018-08-02,,,-9.0,,-9,,-9,,-9,30.3,37.9,33.7,108
2018-08-03,,,-9.0,,-9,,-9,,-9,30.0,37.9,33.1,108
2018-08-04,,2.0,-9.0,,-9,,-9,,-9,28.0,34.9,31.1,108
2018-08-05,2.0,4.5,2.5,2.0,643,1.5,733,,-9,27.2,33.9,30.0,108
2018-08-06,6.5,2.0,3.83,4.5,726,3.5,816,,-9,28.3,35.3,30.5,108
2018-08-07,,,-9.0,,-9,,-9,,-9,26.8,35.9,30.5,108
2018-08-08,,,-9.0,,-9,,-9,,-9,27.6,35.3,31.0,108
2018-08-09,2.0,2.0,3.5,1.5,1617,1.0,1620,,-9,27.1,32.5,28.8,108
2018-08-10,,,-9.0,,-9,,-9,,-9,25.7,36.8,30.7,108
2018-08-11,,,-9.0,,-9,,-9,,-9,26.4,36.0,31.0,108
2018-08-12,5.0,6.0,2.0,5.0,1823,2.5,1857,,-9,27.2,35.3,30.6,108
2018-08-13,1.0,,1.58,1.0,-2331,1.0,16,,-9,26.7,34.4,30.5,108
2018-08-14,,,-9.0,,-9,,-9,,-9,27.7,37.2,31.7,108
2018-08-15,1.0,1.0,0.92,1.0,1745,0.9,1804,,-9,28.3,38.0,31.7,108
2018-08-16,,,-9.0,,-9,,-9,,-9,24.1,35.6,29.9,108
2018-08-17,,,-9.0,,-9,,-9,,-9,21.7,33.8,27.2,108
2018-08-18,,,-9.0,,-9,,-9,,-9,21.5,32.1,26.7,108
2018-08-19,,,-9.0,,-9,,-9,,-9,23.0,34.4,28.2,108
2018-08-20,0.0,5.0,0.33,0.0,-9,0.0,-9,,-9,25.1,33.3,29.1,108
2018-08-21,5.0,0.0,6.5,3.0,535,1.5,601,,-9,23.4,31.0,26.6,108
2018-08-22,,0.1,-9.0,,-9,,-9,,-9,23.4,37.6,30.7,108
2018-08-23,3.0,6.9,9.42,1.6,2026,1.5,2116,,-9,25.7,32.2,29.4,108
2018-08-24,7.5,3.5,16.25,1.5,148,1.0,1335,,-9,23.2,26.3,24.4,108
2018-08-25,,,-9.0,,-9,,-9,,-9,22.7,29.3,25.2,108
2018-08-26,2.0,16.5,4.67,1.3,2115,1.0,2127,,-9,20.3,29.0,23.2,108
2018-08-27,19.5,5.0,15.17,4.0,234,2.0,431,,-9,20.2,24.9,22.7,108
2018-08-28,96.5,97.0,12.92,43.5,1940,25.5,1957,,-9,22.5,26.1,23.7,108
2018-08-29,42.0,50.5,10.92,21.5,1903,6.5,1951,,-9,22.7,27.4,25.2,108
2018-08-30,9.5,0.6,6.25,7.5,137,5.0,147,,-9,23.9,28.2,25.3,108
2018-08-31,0.1,,5.08,0.1,-9,0.1,-9,,-9,22.8,30.3,25.6,108
2018-09-01,,,-9.0,,-9,,-9,,-9,20.8,30.9,25.5,108
2018-09-02,,2.0,-9.0,,-9,,-9,,-9,20.1,29.6,25.1,108
2018-09-03,34.5,32.5,10.83,20.0,1626,5.5,1637,,-9,21.4,25.8,23.3,108
2018-09-04,,,-9.0,,-9,,-9,,-9,20.0,27.8,23.2,108
2018-09-05,,,-9.0,,-9,,-9,,-9,19.6,28.5,24.0,108
2018-09-06,1.0,1.5,0.75,1.0,2305,1.0,2305,,-9,20.9,28.2,24.1,108
2018-09-07,0.5,,1.58,0.5,105,0.5,105,,-9,19.1,25.5,22.0,108
2018-09-08,,,-9.0,,-9,,-9,,-9,15.9,27.7,21.7,108
2018-09-09,,,-9.0,,-9,,-9,,-9,15.6,28.9,22.2,108
2018-09-10,,,-9.0,,-9,,-9,,-9,18.6,28.4,22.9,108
2018-09-11,,,-9.0,,-9,,-9,,-9,16.8,26.1,21.6,108
2018-09-12,,,-9.0,,-9,,-9,,-9,16.8,28.2,22.8,108
2018-09-13,,,-9.0,,-9,,-9,,-9,20.3,28.3,23.5,108
2018-09-14,0.5,0.7,1.75,0.5,2150,0.5,2222,,-9,20.3,26.8,23.5,108
2018-09-15,0.2,0.5,4.75,0.1,-9,0.1,-9,,-9,21.0,26.0,23.3,108
2018-09-16,2.0,1.6,14.33,1.0,1536,0.5,1449,,-9,21.0,23.9,22.2,108
2018-09-17,0.1,,1.83,0.1,-9,0.1,-9,,-9,18.5,27.7,22.3,108
2018-09-18,,0.0,-9.0,,-9,,-9,,-9,17.7,26.5,22.0,108
2018-09-19,0.2,3.7,6.83,0.1,-9,0.1,-9,,-9,18.9,26.6,22.1,108
2018-09-20,5.0,17.5,10.92,2.0,545,0.5,548,,-9,17.8,20.1,19.0,108
2018-09-21,18.0,8.5,11.83,6.5,613,2.0,652,,-9,17.6,21.9,19.4,108
2018-09-22,6.5,0.0,1.0,6.5,355,4.0,415,,-9,17.2,25.5,20.8,108
2018-09-23,0.0,,1.5,0.0,-9,0.0,-9,,-9,15.6,25.3,19.4,108
2018-09-24,,,-9.0,,-9,,-9,,-9,14.2,22.1,17.6,108
2018-09-25,,,-9.0,,-9,,-9,,-9,10.8,24.3,17.8,108
2018-09-26,,,-9.0,,-9,,-9,,-9,16.2,24.8,19.4,108
2018-09-27,,,-9.0,,-9,,-9,,-9,13.2,25.0,18.9,108
2018-09-28,,,-9.0,,-9,,-9,,-9,14.3,22.2,17.5,108
2018-09-29,,,-9.0,,-9,,-9,,-9,14.6,27.0,20.2,108
2018-09-30,,,-9.0,,-9,,-9,,-9,14.0,21.6,17.6,108
2018-10-01,0.0,0.0,0.58,0.0,-9,0.0,-9,,-9,13.0,19.7,15.4,108
2018-10-02,,,-9.0,,-9,,-9,,-9,10.3,22.0,15.9,108
2018-10-03,,,-9.0,,-9,,-9,,-9,11.2,24.2,17.3,108
2018-10-04,,1.5,-9.0,,-9,,-9,,-9,13.0,25.6,19.3,108
2018-10-05,36.5,79.5,17.17,8.0,1434,3.0,1604,,-9,15.7,19.0,16.9,108
2018-10-06,55.5,11.0,12.67,10.5,625,2.5,456,,-9,16.3,21.7,18.0,108
2018-10-07,,,-9.0,,-9,,-9,,-9,12.3,21.1,16.4,108
2018-10-08,,,-9.0,,-9,,-9,,-9,9.2,20.9,14.8,108
2018-10-09,0.0,7.0,0.42,0.0,-9,0.0,-9,,-9,10.7,19.8,15.3,108
2018-10-10,7.0,,2.67,5.5,111,1.5,155,,-9,7.9,16.7,12.0,108
2018-10-11,,,-9.0,,-9,,-9,,-9,6.1,13.9,9.7,108
2018-10-12,,,-9.0,,-9,,-9,,-9,5.2,17.4,10.9,108
2018-10-13,,,-9.0,,-9,,-9,,-9,6.1,19.8,12.5,108
2018-10-14,,,-9.0,,-9,,-9,,-9,6.8,20.3,13.2,108
2018-10-15,,,-9.0,,-9,,-9,,-9,10.9,21.0,15.2,108
2018-10-16,,,-9.0,,-9,,-9,,-9,9.9,20.3,14.5,108
2018-10-17,,,-9.0,,-9,,-9,,-9,8.4,18.6,12.4,108
2018-10-18,,,-9.0,,-9,,-9,,-9,7.5,19.0,12.7,108
2018-10-19,,,-9.0,,-9,,-9,,-9,7.2,20.4,13.1,108
2018-10-20,,,-9.0,,-9,,-9,,-9,6.9,21.4,13.4,108
2018-10-21,,,-9.0,,-9,,-9,,-9,7.2,21.1,13.4,108
2018-10-22,,0.0,-9.0,,-9,,-9,,-9,8.8,20.6,14.0,108
2018-10-23,5.0,5.0,3.0,5.0,1055,1.5,1103,,-9,9.8,16.9,12.2,108
2018-10-24,,,-9.0,,-9,,-9,,-9,7.6,18.7,12.5,108
2018-10-25,,1.0,-9.0,,-9,,-9,,-9,7.0,21.2,13.8,108
2018-10-26,11.0,10.0,8.58,6.0,1304,2.0,1338,,-9,9.9,14.7,12.2,108
2018-10-27,,4.0,-9.0,,-9,,-9,,-9,6.2,11.6,8.7,108
2018-10-28,5.5,1.5,4.67,2.5,726,2.0,812,,-9,5.2,13.5,8.3,108
2018-10-29,0.0,0.0,0.83,0.0,-9,0.0,-9,,-9,3.4,11.7,7.2,108
2018-10-30,0.0,0.0,1.58,,-9,,-9,,-9,0.7,11.6,6.1,108
2018-10-31,0.0,,1.58,0.0,-9,0.0,-9,,-9,3.0,12.6,7.4,108
2018-11-01,,,-9.0,,-9,,-9,,-9,2.5,15.2,8.4,108
2018-11-02,,,-9.0,,-9,,-9,,-9,4.0,19.0,10.6,108
2018-11-03,,,-9.0,,-9,,-9,,-9,5.0,19.1,11.2,108
2018-11-04,,,-9.0,,-9,,-9,,-9,5.3,19.4,11.6,108
2018-11-05,,,-9.0,,-9,,-9,,-9,6.6,18.3,11.9,108
2018-11-06,,2.0,-9.0,,-9,,-9,,-9,8.0,17.5,12.2,108
2018-11-07,2.0,4.0,11.0,,-9,,-9,,-9,10.3,15.7,12.8,108
2018-11-08,64.0,61.0,24.0,,-9,,-9,,-9,10.5,14.7,11.8,108
2018-11-09,1.0,0.0,3.5,,-9,,-9,,-9,9.5,15.4,12.1,108
2018-11-10,0.0,,1.08,,-9,,-9,,-9,8.8,17.1,11.9,108
2018-11-11,0.0,0.0,2.33,,-9,,-9,,-9,5.4,10.9,8.1,108
2018-11-12,,,-9.0,,-9,,-9,,-9,3.1,15.1,8.1,108
2018-11-13,,,-9.0,,-9,,-9,,-9,4.1,15.4,8.8,108
2018-11-14,,,-9.0,,-9,,-9,,-9,4.8,16.6,9.8,108
2018-11-15,,,-9.0,,-9,,-9,,-9,4.7,16.2,9.7,108
2018-11-16,,,-9.0,,-9,,-9,,-9,4.2,14.5,8.8,108
2018-11-17,,,-9.0,,-9,,-9,,-9,0.6,11.4,4.9,108
2018-11-18,,,-9.0,,-9,,-9,,-9,1.9,10.7,6.1,108
2018-11-19,,,-9.0,,-9,,-9,,-9,3.3,11.3,6.5,108
2018-11-20,0.2,1.2,0.83,,-9,,-9,,-9,0.0,12.7,6.5,108
2018-11-21,1.0,0.0,3.83,,-9,,-9,,-9,3.1,8.2,5.8,108
2018-11-22,,,-9.0,,-9,,-9,,-9,-1.3,7.1,2.3,108
2018-11-23,,9.1,-9.0,,-9,,-9,,-9,-3.1,7.6,1.9,108
2018-11-24,10.9,1.8,4.33,,-9,,-9,,-9,0.3,3.8,2.6,108
2018-11-25,,,-9.0,,-9,,-9,,-9,1.3,9.8,4.8,108
2018-11-26,,,-9.0,,-9,,-9,,-9,1.6,13.6,6.3,108
2018-11-27,,,-9.0,,-9,,-9,,-9,3.1,12.5,7.1,108
2018-11-28,,,-9.0,,-9,,-9,,-9,2.1,11.1,5.0,108
2018-11-29,0.0,0.0,0.67,,-9,,-9,,-9,0.6,6.7,3.5,108
2018-11-30,,,-9.0,,-9,,-9,,-9,-1.5,8.0,2.7,108
2018-12-01,,,-9.0,,-9,,-9,,-9,0.8,12.4,5.5,108
2018-12-02,,5.0,-9.0,,-9,,-9,,-9,2.8,11.8,8.2,108
2018-12-03,9.5,9.5,13.25,,-9,,-9,,-9,9.3,13.5,11.5,108
2018-12-04,5.0,0.0,6.75,,-9,,-9,,-9,-0.3,11.8,6.7,108
2018-12-05,,0.0,-9.0,,-9,,-9,,-9,-4.3,3.4,0.0,108
2018-12-06,0.0,0.0,1.25,,-9,,-9,,-9,-1.0,6.8,2.4,108
2018-12-07,,,-9.0,,-9,,-9,,-9,-9.6,-1.1,-7.3,108
2018-12-08,,,-9.0,,-9,,-9,,-9,-11.4,-4.4,-8.3,108
2018-12-09,,,-9.0,,-9,,-9,,-9,-11.8,-2.1,-7.2,108
2018-12-10,,,-9.0,,-9,,-9,,-9,-8.1,4.6,-2.5,108
2018-12-11,,,-9.0,,-9,,-9,,-9,-2.4,2.9,0.2,108
2018-12-12,,0.4,-9.0,,-9,,-9,,-9,-5.0,2.4,-1.9,108
2018-12-13,1.3,0.9,9.0,,-9,,-9,,-9,-5.9,2.1,-2.2,108
2018-12-14,,,-9.0,,-9,,-9,,-9,-7.8,0.6,-4.4,108
2018-12-15,,0.0,-9.0,,-9,,-9,,-9,-7.8,3.2,-2.4,108
2018-12-16,0.3,0.6,6.25,,-9,,-9,,-9,-2.6,2.1,0.0,108
2018-12-17,0.3,,0.67,,-9,,-9,,-9,-1.5,5.9,1.6,108
2018-12-18,,,-9.0,,-9,,-9,,-9,-2.8,7.4,2.6,108
2018-12-19,,,-9.0,,-9,,-9,,-9,1.3,9.5,4.0,108
2018-12-20,,,-9.0,,-9,,-9,,-9,-1.1,10.4,3.4,108
2018-12-21,,,-9.0,,-9,,-9,,-9,0.4,9.8,5.6,108
2018-12-22,,,-9.0,,-9,,-9,,-9,2.9,12.4,6.9,108
2018-12-23,,,-9.0,,-9,,-9,,-9,-3.4,7.5,2.4,108
2018-12-24,,,-9.0,,-9,,-9,,-9,-5.9,3.1,-2.3,108
2018-12-25,,,-9.0,,-9,,-9,,-9,-4.0,5.2,0.6,108
2018-12-26,,,-9.0,,-9,,-9,,-9,-7.1,3.0,-1.5,108
2018-12-27,,,-9.0,,-9,,-9,,-9,-12.5,-6.5,-10.1,108
2018-12-28,,,-9.0,,-9,,-9,,-9,-14.4,-6.6,-10.5,108
2018-12-29,,,-9.0,,-9,,-9,,-9,-10.5,-3.0,-7.6,108
2018-12-30,,,-9.0,,-9,,-9,,-9,-11.3,-0.9,-6.8,108
2018-12-31,,,-9.0,,-9,,-9,,-9,-10.5,-0.5,-5.4,108
2019-01-01,,,-9.0,,-9,,-9,,-9,-8.2,-0.6,-5.0,108
2019-01-02,,,-9.0,,-9,,-9,,-9,-8.8,0.2,-4.9,108
2019-01-03,,,-9.0,,-9,,-9,,-9,-8.4,3.2,-3.5,108
2019-01-04,,,-9.0,,-9,,-9,,-9,-6.2,4.1,-1.1,108
2019-01-05,,,-9.0,,-9,,-9,,-9,-5.5,1.1,-2.8,108
2019-01-06,,,-9.0,,-9,,-9,,-9,-6.3,2.7,-2.8,108
2019-01-07,,,-9.0,,-9,,-9,,-9,-6.2,3.1,-1.9,108
2019-01-08,,,-9.0,,-9,,-9,,-9,-7.2,0.5,-3.5,108
2019-01-09,,,-9.0,,-9,,-9,,-9,-9.4,1.3,-4.7,108
2019-01-10,,,-9.0,,-9,,-9,,-9,-4.5,3.0,-0.6,108
2019-01-11,,,-9.0,,-9,,-9,,-9,-0.4,7.2,2.4,108
2019-01-12,,,-9.0,,-9,,-9,,-9,-0.6,8.0,2.8,108
2019-01-13,,,-9.0,,-9,,-9,,-9,-3.0,7.6,1.2,108
2019-01-14,,,-9.0,,-9,,-9,,-9,-2.4,5.3,1.4,108
2019-01-15,0.0,0.0,1.0,,-9,,-9,,-9,-7.2,2.6,-1.7,108
2019-01-16,0.0,0.0,3.75,,-9,,-9,,-9,-10.1,-1.1,-5.2,108
2019-01-17,0.0,,2.83,,-9,,-9,,-9,-3.2,4.0,-0.3,108
2019-01-18,,,-9.0,,-9,,-9,,-9,-4.6,6.7,0.6,108
2019-01-19,,,-9.0,,-9,,-9,,-9,0.0,8.5,3.6,108
2019-01-20,,,-9.0,,-9,,-9,,-9,-5.5,4.0,-1.4,108
2019-01-21,0.0,0.0,2.75,,-9,,-9,,-9,-6.7,4.2,-1.2,108
2019-01-22,,,-9.0,,-9,,-9,,-9,-3.3,7.1,1.7,108
2019-01-23,,,-9.0,,-9,,-9,,-9,-0.8,7.0,2.0,108
2019-01-24,,,-9.0,,-9,,-9,,-9,-4.6,6.5,0.1,108
2019-01-25,,,-9.0,,-9,,-9,,-9,-3.8,2.6,-1.2,108
2019-01-26,,,-9.0,,-9,,-9,,-9,-6.5,2.4,-2.5,108
2019-01-27,,0.0,-9.0,,-9,,-9,,-9,-6.6,5.1,-0.1,108
2019-01-28,0.0,,1.5,,-9,,-9,,-9,-2.4,4.5,1.2,108
2019-01-29,,,-9.0,,-9,,-9,,-9,-5.6,7.0,-0.2,108
2019-01-30,,,-9.0,,-9,,-9,,-9,-2.8,6.6,1.8,108
2019-01-31,,,-9.0,,-9,,-9,,-9,-6.2,2.3,-2.0,108
2019-02-01,0.3,0.3,2.25,,-9,,-9,,-9,-7.4,2.8,-2.1,108
2019-02-02,0.0,9.0,0.42,,-9,,-9,,-9,-3.2,6.1,1.4,108
2019-02-03,16.0,7.0,19.67,,-9,,-9,,-9,2.0,4.9,3.3,108
2019-02-04,,,-9.0,,-9,,-9,,-9,-3.3,3.0,-0.6,108
2019-02-05,,,-9.0,,-9,,-9,,-9,-3.6,10.1,2.8,108
2019-02-06,,0.5,-9.0,,-9,,-9,,-9,0.1,9.3,5.1,108
2019-02-07,0.5,,4.17,,-9,,-9,,-9,-8.2,6.3,-2.1,108
2019-02-08,,,-9.0,,-9,,-9,,-9,-10.2,-1.3,-6.1,108
2019-02-09,,,-9.0,,-9,,-9,,-9,-8.6,-1.9,-5.4,108
2019-02-10,,,-9.0,,-9,,-9,,-9,-9.1,-1.9,-5.0,108
2019-02-11,,0.0,-9.0,,-9,,-9,,-9,-7.5,2.0,-3.0,108
2019-02-12,0.0,,2.25,,-9,,-9,,-9,-4.1,3.7,-0.6,108
2019-02-13,,,-9.0,,-9,,-9,,-9,-5.7,2.5,-2.1,108
2019-02-14,,1.4,-9.0,,-9,,-9,,-9,-5.9,6.3,-0.5,108
2019-02-15,2.2,1.0,14.83,,-9,,-9,,-9,-2.9,0.9,-0.8,108
2019-02-16,0.2,,3.42,,-9,,-9,,-9,-5.1,1.5,-2.7,108
2019-02-17,,,-9.0,,-9,,-9,,-9,-6.8,4.6,-1.8,108
2019-02-18,,1.4,-9.0,,-9,,-9,,-9,-4.7,5.9,0.9,108
2019-02-19,4.6,3.2,11.58,,-9,,-9,,-9,0.2,3.0,1.4,108
2019-02-20,0.0,0.0,2.33,,-9,,-9,,-9,-0.1,4.5,1.7,108
2019-02-21,,,-9.0,,-9,,-9,,-9,-2.6,9.0,2.4,108
2019-02-22,,,-9.0,,-9,,-9,,-9,-1.6,10.8,4.0,108
2019-02-23,,,-9.0,,-9,,-9,,-9,0.5,14.5,6.8,108
2019-02-24,,,-9.0,,-9,,-9,,-9,1.2,13.7,6.3,108
2019-02-25,,,-9.0,,-9,,-9,,-9,1.3,10.2,4.7,108
2019-02-26,,,-9.0,,-9,,-9,,-9,-1.5,12.0,5.2,108
2019-02-27,,,-9.0,,-9,,-9,,-9,4.7,14.0,7.8,108
2019-02-28,,,-9.0,,-9,,-9,,-9,2.0,12.8,6.6,108
2019-03-01,,,-9.0,,-9,,-9,,-9,1.2,13.0,6.6,108
2019-03-02,,,-9.0,,-9,,-9,,-9,1.3,14.7,7.8,108
2019-03-03,,,-9.0,,-9,,-9,,-9,2.5,16.1,9.4,108
2019-03-04,,,-9.0,,-9,,-9,,-9,5.0,16.3,9.9,108
2019-03-05,,,-9.0,,-9,,-9,,-9,5.6,12.9,8.4,108
2019-03-06,,,-9.0,,-9,,-9,,-9,5.7,12.4,8.4,108
2019-03-07,,,-9.0,,-9,,-9,,-9,3.1,12.7,7.0,108
2019-03-08,,,-9.0,,-9,,-9,,-9,0.6,13.4,6.1,108
2019-03-09,,,-9.0,,-9,,-9,,-9,-0.4,14.9,7.2,108
2019-03-10,,,-9.0,,-9,,-9,,-9,6.7,15.3,10.1,108
2019-03-11,0.0,0.0,1.5,,-9,,-9,,-9,3.5,10.0,6.6,108
2019-03-12,0.0,0.0,0.92,,-9,,-9,,-9,-0.3,7.9,3.9,108
2019-03-13,0.0,0.0,0.58,,-9,,-9,,-9,-0.4,8.5,3.5,108
2019-03-14,0.0,0.0,0.5,,-9,,-9,,-9,-1.7,10.0,5.0,108
2019-03-15,3.5,3.5,4.58,,-9,,-9,,-9,1.6,11.3,5.5,108
2019-03-16,,,-9.0,,-9,,-9,,-9,0.2,9.2,4.3,108
2019-03-17,,,-9.0,,-9,,-9,,-9,2.6,12.4,6.3,108
2019-03-18,,,-9.0,,-9,,-9,,-9,1.4,14.4,7.1,108
2019-03-19,,,-9.0,,-9,,-9,,-9,3.4,16.7,10.0,108
2019-03-20,16.5,19.8,9.92,,-9,,-9,,-9,7.1,14.6,10.3,108
2019-03-21,3.3,,6.5,,-9,,-9,,-9,1.9,11.1,7.1,108
2019-03-22,,,-9.0,,-9,,-9,,-9,-0.7,8.3,3.3,108
2019-03-23,1.7,1.7,1.75,,-9,,-9,,-9,-0.4,8.2,3.3,108
2019-03-24,,,-9.0,,-9,,-9,,-9,-0.8,9.7,4.3,108
2019-03-25,,,-9.0,,-9,,-9,,-9,2.9,11.5,7.3,108
2019-03-26,,,-9.0,,-9,,-9,,-9,7.4,17.6,11.4,108
2019-03-27,,,-9.0,,-9,,-9,,-9,8.9,16.2,11.6,108
2019-03-28,,,-9.0,,-9,,-9,,-9,5.6,14.6,9.4,108
2019-03-29,,1.6,-9.0,,-9,,-9,,-9,5.5,15.1,9.2,108
2019-03-30,1.8,0.2,14.67,,-9,,-9,,-9,3.5,8.4,5.2,108
2019-03-31,0.0,,3.67,,-9,,-9,,-9,2.6,8.4,4.4,108
2019-04-01,,,-9.0,,-9,,-9,,-9,0.3,11.3,5.5,108
2019-04-02,,,-9.0,,-9,,-9,,-9,1.3,13.0,6.7,108
2019-04-03,,,-9.0,,-9,,-9,,-9,1.9,13.6,7.6,108
2019-04-04,,0.0,-9.0,,-9,,-9,,-9,3.0,15.7,9.2,108
2019-04-05,0.0,,2.83,0.0,-9,0.0,-9,,-9,7.0,17.2,11.4,108
2019-04-06,0.8,0.8,4.0,0.6,1530,0.5,1616,,-9,5.9,12.2,9.3,108
2019-04-07,,,-9.0,,-9,,-9,,-9,5.6,20.3,12.6,108
2019-04-08,,,-9.0,,-9,,-9,,-9,7.6,17.2,11.6,108
2019-04-09,17.4,21.6,8.42,3.8,1735,0.9,1754,,-9,4.7,13.9,9.2,108
2019-04-10,5.6,1.4,15.5,1.9,-2331,0.6,-2357,,-9,4.7,10.2,7.1,108
2019-04-11,,,-9.0,,-9,,-9,,-9,4.3,15.7,9.5,108
2019-04-12,,,-9.0,,-9,,-9,,-9,5.5,18.4,11.4,108
2019-04-13,,0.1,-9.0,,-9,,-9,,-9,6.2,17.9,11.8,108
2019-04-14,1.7,1.6,6.25,1.3,945,0.4,952,,-9,6.9,13.6,9.6,108
2019-04-15,,,-9.0,,-9,,-9,,-9,3.9,18.1,11.6,108
2019-04-16,,,-9.0,,-9,,-9,,-9,6.8,22.6,14.9,108
2019-04-17,,,-9.0,,-9,,-9,,-9,9.1,21.8,15.3,108
2019-04-18,0.0,0.0,0.92,0.0,-9,0.0,-9,,-9,10.4,16.2,12.6,108
2019-04-19,,,-9.0,,-9,,-9,,-9,9.6,19.7,13.8,108
2019-04-20,1.2,1.5,4.25,0.7,2243,0.2,-9,,-9,9.7,19.1,14.3,108
2019-04-21,0.3,,3.33,0.2,-9,0.2,-9,,-9,12.2,20.2,14.8,108
2019-04-22,,,-9.0,,-9,,-9,,-9,10.7,28.2,19.3,108
2019-04-23,0.0,4.1,0.75,0.0,-9,0.0,-9,,-9,15.3,25.5,20.4,108
2019-04-24,4.1,,7.67,1.9,211,0.5,246,,-9,15.8,25.9,19.5,108
2019-04-25,11.3,15.3,12.5,2.7,2045,1.2,1958,,-9,9.4,17.2,13.2,108
2019-04-26,4.9,0.9,14.17,1.9,310,0.6,345,,-9,6.2,9.9,8.4,108
2019-04-27,,0.0,-9.0,,-9,,-9,,-9,4.1,18.2,11.6,108
2019-04-28,0.0,,1.75,0.0,-9,0.0,-9,,-9,9.9,16.6,12.9,108
2019-04-29,,,-9.0,,-9,,-9,,-9,8.3,17.3,13.0,108
2019-04-30,,,-9.0,,-9,,-9,,-9,9.0,22.5,15.5,108
2019-05-01,,,-9.0,,-9,,-9,,-9,11.2,22.2,16.4,108
2019-05-02,,,-9.0,,-9,,-9,,-9,10.6,25.3,17.1,108
2019-05-03,,,-9.0,,-9,,-9,,-9,10.1,26.1,17.9,108
2019-05-04,,,-9.0,,-9,,-9,,-9,12.0,27.4,19.5,108
2019-05-05,,0.0,-9.0,,-9,,-9,,-9,13.6,26.5,19.2,108
2019-05-06,0.0,,0.17,0.0,-9,0.0,-9,,-9,9.8,19.8,14.5,108
2019-05-07,,,-9.0,,-9,,-9,,-9,8.4,21.9,15.0,108
2019-05-08,,,-9.0,,-9,,-9,,-9,10.1,21.3,15.6,108
2019-05-09,,,-9.0,,-9,,-9,,-9,11.7,22.9,16.6,108
2019-05-10,,,-9.0,,-9,,-9,,-9,10.3,26.8,17.8,108
2019-05-11,,,-9.0,,-9,,-9,,-9,13.2,28.3,20.3,108
2019-05-12,,,-9.0,,-9,,-9,,-9,14.7,28.9,21.6,108
2019-05-13,0.0,0.0,0.17,0.0,-9,0.0,-9,,-9,15.5,22.8,18.7,108
2019-05-14,,,-9.0,,-9,,-9,,-9,12.9,26.9,19.6,108
2019-05-15,,,-9.0,,-9,,-9,,-9,14.8,28.0,20.7,108
2019-05-16,,,-9.0,,-9,,-9,,-9,16.7,30.0,23.5,108
2019-05-17,,,-9.0,,-9,,-9,,-9,17.6,28.3,23.6,108
2019-05-18,0.0,5.1,0.25,0.0,-9,0.0,-9,,-9,19.1,25.9,22.8,108
2019-05-19,22.0,25.6,18.08,4.2,1656,1.3,1744,,-9,17.9,21.6,19.4,108
2019-05-20,8.7,,3.67,6.1,140,2.2,202,,-9,13.0,20.2,16.4,108
2019-05-21,,,-9.0,,-9,,-9,,-9,11.7,23.8,17.2,108
2019-05-22,,,-9.0,,-9,,-9,,-9,12.3,26.5,19.5,108
2019-05-23,,,-9.0,,-9,,-9,,-9,15.0,29.2,22.1,108
2019-05-24,,,-9.0,,-9,,-9,,-9,16.2,33.4,24.2,108
2019-05-25,,,-9.0,,-9,,-9,,-9,18.4,28.6,23.4,108
2019-05-26,,3.6,-9.0,,-9,,-9,,-9,18.6,31.1,24.5,108
2019-05-27,7.1,3.5,13.83,1.7,751,0.7,604,,-9,14.3,22.3,17.8,108
2019-05-28,,,-9.0,,-9,,-9,,-9,11.9,24.6,18.1,108
2019-05-29,,,-9.0,,-9,,-9,,-9,13.3,26.5,20.3,108
2019-05-30,0.0,0.0,3.33,0.0,-9,0.0,-9,,-9,14.6,24.5,19.6,108
2019-05-31,,,-9.0,,-9,,-9,,-9,16.1,23.3,19.1,108
2019-06-01,,,-9.0,,-9,,-9,,-9,14.8,23.7,18.9,108
2019-06-02,,,-9.0,,-9,,-9,,-9,14.1,27.8,21.1,108
2019-06-03,,,-9.0,,-9,,-9,,-9,16.0,29.5,23.1,108
2019-06-04,,,-9.0,,-9,,-9,,-9,17.6,29.0,22.6,108
2019-06-05,,,-9.0,,-9,,-9,,-9,17.8,29.6,23.0,108
2019-06-06,7.5,42.1,9.58,3.4,1928,1.3,1943,,-9,18.6,25.1,21.2,108
2019-06-07,35.3,0.7,12.75,12.1,234,3.9,252,,-9,17.0,24.7,20.0,108
2019-06-08,,,-9.0,,-9,,-9,,-9,16.0,27.6,21.9,108
2019-06-09,2.5,12.0,3.5,1.6,2055,0.9,2123,,-9,17.1,26.5,21.6,108
2019-06-10,9.5,,8.92,3.5,106,1.1,251,,-9,15.7,21.9,18.4,108
2019-06-11,,,-9.0,,-9,,-9,,-9,15.5,26.1,20.5,108
2019-06-12,,,-9.0,,-9,,-9,,-9,16.1,26.4,21.5,108
2019-06-13,,,-9.0,,-9,,-9,,-9,16.6,28.8,23.0,108
2019-06-14,,,-9.0,,-9,,-9,,-9,19.1,28.4,23.0,108
2019-06-15,2.1,2.1,0.58,2.1,1815,1.9,1829,,-9,17.9,27.4,21.9,108
2019-06-16,,0.0,-9.0,,-9,,-9,,-9,16.1,27.2,22.0,108
2019-06-17,0.0,9.9,0.33,0.0,-9,0.0,-9,,-9,18.1,26.2,21.7,108
2019-06-18,13.8,4.1,11.33,7.8,559,4.7,637,,-9,17.0,24.8,20.8,108
2019-06-19,0.2,0.0,2.08,0.2,-9,0.2,-9,,-9,18.9,25.4,21.4,108
2019-06-20,,,-9.0,,-9,,-9,,-9,19.8,27.8,22.7,108
2019-06-21,0.2,0.2,0.92,0.2,-9,0.2,-9,,-9,19.4,26.1,22.1,108
2019-06-22,,,-9.0,,-9,,-9,,-9,17.7,30.6,24.2,108
2019-06-23,,,-9.0,,-9,,-9,,-9,19.1,31.0,25.0,108
2019-06-24,,,-9.0,,-9,,-9,,-9,20.9,30.9,25.2,108
2019-06-25,,,-9.0,,-9,,-9,,-9,19.5,32.8,25.6,108
2019-06-26,0.0,1.4,1.67,0.0,-9,0.0,-9,,-9,20.7,29.5,25.5,108
2019-06-27,1.4,,3.33,1.3,33,0.5,46,,-9,21.9,31.2,25.5,108
2019-06-28,0.0,1.5,2.75,0.0,-9,0.0,-9,,-9,22.3,29.0,24.7,108
2019-06-29,1.5,,8.75,0.5,341,0.3,418,,-9,19.6,27.7,23.1,108
2019-06-30,0.0,0.0,0.17,0.0,-9,0.0,-9,,-9,20.9,28.5,23.9,108
2019-07-01,,,-9.0,,-9,,-9,,-9,20.6,28.9,23.9,108
2019-07-02,,,-9.0,,-9,,-9,,-9,20.8,30.1,24.4,108
2019-07-03,,,-9.0,,-9,,-9,,-9,21.2,27.4,24.1,108
2019-07-04,,,-9.0,,-9,,-9,,-9,20.0,32.8,25.4,108
2019-07-05,0.0,0.0,0.83,0.0,-9,0.0,-9,,-9,20.2,35.0,27.6,108
2019-07-06,,,-9.0,,-9,,-9,,-9,24.6,36.1,29.7,108
2019-07-07,,,-9.0,,-9,,-9,,-9,22.7,32.5,26.7,108
2019-07-08,,,-9.0,,-9,,-9,,-9,21.2,31.0,25.1,108
2019-07-09,,,-9.0,,-9,,-9,,-9,19.7,30.0,25.0,108
2019-07-10,8.5,11.4,10.83,2.7,2019,0.7,2019,,-9,19.3,27.3,22.7,108
2019-07-11,2.9,0.0,10.92,1.6,534,0.5,538,,-9,19.5,25.9,21.9,108
2019-07-12,,0.0,-9.0,,-9,,-9,,-9,20.0,28.7,23.6,108
2019-07-13,0.0,,0.33,0.0,-9,0.0,-9,,-9,22.1,29.7,24.9,108
2019-07-14,,,-9.0,,-9,,-9,,-9,21.2,31.6,25.9,108
2019-07-15,7.7,12.1,6.83,4.3,1614,2.5,1644,,-9,22.1,27.4,23.8,108
2019-07-16,6.3,1.9,2.0,4.4,130,3.9,202,,-9,21.4,28.8,24.7,108
2019-07-17,0.7,0.7,0.42,0.7,1125,0.6,1136,,-9,22.3,29.2,25.6,108
2019-07-18,,,-9.0,,-9,,-9,,-9,23.3,32.1,26.9,108
2019-07-19,0.0,1.0,0.25,0.0,-9,0.0,-9,,-9,22.8,35.0,28.6,108
2019-07-20,1.1,4.3,7.33,0.8,756,0.3,812,,-9,25.1,31.9,28.0,108
2019-07-21,6.2,2.1,12.33,1.6,1310,0.8,1333,,-9,24.2,27.0,25.1,108
2019-07-22,0.1,,1.25,0.1,-9,0.1,-9,,-9,24.2,31.0,26.7,108
2019-07-23,,0.7,-9.0,,-9,,-9,,-9,24.4,32.9,28.1,108
2019-07-24,1.0,2.7,11.75,0.6,747,0.2,-9,,-9,25.2,27.2,26.5,108
2019-07-25,9.7,42.8,12.38,5.1,1731,2.8,1821,,-9,25.6,27.4,26.3,108
2019-07-26,60.0,25.1,19.0,20.7,829,7.4,913,,-9,23.7,25.9,25.1,108
2019-07-27,0.6,12.6,3.5,0.6,349,0.4,435,,-9,24.9,33.4,28.4,108
2019-07-28,25.6,13.5,15.42,11.3,804,7.1,806,,-9,25.0,28.2,26.1,108
2019-07-29,0.5,0.3,0.75,0.5,25,0.4,43,,-9,25.6,30.0,27.5,108
2019-07-30,1.2,39.8,3.08,0.8,1620,0.8,1624,,-9,26.3,30.8,28.1,108
2019-07-31,62.3,49.6,14.92,26.3,724,11.9,754,,-9,24.0,27.5,25.8,108
2019-08-01,26.9,0.7,8.75,11.3,115,4.4,159,,-9,23.5,30.1,26.3,108
2019-08-02,,,-9.0,,-9,,-9,,-9,24.7,33.1,28.4,108
2019-08-03,3.0,3.0,1.08,3.0,1540,2.7,1547,,-9,25.6,36.0,29.4,108
2019-08-04,8.6,8.6,1.67,8.3,1650,3.5,1710,,-9,25.0,34.4,28.3,108
2019-08-05,,,-9.0,,-9,,-9,,-9,25.6,35.9,30.5,108
2019-08-06,,7.4,-9.0,,-9,,-9,,-9,27.9,36.8,31.6,108
2019-08-07,8.0,0.6,10.42,2.3,640,0.6,657,,-9,23.9,30.3,26.9,108
2019-08-08,0.0,0.0,0.25,0.0,-9,0.0,-9,,-9,25.9,32.7,28.9,108
2019-08-09,,,-9.0,,-9,,-9,,-9,26.0,34.6,29.8,108
2019-08-10,,,-9.0,,-9,,-9,,-9,26.6,36.5,31.5,108
2019-08-11,6.7,43.8,4.08,5.7,2313,1.8,2356,,-9,26.3,35.7,30.4,108
2019-08-12,56.2,19.1,17.92,12.3,1,4.0,2131,,-9,24.8,28.5,26.6,108
2019-08-13,6.4,6.4,0.25,6.4,-9,6.4,2210,,-9,25.1,35.3,29.2,108
2019-08-14,,0.1,-9.0,,-9,,-9,,-9,25.9,35.7,30.4,108
2019-08-15,16.2,16.2,9.75,8.1,1237,2.3,1247,,-9,23.9,28.6,25.9,108
2019-08-16,0.1,0.0,1.5,0.1,-9,0.1,-9,,-9,23.0,29.5,25.9,108
2019-08-17,0.0,0.0,0.25,0.0,-9,0.0,-9,,-9,23.4,28.8,25.9,108
2019-08-18,,,-9.0,,-9,,-9,,-9,22.6,30.7,25.6,108
2019-08-19,,,-9.0,,-9,,-9,,-9,21.2,31.3,26.3,108
2019-08-20,,,-9.0,,-9,,-9,,-9,23.2,32.8,28.2,108
2019-08-21,1.3,1.3,4.92,0.5,1750,0.3,2056,,-9,24.4,30.4,27.0,108
2019-08-22,,,-9.0,,-9,,-9,,-9,23.0,31.4,26.9,108
2019-08-23,,,-9.0,,-9,,-9,,-9,22.7,30.5,26.2,108
2019-08-24,,,-9.0,,-9,,-9,,-9,21.5,27.3,24.1,108
2019-08-25,,,-9.0,,-9,,-9,,-9,20.2,29.9,25.0,108
2019-08-26,,20.0,-9.0,,-9,,-9,,-9,21.5,32.1,26.4,108
2019-08-27,20.0,,6.17,16.7,416,5.8,439,,-9,22.2,29.3,25.7,108
2019-08-28,,,-9.0,,-9,,-9,,-9,23.6,30.2,26.1,108
2019-08-29,36.9,36.9,3.33,29.4,1027,7.6,1037,,-9,20.1,26.4,23.4,108
2019-08-30,0.2,0.2,2.0,0.2,-9,0.2,-9,,-9,19.5,27.0,22.6,108
2019-08-31,,,-9.0,,-9,,-9,,-9,18.5,28.9,23.5,108
2019-09-01,,,-9.0,,-9,,-9,,-9,19.2,27.8,23.7,108
2019-09-02,,0.0,-9.0,,-9,,-9,,-9,19.4,29.7,24.4,108
2019-09-03,0.0,1.8,2.33,0.0,-9,0.0,-9,,-9,22.0,28.0,24.1,108
2019-09-04,22.7,21.9,11.58,6.8,1801,2.3,1830,,-9,21.2,25.5,22.8,108
2019-09-05,36.4,35.4,9.17,18.4,1345,6.0,1431,,-9,21.5,27.6,23.0,108
2019-09-06,2.4,2.9,7.08,2.1,2051,1.8,2059,,-9,21.6,29.1,25.3,108
2019-09-07,2.8,2.3,17.92,0.6,1458,0.3,1231,,-9,22.6,29.5,25.7,108
2019-09-08,0.0,0.0,0.58,0.0,-9,0.0,-9,,-9,22.9,27.3,24.7,108
2019-09-09,0.0,32.3,2.17,0.0,-9,0.0,-9,,-9,22.4,28.0,25.1,108
2019-09-10,63.2,38.5,19.0,11.0,443,6.0,2140,,-9,22.1,26.5,23.8,108
2019-09-11,7.6,,6.67,2.6,14,0.9,203,,-9,20.4,28.7,24.3,108
2019-09-12,3.9,4.0,10.5,1.4,1740,0.4,1802,,-9,18.7,22.9,21.0,108
2019-09-13,0.1,,0.83,0.1,-9,0.1,-9,,-9,18.3,29.3,23.3,108
2019-09-14,0.3,0.3,3.0,0.3,1358,0.3,1448,,-9,20.8,24.1,22.4,108
2019-09-15,,,-9.0,,-9,,-9,,-9,19.5,30.0,24.2,108
2019-09-16,,,-9.0,,-9,,-9,,-9,20.7,30.5,24.5,108
2019-09-17,,,-9.0,,-9,,-9,,-9,18.0,29.0,23.5,108
2019-09-18,,,-9.0,,-9,,-9,,-9,16.0,25.4,21.0,108
2019-09-19,,,-9.0,,-9,,-9,,-9,13.6,26.0,19.5,108
2019-09-20,,,-9.0,,-9,,-9,,-9,15.8,24.2,19.6,108
2019-09-21,,0.2,-9.0,,-9,,-9,,-9,18.3,22.1,19.6,108
2019-09-22,0.4,0.2,6.33,0.2,-9,0.1,-9,,-9,17.3,19.6,18.6,108
2019-09-23,,,-9.0,,-9,,-9,,-9,16.9,24.6,20.0,108
2019-09-24,,,-9.0,,-9,,-9,,-9,13.9,26.5,19.8,108
2019-09-25,,,-9.0,,-9,,-9,,-9,14.8,27.4,20.9,108
2019-09-26,,,-9.0,,-9,,-9,,-9,17.7,29.0,22.9,108
2019-09-27,,,-9.0,,-9,,-9,,-9,19.6,27.0,22.9,108
2019-09-28,,,-9.0,,-9,,-9,,-9,19.4,29.2,23.7,108
2019-09-29,,,-9.0,,-9,,-9,,-9,17.9,28.6,22.6,108
2019-09-30,,,-9.0,,-9,,-9,,-9,16.4,29.9,22.4,108
2019-10-01,,4.6,-9.0,,-9,,-9,,-9,17.6,28.2,23.1,108
2019-10-02,23.1,23.1,14.17,4.6,330,1.9,359,,-9,20.0,24.2,21.6,108
2019-10-03,4.6,,8.33,2.0,11,0.5,23,,-9,19.8,27.3,22.4,108
2019-10-04,,0.6,-9.0,,-9,,-9,,-9,18.0,27.8,22.4,108
2019-10-05,0.6,0.0,3.13,0.5,702,0.5,713,,-9,14.7,21.9,18.7,108
2019-10-06,,10.4,-9.0,,-9,,-9,,-9,13.2,22.7,18.1,108
2019-10-07,25.4,15.0,17.17,5.6,853,1.2,853,,-9,13.3,17.9,14.8,108
2019-10-08,,,-9.0,,-9,,-9,,-9,10.6,19.8,14.7,108
2019-10-09,,,-9.0,,-9,,-9,,-9,7.7,20.4,13.6,108
2019-10-10,,,-9.0,,-9,,-9,,-9,10.7,19.8,15.2,108
2019-10-11,,,-9.0,,-9,,-9,,-9,13.0,26.1,18.8,108
2019-10-12,,,-9.0,,-9,,-9,,-9,13.3,23.3,17.9,108
2019-10-13,,,-9.0,,-9,,-9,,-9,12.1,23.8,17.2,108
2019-10-14,,,-9.0,,-9,,-9,,-9,9.5,19.6,14.4,108
2019-10-15,,,-9.0,,-9,,-9,,-9,8.8,20.4,14.5,108
2019-10-16,,,-9.0,,-9,,-9,,-9,9.0,20.8,14.6,108
2019-10-17,,,-9.0,,-9,,-9,,-9,11.2,21.6,15.4,108
2019-10-18,,,-9.0,,-9,,-9,,-9,12.0,22.7,17.0,108
2019-10-19,,,-9.0,,-9,,-9,,-9,12.1,23.1,17.0,108
2019-10-20,,,-9.0,,-9,,-9,,-9,12.0,22.9,16.5,108
2019-10-21,,,-9.0,,-9,,-9,,-9,10.9,24.6,17.1,108
2019-10-22,,,-9.0,,-9,,-9,,-9,13.3,24.4,18.1,108
2019-10-23,,,-9.0,,-9,,-9,,-9,14.3,20.7,17.0,108
2019-10-24,,,-9.0,,-9,,-9,,-9,15.3,23.8,18.3,108
2019-10-25,0.0,0.0,1.08,0.0,-9,0.0,-9,,-9,13.1,22.0,16.7,108
2019-10-26,,,-9.0,,-9,,-9,,-9,6.6,14.9,10.0,108
2019-10-27,,,-9.0,,-9,,-9,,-9,4.7,17.4,11.0,108
2019-10-28,1.7,1.8,2.87,1.1,2044,0.7,2124,,-9,7.4,17.7,12.9,108
2019-10-29,0.1,,0.92,0.3,-2331,0.2,-9,,-9,8.2,17.6,12.5,108
2019-10-30,,,-9.0,,-9,,-9,,-9,5.0,17.7,11.2,108
2019-10-31,,,-9.0,,-9,,-9,,-9,8.4,19.7,14.8,108
2019-11-01,,,-9.0,,-9,,-9,,-9,11.4,20.5,14.9,108
2019-11-02,,,-9.0,,-9,,-9,,-9,8.3,18.7,13.6,108
2019-11-03,,,-9.0,,-9,,-9,,-9,9.4,22.1,14.7,108
2019-11-04,,,-9.0,,-9,,-9,,-9,9.2,20.3,13.8,108
2019-11-05,,,-9.0,,-9,,-9,,-9,8.4,18.4,12.4,108
2019-11-06,,,-9.0,,-9,,-9,,-9,6.3,16.5,11.0,108
2019-11-07,,,-9.0,,-9,,-9,,-9,5.0,13.6,9.2,108
2019-11-08,,,-9.0,,-9,,-9,,-9,1.1,13.0,6.8,108
2019-11-09,,,-9.0,,-9,,-9,,-9,3.5,17.2,9.5,108
2019-11-10,11.8,12.9,3.08,,-9,,-9,,-9,6.2,15.3,10.0,108
2019-11-11,1.1,,4.08,,-9,,-9,,-9,7.9,15.1,11.2,108
2019-11-12,,,-9.0,,-9,,-9,,-9,4.8,14.5,9.3,108
2019-11-13,7.5,7.5,5.83,,-9,,-9,,-9,3.0,11.3,7.2,108
2019-11-14,,11.1,-9.0,,-9,,-9,,-9,-2.5,5.0,1.3,108
2019-11-15,18.8,7.7,12.33,,-9,,-9,,-9,1.4,7.6,5.6,108
2019-11-16,,,-9.0,,-9,,-9,,-9,3.8,12.7,6.8,108
2019-11-17,21.1,35.8,13.58,,-9,,-9,,-9,5.6,10.5,8.3,108
2019-11-18,14.7,0.0,6.25,,-9,,-9,,-9,0.4,12.7,4.6,108
2019-11-19,0.0,,0.5,,-9,,-9,,-9,-3.5,4.0,0.2,108
2019-11-20,,,-9.0,,-9,,-9,,-9,-4.6,6.3,0.5,108
2019-11-21,,,-9.0,,-9,,-9,,-9,-2.3,9.0,4.2,108
2019-11-22,,,-9.0,,-9,,-9,,-9,3.0,17.3,9.7,108
2019-11-23,,,-9.0,,-9,,-9,,-9,7.7,17.7,12.1,108
2019-11-24,3.8,3.8,7.58,,-9,,-9,,-9,4.6,15.6,9.8,108
2019-11-25,,,-9.0,,-9,,-9,,-9,-1.2,6.0,1.9,108
2019-11-26,,,-9.0,,-9,,-9,,-9,1.2,13.7,6.6,108
2019-11-27,,,-9.0,,-9,,-9,,-9,0.3,6.8,3.1,108
2019-11-28,,,-9.0,,-9,,-9,,-9,-0.6,10.4,3.5,108
2019-11-29,,,-9.0,,-9,,-9,,-9,-3.4,6.9,1.5,108
2019-11-30,,0.1,-9.0,,-9,,-9,,-9,-1.4,9.3,4.1,108
2019-12-01,3.3,3.2,22.0,,-9,,-9,,-9,2.3,6.2,4.6,108
2019-12-02,,,-9.0,,-9,,-9,,-9,-3.2,2.8,-0.1,108
2019-12-03,0.6,0.6,6.42,,-9,,-9,,-9,-5.0,4.2,0.5,108
2019-12-04,0.0,,0.92,,-9,,-9,,-9,-2.0,7.2,2.0,108
2019-12-05,,,-9.0,,-9,,-9,,-9,-8.5,-0.2,-4.4,108
2019-12-06,,0.0,-9.0,,-9,,-9,,-9,-10.6,-1.0,-5.9,108
2019-12-07,0.1,0.1,3.75,,-9,,-9,,-9,-5.5,1.2,-2.4,108
2019-12-08,,,-9.0,,-9,,-9,,-9,-5.5,4.9,-0.9,108
2019-12-09,0.0,1.7,0.33,,-9,,-9,,-9,-1.3,8.0,3.2,108
2019-12-10,1.7,0.2,2.08,,-9,,-9,,-9,6.0,10.8,8.1,108
2019-12-11,0.2,,1.25,,-9,,-9,,-9,0.1,9.8,6.3,108
2019-12-12,,,-9.0,,-9,,-9,,-9,-3.5,3.4,-0.7,108
2019-12-13,1.0,1.0,2.17,,-9,,-9,,-9,-3.7,5.9,2.1,108
2019-12-14,0.0,,1.17,,-9,,-9,,-9,-0.1,6.4,2.7,108
2019-12-15,,,-9.0,,-9,,-9,,-9,0.4,11.0,5.3,108
2019-12-16,,9.7,-9.0,,-9,,-9,,-9,2.1,12.9,7.8,108
2019-12-17,9.8,0.1,6.75,,-9,,-9,,-9,3.2,10.2,7.7,108
2019-12-18,,,-9.0,,-9,,-9,,-9,-1.7,5.2,0.8,108
2019-12-19,0.0,0.0,1.42,,-9,,-9,,-9,-4.5,3.1,-0.8,108
2019-12-20,0.0,,0.83,,-9,,-9,,-9,-3.5,2.0,-1.1,108
2019-12-21,0.6,0.6,3.25,,-9,,-9,,-9,-5.1,1.5,-1.2,108
2019-12-22,0.3,3.2,1.08,,-9,,-9,,-9,0.3,8.4,4.1,108
2019-12-23,2.9,0.0,3.58,,-9,,-9,,-9,0.3,5.2,3.4,108
2019-12-24,,,-9.0,,-9,,-9,,-9,-2.9,6.5,0.8,108
2019-12-25,,0.1,-9.0,,-9,,-9,,-9,-2.7,6.6,2.0,108
2019-12-26,0.3,0.2,5.08,,-9,,-9,,-9,-2.4,4.1,2.0,108
2019-12-27,,,-9.0,,-9,,-9,,-9,-4.6,2.6,-1.7,108
2019-12-28,,,-9.0,,-9,,-9,,-9,-3.6,6.1,1.1,108
2019-12-29,1.4,1.5,6.75,,-9,,-9,,-9,1.1,6.2,3.8,108
2019-12-30,0.4,0.3,5.08,,-9,,-9,,-9,-5.7,6.8,2.7,108
2019-12-31,0.0,0.0,1.58,,-9,,-9,,-9,-10.9,-4.5,-7.9,108
2020-01-01,0.1,0.1,9.83,,-9,,-9,,-9,-6.5,0.3,-2.2,108
2020-01-02,,,-9.0,,-9,,-9,,-9,-0.7,3.8,1.0,108
2020-01-03,,,-9.0,,-9,,-9,,-9,-3.4,4.6,-0.1,108
2020-01-04,,,-9.0,,-9,,-9,,-9,-2.8,6.1,1.2,108
2020-01-05,,,-9.0,,-9,,-9,,-9,-3.2,6.6,1.3,108
2020-01-06,1.8,17.8,14.33,,-9,,-9,,-9,0.6,4.6,3.1,108
2020-01-07,46.3,41.9,24.0,,-9,,-9,,-9,4.2,7.7,6.3,108
2020-01-08,11.6,0.0,9.5,,-9,,-9,,-9,-0.4,8.9,2.4,108
2020-01-09,,,-9.0,,-9,,-9,,-9,-3.1,2.0,-1.2,108
2020-01-10,,,-9.0,,-9,,-9,,-9,-4.3,4.2,-0.6,108
2020-01-11,,,-9.0,,-9,,-9,,-9,-2.6,3.9,-0.1,108
2020-01-12,,,-9.0,,-9,,-9,,-9,-3.5,2.8,-1.0,108
2020-01-13,,,-9.0,,-9,,-9,,-9,-4.7,0.2,-2.9,108
2020-01-14,,,-9.0,,-9,,-9,,-9,-5.7,2.6,-2.3,108
2020-01-15,,,-9.0,,-9,,-9,,-9,-6.4,2.2,-2.7,108
2020-01-16,,,-9.0,,-9,,-9,,-9,-5.5,3.2,-1.7,108
2020-01-17,,,-9.0,,-9,,-9,,-9,-4.8,4.9,-0.6,108
2020-01-18,,,-9.0,,-9,,-9,,-9,-4.1,5.9,0.3,108
2020-01-19,0.6,0.6,1.58,,-9,,-9,,-9,-0.4,5.3,1.9,108
2020-01-20,,,-9.0,,-9,,-9,,-9,-3.3,5.5,0.7,108
2020-01-21,,,-9.0,,-9,,-9,,-9,-5.6,5.5,-0.4,108
2020-01-22,,,-9.0,,-9,,-9,,-9,-0.1,7.8,3.0,108
2020-01-23,,,-9.0,,-9,,-9,,-9,0.0,9.9,4.6,108
2020-01-24,,,-9.0,,-9,,-9,,-9,-1.3,7.4,2.8,108
2020-01-25,,,-9.0,,-9,,-9,,-9,0.6,8.8,4.3,108
2020-01-26,,,-9.0,,-9,,-9,,-9,-0.2,11.9,5.5,108
2020-01-27,0.1,0.1,6.92,,-9,,-9,,-9,4.8,7.5,5.9,108
2020-01-28,0.0,,2.67,,-9,,-9,,-9,4.3,9.9,6.8,108
2020-01-29,,,-9.0,,-9,,-9,,-9,3.2,9.6,6.0,108
2020-01-30,,,-9.0,,-9,,-9,,-9,1.4,10.4,5.2,108
2020-01-31,0.0,0.0,0.17,,-9,,-9,,-9,1.4,8.9,3.9,108
2020-02-01,,,-9.0,,-9,,-9,,-9,-1.2,7.6,2.6,108
2020-02-02,,0.0,-9.0,,-9,,-9,,-9,-2.1,5.3,1.5,108
2020-02-03,0.0,,3.08,,-9,,-9,,-9,-2.9,3.0,-0.4,108
2020-02-04,1.7,1.7,7.25,,-9,,-9,,-9,-6.0,3.9,-1.6,108
2020-02-05,,,-9.0,,-9,,-9,,-9,-11.0,-4.9,-8.3,108
2020-02-06,,,-9.0,,-9,,-9,,-9,-11.8,0.4,-6.4,108
2020-02-07,0.0,0.0,0.58,,-9,,-9,,-9,-7.2,2.2,-1.7,108
2020-02-08,0.0,,0.17,,-9,,-9,,-9,-2.3,3.7,-0.1,108
2020-02-09,0.0,0.0,0.08,,-9,,-9,,-9,-5.6,4.1,-0.5,108
2020-02-10,0.0,,0.92,,-9,,-9,,-9,-0.7,9.6,4.0,108
2020-02-11,,0.1,-9.0,,-9,,-9,,-9,-0.5,14.6,6.8,108
2020-02-12,6.7,6.6,20.58,,-9,,-9,,-9,6.5,8.2,7.4,108
2020-02-13,,,-9.0,,-9,,-9,,-9,4.9,8.7,6.5,108
2020-02-14,,,-9.0,,-9,,-9,,-9,3.2,14.7,8.1,108
2020-02-15,2.0,14.4,4.25,,-9,,-9,,-9,6.2,15.6,9.8,108
2020-02-16,13.4,2.0,17.0,,-9,,-9,,-9,-4.3,7.7,-1.4,108
2020-02-17,1.0,0.0,14.75,,-9,,-9,,-9,-7.1,-3.9,-5.9,108
2020-02-18,,,-9.0,,-9,,-9,,-9,-8.3,1.3,-4.1,108
2020-02-19,,,-9.0,,-9,,-9,,-9,-4.4,6.4,1.0,108
2020-02-20,,,-9.0,,-9,,-9,,-9,-0.6,10.8,4.6,108
2020-02-21,4.2,7.3,4.92,,-9,,-9,,-9,2.1,10.9,6.7,108
2020-02-22,3.1,0.0,3.83,,-9,,-9,,-9,0.0,7.9,4.0,108
2020-02-23,,,-9.0,,-9,,-9,,-9,-2.5,8.0,2.5,108
2020-02-24,,8.6,-9.0,,-9,,-9,,-9,0.8,12.2,7.0,108
2020-02-25,16.6,8.0,12.58,,-9,,-9,,-9,4.7,9.4,6.7,108
2020-02-26,0.0,0.0,0.42,,-9,,-9,,-9,2.8,10.4,6.4,108
2020-02-27,,,-9.0,,-9,,-9,,-9,1.3,12.5,6.1,108
2020-02-28,3.9,4.4,13.83,,-9,,-9,,-9,3.6,5.9,4.5,108
2020-02-29,0.5,,5.17,,-9,,-9,,-9,4.5,13.0,7.7,108
2020-03-01,0.2,0.2,4.5,,-9,,-9,,-9,3.2,10.1,5.8,108
2020-03-02,0.0,,0.33,,-9,,-9,,-9,0.0,7.6,3.4,108
2020-03-03,,0.0,-9.0,,-9,,-9,,-9,0.3,10.5,4.8,108
2020-03-04,0.0,0.0,1.5,,-9,,-9,,-9,-1.3,4.6,2.2,108
2020-03-05,,,-9.0,,-9,,-9,,-9,-2.8,6.3,1.4,108
2020-03-06,,,-9.0,,-9,,-9,,-9,-2.5,10.1,3.7,108
2020-03-07,,,-9.0,,-9,,-9,,-9,1.3,14.2,7.0,108
2020-03-08,,,-9.0,,-9,,-9,,-9,2.3,16.9,9.3,108
2020-03-09,,4.8,-9.0,,-9,,-9,,-9,4.8,17.6,11.1,108
2020-03-10,11.8,7.0,18.67,,-9,,-9,,-9,3.2,10.8,6.4,108
2020-03-11,,,-9.0,,-9,,-9,,-9,0.0,8.3,3.8,108
2020-03-12,,0.5,-9.0,,-9,,-9,,-9,0.2,13.3,6.8,108
2020-03-13,0.5,,2.25,,-9,,-9,,-9,-0.1,8.7,4.9,108
2020-03-14,,,-9.0,,-9,,-9,,-9,-2.7,8.6,3.6,108
2020-03-15,,,-9.0,,-9,,-9,,-9,0.2,8.5,4.0,108
2020-03-16,,,-9.0,,-9,,-9,,-9,-2.1,9.1,3.6,108
2020-03-17,,,-9.0,,-9,,-9,,-9,3.1,12.3,6.6,108
2020-03-18,,,-9.0,,-9,,-9,,-9,2.7,17.0,10.0,108
2020-03-19,0.0,0.0,0.33,,-9,,-9,,-9,5.8,12.1,9.1,108
2020-03-20,,,-9.0,,-9,,-9,,-9,3.1,14.0,8.8,108
2020-03-21,,,-9.0,,-9,,-9,,-9,7.9,19.5,12.8,108
2020-03-22,,,-9.0,,-9,,-9,,-9,6.1,16.5,11.0,108
2020-03-23,,,-9.0,,-9,,-9,,-9,5.4,17.0,10.6,108
2020-03-24,,,-9.0,,-9,,-9,,-9,5.3,17.9,11.4,108
2020-03-25,,,-9.0,,-9,,-9,,-9,6.1,19.2,12.5,108
2020-03-26,1.8,3.8,4.92,,-9,,-9,,-9,8.1,20.6,14.8,108
2020-03-27,2.0,,5.92,,-9,,-9,,-9,6.7,15.8,11.9,108
2020-03-28,,,-9.0,,-9,,-9,,-9,4.5,12.8,7.7,108
2020-03-29,,,-9.0,,-9,,-9,,-9,1.3,16.1,8.7,108
2020-03-30,,,-9.0,,-9,,-9,,-9,4.3,16.9,10.2,108
2020-03-31,,,-9.0,,-9,,-9,,-9,4.7,18.6,11.9,108
2020-04-01,,,-9.0,,-9,,-9,,-9,6.0,17.4,11.3,108
2020-04-02,,,-9.0,,-9,,-9,,-9,3.4,15.5,9.3,108
2020-04-03,,,-9.0,,-9,,-9,,-9,5.3,16.3,10.0,108
2020-04-04,,,-9.0,,-9,,-9,,-9,5.0,13.3,8.9,108
2020-04-05,,,-9.0,,-9,,-9,,-9,1.9,13.7,7.2,108
2020-04-06,,,-9.0,,-9,,-9,,-9,2.9,16.1,9.3,108
2020-04-07,,,-9.0,,-9,,-9,,-9,6.0,16.8,10.6,108
2020-04-08,,,-9.0,,-9,,-9,,-9,5.2,14.2,9.4,108
2020-04-09,,,-9.0,,-9,,-9,,-9,4.3,14.7,8.9,108
2020-04-10,,,-9.0,,-9,,-9,,-9,5.8,16.8,10.7,108
2020-04-11,,,-9.0,,-9,,-9,,-9,6.2,16.0,9.9,108
2020-04-12,,,-9.0,,-9,,-9,,-9,4.4,15.6,9.9,108
2020-04-13,,,-9.0,,-9,,-9,,-9,4.3,20.4,12.4,108
2020-04-14,,,-9.0,,-9,,-9,,-9,7.6,19.6,13.0,108
2020-04-15,,,-9.0,,-9,,-9,,-9,7.2,20.2,13.2,108
2020-04-16,,0.9,-9.0,,-9,,-9,,-9,8.9,23.8,16.0,108
2020-04-17,6.5,5.6,9.5,3.9,1238,3.0,1300,,-9,10.4,15.4,12.5,108
2020-04-18,,,-9.0,,-9,,-9,,-9,8.5,19.6,13.5,108
2020-04-19,10.3,10.3,9.0,2.9,1712,0.8,1859,,-9,9.5,15.5,12.3,108
2020-04-20,0.1,0.1,2.33,0.1,-9,0.1,-9,,-9,7.6,13.1,10.0,108
2020-04-21,,,-9.0,,-9,,-9,,-9,4.8,10.4,7.4,108
2020-04-22,0.0,0.0,2.33,0.0,-9,0.0,-9,,-9,4.1,8.3,6.0,108
2020-04-23,,,-9.0,,-9,,-9,,-9,2.9,12.8,7.9,108
2020-04-24,,,-9.0,,-9,,-9,,-9,4.1,14.3,9.9,108
2020-04-25,,,-9.0,,-9,,-9,,-9,9.9,17.1,13.1,108
2020-04-26,,,-9.0,,-9,,-9,,-9,6.8,19.0,12.3,108
2020-04-27,,,-9.0,,-9,,-9,,-9,8.7,18.3,12.9,108
2020-04-28,,,-9.0,,-9,,-9,,-9,7.8,19.9,13.9,108
2020-04-29,,,-9.0,,-9,,-9,,-9,9.3,21.0,14.9,108
2020-04-30,,,-9.0,,-9,,-9,,-9,9.3,23.4,17.1,108
2020-05-01,,,-9.0,,-9,,-9,,-9,16.4,26.2,20.2,108
2020-05-02,0.0,0.0,0.67,0.0,-9,0.0,-9,,-9,18.0,23.9,20.3,108
2020-05-03,0.0,0.0,1.08,0.0,-9,0.0,-9,,-9,17.0,27.4,21.8,108
2020-05-04,,,-9.0,,-9,,-9,,-9,14.8,25.3,20.2,108
2020-05-05,,,-9.0,,-9,,-9,,-9,13.1,19.3,16.0,108
2020-05-06,,,-9.0,,-9,,-9,,-9,11.1,27.6,19.4,108
2020-05-07,,,-9.0,,-9,,-9,,-9,14.9,26.5,20.7,108
2020-05-08,2.3,14.5,6.17,1.6,2203,0.5,2238,,-9,14.3,27.3,19.9,108
2020-05-09,24.4,13.5,24.0,4.7,948,1.4,958,,-9,12.7,16.8,14.2,108
2020-05-10,1.3,,8.42,0.7,230,0.3,305,,-9,12.8,16.6,14.4,108
2020-05-11,3.4,4.1,3.0,3.8,2323,1.8,2340,,-9,12.4,22.0,16.5,108
2020-05-12,0.7,,0.83,0.7,1,0.5,13,,-9,10.5,18.9,14.3,108
2020-05-13,,,-9.0,,-9,,-9,,-9,10.2,21.8,16.1,108
2020-05-14,,3.2,-9.0,,-9,,-9,,-9,12.4,25.4,19.3,108
2020-05-15,12.0,11.0,20.75,2.1,838,0.6,919,,-9,14.1,20.2,16.1,108
2020-05-16,2.5,0.3,12.67,0.5,556,0.2,-9,,-9,15.0,20.3,16.7,108
2020-05-17,0.0,0.0,1.0,0.0,-9,0.0,-9,,-9,14.6,24.9,19.1,108
2020-05-18,29.8,35.6,7.0,19.8,1553,11.5,1603,,-9,13.2,26.8,19.1,108
2020-05-19,19.0,13.2,6.42,9.6,949,3.0,1029,,-9,10.1,17.1,13.0,108
2020-05-20,0.0,,0.58,0.0,-9,0.0,-9,,-9,9.2,20.1,14.4,108
2020-05-21,,0.0,-9.0,,-9,,-9,,-9,10.9,22.9,17.4,108
2020-05-22,0.0,0.0,0.5,0.0,-9,0.0,-9,,-9,14.8,22.7,18.5,108
2020-05-23,0.0,14.5,0.67,0.0,-9,0.0,-9,,-9,16.6,25.0,20.1,108
2020-05-24,14.5,0.0,9.75,9.9,544,3.4,545,,-9,14.3,20.2,17.1,108
2020-05-25,,,-9.0,,-9,,-9,,-9,13.7,21.3,16.6,108
2020-05-26,1.5,1.5,2.67,1.5,1955,1.3,2023,,-9,12.7,22.9,16.2,108
2020-05-27,,0.0,-9.0,,-9,,-9,,-9,11.8,23.9,17.4,108
2020-05-28,0.0,,0.25,0.0,-9,0.0,-9,,-9,14.2,23.4,18.7,108
2020-05-29,,,-9.0,,-9,,-9,,-9,14.6,27.6,20.7,108
2020-05-30,,,-9.0,,-9,,-9,,-9,16.5,30.0,22.6,108
2020-05-31,1.0,1.4,1.92,1.0,2245,0.3,2305,,-9,17.6,28.0,21.2,108
2020-06-01,0.4,,3.75,0.3,-2345,0.3,-2357,,-9,16.6,24.5,19.7,108
2020-06-02,2.0,2.0,1.83,1.9,1055,0.8,1129,,-9,14.8,21.8,17.9,108
2020-06-03,,0.2,-9.0,,-9,,-9,,-9,17.6,28.4,22.0,108
2020-06-04,0.2,0.0,6.75,0.1,-9,0.1,-9,,-9,19.7,26.5,21.9,108
2020-06-05,,,-9.0,,-9,,-9,,-9,18.4,28.7,23.0,108
2020-06-06,,,-9.0,,-9,,-9,,-9,19.2,30.9,24.6,108
2020-06-07,,,-9.0,,-9,,-9,,-9,19.2,29.2,22.7,108
2020-06-08,,,-9.0,,-9,,-9,,-9,19.8,32.0,25.0,108
2020-06-09,,,-9.0,,-9,,-9,,-9,20.3,32.8,26.7,108
2020-06-10,6.2,6.2,6.58,2.9,2019,0.6,1935,,-9,22.5,32.1,25.8,108
2020-06-11,0.0,,0.42,0.1,-9,0.0,-9,,-9,21.7,31.6,26.1,108
2020-06-12,,,-9.0,,-9,,-9,,-9,21.6,27.6,24.7,108
2020-06-13,0.0,1.1,0.5,0.0,-9,0.0,-9,,-9,20.6,33.5,26.9,108
2020-06-14,1.1,,3.83,1.1,231,0.4,314,,-9,20.1,28.8,24.0,108
2020-06-15,,,-9.0,,-9,,-9,,-9,18.2,28.6,23.0,108
2020-06-16,,,-9.0,,-9,,-9,,-9,20.0,30.7,24.4,108
2020-06-17,,,-9.0,,-9,,-9,,-9,20.2,30.3,24.3,108
2020-06-18,,0.1,-9.0,,-9,,-9,,-9,20.3,27.3,23.4,108
2020-06-19,0.1,0.0,1.83,0.1,-9,0.1,-9,,-9,21.1,30.0,24.7,108
2020-06-20,,,-9.0,,-9,,-9,,-9,20.7,29.7,24.9,108
2020-06-21,,,-9.0,,-9,,-9,,-9,19.5,32.7,26.1,108
2020-06-22,,,-9.0,,-9,,-9,,-9,21.7,35.4,28.6,108
2020-06-23,0.0,0.3,0.5,0.0,-9,0.0,-9,,-9,23.2,31.0,27.3,108
2020-06-24,37.6,48.3,19.17,8.5,1105,2.9,1034,,-9,19.9,26.3,22.3,108
2020-06-25,13.3,4.4,15.33,3.5,120,1.1,132,,-9,20.1,23.4,21.6,108
2020-06-26,2.1,0.0,5.83,0.9,-2331,0.4,-2356,,-9,19.2,25.7,21.8,108
2020-06-27,0.0,,0.75,0.0,-9,0.0,-9,,-9,20.4,29.6,24.1,108
2020-06-28,,,-9.0,,-9,,-9,,-9,21.5,30.1,25.2,108
2020-06-29,11.9,75.8,5.08,9.6,2331,2.6,2356,,-9,20.6,26.5,23.8,108
2020-06-30,64.7,0.8,18.42,15.9,330,4.7,348,,-9,18.4,23.1,20.1,108
2020-07-01,0.0,,2.17,0.0,-9,0.0,-9,,-9,18.1,24.3,21.1,108
2020-07-02,,,-9.0,,-9,,-9,,-9,20.4,29.8,24.2,108
2020-07-03,0.1,1.7,1.92,0.5,2330,0.1,-9,,-9,21.6,30.6,25.5,108
2020-07-04,1.6,,4.83,0.9,36,0.3,20,,-9,20.4,29.5,24.2,108
2020-07-05,,,-9.0,,-9,,-9,,-9,19.9,27.6,23.8,108
2020-07-06,,0.0,-9.0,,-9,,-9,,-9,21.8,30.9,25.6,108
2020-07-07,0.0,0.0,1.25,0.0,-9,0.0,-9,,-9,22.1,28.1,24.1,108
2020-07-08,,,-9.0,,-9,,-9,,-9,21.3,30.4,25.5,108
2020-07-09,,2.0,-9.0,,-9,,-9,,-9,21.8,32.9,27.5,108
2020-07-10,2.2,0.2,4.67,1.9,800,1.0,819,,-9,22.7,27.7,24.5,108
2020-07-11,,,-9.0,,-9,,-9,,-9,22.2,30.2,25.8,108
2020-07-12,2.9,19.4,5.42,0.9,1644,0.3,1702,,-9,21.7,26.0,23.5,108
2020-07-13,47.6,42.6,22.92,6.2,2215,2.2,2220,,-9,17.7,21.7,18.7,108
2020-07-14,11.5,0.0,9.83,5.9,-2331,1.7,51,,-9,17.2,24.3,20.3,108
2020-07-15,,,-9.0,,-9,,-9,,-9,18.9,28.7,23.4,108
2020-07-16,,,-9.0,,-9,,-9,,-9,20.4,29.7,25.0,108
2020-07-17,0.0,0.0,0.58,0.0,-9,0.0,-9,,-9,21.5,31.6,26.0,108
2020-07-18,,23.1,-9.0,,-9,,-9,,-9,22.8,31.0,26.1,108
2020-07-19,29.1,8.8,5.67,19.3,820,6.6,836,,-9,20.6,26.6,24.0,108
2020-07-20,3.6,0.8,10.33,1.3,231,0.9,321,,-9,22.4,26.6,23.8,108
2020-07-21,0.0,6.5,0.83,0.0,-9,0.0,-9,,-9,21.4,30.5,25.0,108
2020-07-22,11.5,7.2,11.17,6.2,758,1.6,819,,-9,22.6,25.7,23.7,108
2020-07-23,103.1,101.2,22.67,18.5,1717,4.5,2028,,-9,18.5,22.6,21.1,108
2020-07-24,2.9,2.6,8.25,2.3,855,1.1,933,,-9,18.7,26.8,22.5,108
2020-07-25,0.0,0.0,0.5,0.0,-9,0.0,-9,,-9,22.3,29.0,24.3,108
2020-07-26,0.0,0.6,0.42,0.0,-9,0.0,-9,,-9,21.6,29.6,25.4,108
2020-07-27,2.2,1.6,16.92,0.6,306,0.5,356,,-9,22.9,25.5,24.3,108
2020-07-28,0.4,8.3,10.17,0.3,1614,0.2,-9,,-9,22.7,26.4,24.4,108
2020-07-29,50.1,42.3,18.17,27.1,902,9.3,903,,-9,22.6,24.9,23.7,108
2020-07-30,0.1,,5.25,0.1,-9,0.1,-9,,-9,23.4,28.4,25.3,108
2020-07-31,1.5,3.3,2.42,1.2,2305,1.2,2355,,-9,22.8,29.6,26.2,108
2020-08-01,39.1,41.5,16.5,23.6,1222,8.9,1224,,-9,24.3,26.9,25.3,108
2020-08-02,31.4,83.8,23.25,13.8,1533,11.1,1534,,-9,23.5,26.4,24.9,108
2020-08-03,102.6,47.8,19.92,28.5,836,14.9,1920,,-9,23.9,26.3,25.0,108
2020-08-04,3.9,4.1,11.67,1.8,636,0.9,722,,-9,25.0,29.4,27.0,108
2020-08-05,18.5,91.7,12.67,14.4,2325,7.3,2337,,-9,25.5,29.1,26.5,108
2020-08-06,75.7,0.5,12.33,19.9,415,6.8,419,,-9,22.9,26.0,24.1,108
2020-08-07,0.0,0.0,2.5,0.0,-9,0.0,-9,,-9,22.6,26.1,24.3,108
2020-08-08,19.1,31.1,10.42,5.9,2026,1.3,2028,,-9,22.7,26.1,24.2,108
2020-08-09,50.3,41.6,20.25,13.9,1337,3.9,1107,,-9,23.7,25.8,24.9,108
2020-08-10,44.6,138.0,17.67,28.6,1556,10.0,1615,,-9,24.7,29.5,26.5,108
2020-08-11,97.0,0.3,10.17,23.6,435,6.3,604,,-9,22.4,27.3,24.6,108
2020-08-12,,,-9.0,,-9,,-9,,-9,23.5,31.3,27.2,108
2020-08-13,,0.4,-9.0,,-9,,-9,,-9,26.3,30.3,28.0,108
2020-08-14,0.4,44.2,2.92,0.4,750,0.4,753,,-9,26.5,28.0,27.1,108
2020-08-15,69.0,24.8,17.08,23.7,552,13.1,1300,,-9,25.0,27.0,26.1,108
2020-08-16,,,-9.0,,-9,,-9,,-9,25.3,30.8,27.4,108
2020-08-17,,,-9.0,,-9,,-9,,-9,26.1,32.2,28.2,108
2020-08-18,,,-9.0,,-9,,-9,,-9,24.0,31.9,27.5,108
2020-08-19,,,-9.0,,-9,,-9,,-9,23.6,31.4,27.1,108
2020-08-20,,,-9.0,,-9,,-9,,-9,25.0,31.7,27.7,108
2020-08-21,2.5,2.5,4.67,2.1,1159,1.6,1247,,-9,25.2,29.2,26.6,108
2020-08-22,42.6,42.6,6.25,23.0,1211,9.7,1227,,-9,21.7,27.6,24.3,108
2020-08-23,,,-9.0,,-9,,-9,,-9,21.5,29.9,25.3,108
2020-08-24,,,-9.0,,-9,,-9,,-9,23.7,32.0,27.8,108
2020-08-25,,,-9.0,,-9,,-9,,-9,26.0,34.5,29.9,108
2020-08-26,0.6,6.7,4.75,0.6,2225,0.4,2310,,-9,27.0,34.5,30.2,108
2020-08-27,8.7,10.4,15.08,4.2,632,1.6,635,,-9,25.6,28.6,27.1,108
2020-08-28,13.6,5.8,9.25,6.7,523,4.7,539,,-9,26.0,29.7,27.3,108
2020-08-29,13.6,53.4,9.5,6.5,1052,3.1,1055,,-9,25.5,29.0,26.8,108
2020-08-30,42.5,2.7,11.08,32.5,144,9.9,155,,-9,24.4,30.6,26.8,108
2020-08-31,0.0,0.0,0.17,0.0,-9,0.0,-9,,-9,23.8,30.0,26.4,108
2020-09-01,0.0,0.5,0.75,0.0,-9,0.0,-9,,-9,23.8,29.5,26.6,108
2020-09-02,33.3,62.3,20.08,20.0,1736,6.0,1746,,-9,22.6,26.4,24.3,108
2020-09-03,29.8,0.3,11.0,5.1,220,1.3,740,,-9,20.0,25.6,22.7,108
2020-09-04,,,-9.0,,-9,,-9,,-9,19.9,27.5,23.3,108
2020-09-05,,,-9.0,,-9,,-9,,-9,19.2,27.3,23.3,108
2020-09-06,6.4,28.5,8.58,4.1,2240,1.5,2244,,-9,19.5,24.4,21.7,108
2020-09-07,61.0,38.9,24.0,8.4,1933,1.9,827,,-9,17.5,20.6,19.2,108
2020-09-08,0.0,0.2,1.0,0.0,-9,0.0,-9,,-9,20.6,26.5,23.4,108
2020-09-09,1.3,5.0,4.83,1.1,1331,0.9,1416,,-9,19.0,25.3,21.1,108
2020-09-10,3.9,,2.25,3.5,431,2.7,511,,-9,18.8,27.0,22.8,108
2020-09-11,1.2,6.1,7.83,1.4,2330,0.4,2353,,-9,19.2,27.1,22.4,108
2020-09-12,5.7,0.8,18.58,1.8,121,0.6,138,,-9,18.1,23.2,20.2,108
2020-09-13,,,-9.0,,-9,,-9,,-9,16.7,26.6,21.5,108
2020-09-14,0.0,0.0,0.42,0.0,-9,0.0,-9,,-9,17.6,24.9,21.3,108
2020-09-15,,0.0,-9.0,,-9,,-9,,-9,18.9,27.7,23.0,108
2020-09-16,0.3,0.3,5.75,0.2,-9,0.2,-9,,-9,21.3,24.9,22.5,108
2020-09-17,,,-9.0,,-9,,-9,,-9,20.1,23.6,21.3,108
2020-09-18,,0.3,-9.0,,-9,,-9,,-9,18.1,25.8,21.5,108
2020-09-19,0.3,,1.0,0.2,-9,0.2,-9,,-9,17.6,26.2,21.2,108
2020-09-20,,,-9.0,,-9,,-9,,-9,15.6,24.9,19.7,108
2020-09-21,,,-9.0,,-9,,-9,,-9,13.6,25.3,19.1,108
2020-09-22,,,-9.0,,-9,,-9,,-9,15.5,25.6,20.2,108
2020-09-23,,,-9.0,,-9,,-9,,-9,15.2,23.8,19.2,108
2020-09-24,,,-9.0,,-9,,-9,,-9,16.8,25.4,20.6,108
2020-09-25,,,-9.0,,-9,,-9,,-9,16.6,25.4,20.1,108
2020-09-26,,,-9.0,,-9,,-9,,-9,14.8,24.8,19.3,108
2020-09-27,,,-9.0,,-9,,-9,,-9,14.9,25.8,20.4,108
2020-09-28,,,-9.0,,-9,,-9,,-9,15.7,26.5,20.7,108
2020-09-29,,,-9.0,,-9,,-9,,-9,15.3,23.9,19.6,108
2020-09-30,38.3,38.3,2.67,34.0,1824,15.3,1840,,-9,16.2,25.7,19.6,108
2020-10-01,,,-9.0,,-9,,-9,,-9,15.6,23.6,18.8,108
2020-10-02,0.0,0.0,0.75,0.0,-9,0.0,-9,,-9,16.3,21.9,19.2,108
2020-10-03,0.0,0.0,1.08,0.0,-9,0.0,-9,,-9,18.3,23.2,19.9,108
2020-10-04,0.0,0.0,3.75,0.0,-9,0.0,-9,,-9,10.6,21.8,16.6,108
2020-10-05,,,-9.0,,-9,,-9,,-9,8.5,18.4,13.3,108
2020-10-06,,,-9.0,,-9,,-9,,-9,9.3,19.7,14.2,108
2020-10-07,,,-9.0,,-9,,-9,,-9,9.9,22.0,16.0,108
2020-10-08,,,-9.0,,-9,,-9,,-9,12.1,23.1,17.2,108
2020-10-09,,,-9.0,,-9,,-9,,-9,12.4,23.3,17.2,108
2020-10-10,,,-9.0,,-9,,-9,,-9,12.3,21.5,16.9,108
2020-10-11,,,-9.0,,-9,,-9,,-9,12.7,20.8,16.9,108
2020-10-12,,,-9.0,,-9,,-9,,-9,12.1,21.3,16.2,108
2020-10-13,,,-9.0,,-9,,-9,,-9,8.6,18.4,13.6,108
2020-10-14,,,-9.0,,-9,,-9,,-9,8.5,18.0,12.8,108
2020-10-15,,,-9.0,,-9,,-9,,-9,6.5,18.5,11.7,108
2020-10-16,,,-9.0,,-9,,-9,,-9,8.6,15.4,11.8,108
2020-10-17,,,-9.0,,-9,,-9,,-9,8.7,18.6,13.1,108
2020-10-18,,,-9.0,,-9,,-9,,-9,7.2,20.2,13.6,108
2020-10-19,,,-9.0,,-9,,-9,,-9,9.8,21.3,15.1,108
2020-10-20,,,-9.0,,-9,,-9,,-9,9.9,21.7,15.2,108
2020-10-21,,0.0,-9.0,,-9,,-9,,-9,11.8,17.3,14.1,108
2020-10-22,0.0,,1.25,0.0,-9,0.0,-9,,-9,8.4,18.2,13.5,108
2020-10-23,,,-9.0,,-9,,-9,,-9,5.4,13.3,8.6,108
2020-10-24,,,-9.0,,-9,,-9,,-9,3.2,14.0,8.7,108
2020-10-25,,,-9.0,,-9,,-9,,-9,5.4,18.2,11.8,108
2020-10-26,,,-9.0,,-9,,-9,,-9,8.0,19.0,12.9,108
2020-10-27,,,-9.0,,-9,,-9,,-9,9.0,19.4,14.0,108
2020-10-28,,,-9.0,,-9,,-9,,-9,8.6,18.2,13.8,108
2020-10-29,,,-9.0,,-9,,-9,,-9,5.5,16.1,10.8,108
2020-10-30,,,-9.0,,-9,,-9,,-9,5.8,19.6,11.9,108
2020-10-31,,1.7,-9.0,,-9,,-9,,-9,8.5,18.2,13.6,108
2020-11-01,13.6,11.9,7.17,,-9,,-9,,-9,11.6,15.0,13.7,108
2020-11-02,1.7,2.2,2.33,,-9,,-9,,-9,7.9,15.6,10.8,108
2020-11-03,0.5,,0.83,,-9,,-9,,-9,2.7,8.6,5.1,108
2020-11-04,,,-9.0,,-9,,-9,,-9,0.2,10.8,4.9,108
2020-11-05,,,-9.0,,-9,,-9,,-9,3.4,15.9,9.6,108
2020-11-06,,0.1,-9.0,,-9,,-9,,-9,9.9,17.2,13.5,108
2020-11-07,0.1,,0.42,,-9,,-9,,-9,12.2,18.1,14.6,108
2020-11-08,,,-9.0,,-9,,-9,,-9,3.1,12.4,8.5,108
2020-11-09,,,-9.0,,-9,,-9,,-9,0.7,8.9,5.5,108
2020-11-10,,,-9.0,,-9,,-9,,-9,3.5,12.9,7.7,108
2020-11-11,,,-9.0,,-9,,-9,,-9,3.5,16.5,9.3,108
2020-11-12,,,-9.0,,-9,,-9,,-9,4.6,17.7,10.4,108
2020-11-13,,,-9.0,,-9,,-9,,-9,8.5,17.6,12.2,108
2020-11-14,,,-9.0,,-9,,-9,,-9,6.8,19.3,12.5,108
2020-11-15,,,-9.0,,-9,,-9,,-9,8.2,14.9,11.1,108
2020-11-16,,,-9.0,,-9,,-9,,-9,7.5,18.3,12.4,108
2020-11-17,0.1,6.4,2.08,,-9,,-9,,-9,11.7,20.0,15.9,108
2020-11-18,12.2,89.9,10.83,,-9,,-9,,-9,14.8,18.7,16.6,108
2020-11-19,86.9,2.9,14.17,,-9,,-9,,-9,6.9,19.1,13.6,108
2020-11-20,0.0,,4.5,,-9,,-9,,-9,0.3,7.0,2.8,108
2020-11-21,0.2,5.0,1.67,,-9,,-9,,-9,-0.3,12.8,6.5,108
2020-11-22,4.8,0.0,8.83,,-9,,-9,,-9,1.5,9.1,5.6,108
2020-11-23,,,-9.0,,-9,,-9,,-9,-1.5,5.9,1.7,108
2020-11-24,,,-9.0,,-9,,-9,,-9,0.2,6.4,2.9,108
2020-11-25,,,-9.0,,-9,,-9,,-9,0.0,9.5,4.6,108
2020-11-26,,0.0,-9.0,,-9,,-9,,-9,1.9,10.9,5.6,108
2020-11-27,0.0,,0.17,,-9,,-9,,-9,0.6,7.7,4.1,108
2020-11-28,,,-9.0,,-9,,-9,,-9,-2.3,2.8,-0.1,108
2020-11-29,,,-9.0,,-9,,-9,,-9,-3.6,2.6,-0.6,108
2020-11-30,,,-9.0,,-9,,-9,,-9,-3.6,4.3,-0.2,108
2020-12-01,,,-9.0,,-9,,-9,,-9,-3.6,6.7,1.1,108
2020-12-02,,,-9.0,,-9,,-9,,-9,0.5,6.1,2.4,108
2020-12-03,,,-9.0,,-9,,-9,,-9,-2.3,4.2,0.7,108
2020-12-04,,,-9.0,,-9,,-9,,-9,-4.6,4.4,-0.6,108
2020-12-05,,,-9.0,,-9,,-9,,-9,-2.2,6.6,2.1,108
2020-12-06,,,-9.0,,-9,,-9,,-9,1.2,9.1,4.5,108
2020-12-07,,,-9.0,,-9,,-9,,-9,-0.7,6.3,3.4,108
2020-12-08,,,-9.0,,-9,,-9,,-9,-3.5,4.1,-0.5,108
2020-12-09,,0.0,-9.0,,-9,,-9,,-9,-4.1,6.2,1.5,108
2020-12-10,0.0,,2.58,,-9,,-9,,-9,3.2,9.3,5.8,108
2020-12-11,,,-9.0,,-9,,-9,,-9,2.6,9.4,5.3,108
2020-12-12,,1.9,-9.0,,-9,,-9,,-9,-0.3,6.1,2.3,108
2020-12-13,2.9,1.0,7.58,,-9,,-9,,-9,-6.0,2.0,-1.1,108
2020-12-14,,,-9.0,,-9,,-9,,-9,-9.7,-5.0,-7.7,108
2020-12-15,,,-9.0,,-9,,-9,,-9,-11.1,-4.6,-8.3,108
2020-12-16,,,-9.0,,-9,,-9,,-9,-11.2,-3.9,-8.3,108
2020-12-17,0.0,0.2,1.08,,-9,,-9,,-9,-11.1,0.8,-4.9,108
2020-12-18,0.2,,7.58,,-9,,-9,,-9,-6.4,1.8,-2.1,108
2020-12-19,,,-9.0,,-9,,-9,,-9,-9.6,-1.2,-5.1,108
2020-12-20,,,-9.0,,-9,,-9,,-9,-8.2,1.1,-3.7,108
2020-12-21,,,-9.0,,-9,,-9,,-9,-6.0,4.7,-1.0,108
2020-12-22,,,-9.0,,-9,,-9,,-9,-2.5,7.2,2.0,108
2020-12-23,0.0,0.0,0.25,,-9,,-9,,-9,-0.4,8.5,4.5,108
2020-12-24,,,-9.0,,-9,,-9,,-9,-2.0,6.1,2.6,108
2020-12-25,,,-9.0,,-9,,-9,,-9,-4.7,3.5,-0.8,108
2020-12-26,,,-9.0,,-9,,-9,,-9,-2.1,8.0,2.2,108
2020-12-27,0.0,1.3,1.75,,-9,,-9,,-9,1.4,10.0,5.8,108
2020-12-28,1.3,,1.33,,-9,,-9,,-9,4.2,11.4,6.7,108
2020-12-29,0.2,0.2,6.25,,-9,,-9,,-9,-6.2,4.3,0.1,108
2020-12-30,,,-9.0,,-9,,-9,,-9,-12.9,-6.2,-10.9,108
2020-12-31,0.0,0.0,0.33,,-9,,-9,,-9,-12.9,-5.0,-8.9,108
2021-01-01,,,-9.0,,-9,,-9,,-9,-9.8,1.6,-4.2,108
2021-01-02,,,-9.0,,-9,,-9,,-9,-8.4,-1.4,-5.0,108
2021-01-03,,,-9.0,,-9,,-9,,-9,-9.1,-2.0,-5.6,108
2021-01-04,0.0,0.0,2.33,,-9,,-9,,-9,-8.4,0.3,-3.5,108
2021-01-05,0.0,,5.42,,-9,,-9,,-9,-9.9,-2.1,-5.5,108
2021-01-06,2.3,2.3,5.33,,-9,,-9,,-9,-12.0,-1.9,-7.4,108
2021-01-07,,,-9.0,,-9,,-9,,-9,-16.5,-8.4,-14.5,108
2021-01-08,,,-9.0,,-9,,-9,,-9,-18.6,-10.7,-14.9,108
2021-01-09,,,-9.0,,-9,,-9,,-9,-16.6,-7.5,-12.2,108
2021-01-10,,,-9.0,,-9,,-9,,-9,-12.8,-2.7,-7.7,108
2021-01-11,,,-9.0,,-9,,-9,,-9,-9.6,-4.0,-6.7,108
2021-01-12,2.6,2.6,7.5,,-9,,-9,,-9,-9.3,-0.5,-3.9,108
2021-01-13,0.0,,0.67,,-9,,-9,,-9,-3.0,8.3,2.0,108
2021-01-14,,,-9.0,,-9,,-9,,-9,-3.6,7.0,1.7,108
2021-01-15,0.2,0.2,0.42,,-9,,-9,,-9,-0.7,9.9,4.5,108
2021-01-16,,,-9.0,,-9,,-9,,-9,-8.7,-0.7,-4.9,108
2021-01-17,0.0,0.0,5.25,,-9,,-9,,-9,-10.8,-1.3,-5.5,108
2021-01-18,0.3,0.3,5.42,,-9,,-9,,-9,-9.1,0.2,-3.8,108
2021-01-19,,,-9.0,,-9,,-9,,-9,-11.6,-0.2,-6.3,108
2021-01-20,,,-9.0,,-9,,-9,,-9,-6.6,7.1,-0.1,108
2021-01-21,9.2,9.3,10.25,,-9,,-9,,-9,2.5,7.0,4.5,108
2021-01-22,0.1,,2.0,,-9,,-9,,-9,4.8,6.6,5.5,108
2021-01-23,,,-9.0,,-9,,-9,,-9,4.8,12.2,7.6,108
2021-01-24,,,-9.0,,-9,,-9,,-9,2.4,13.9,7.3,108
2021-01-25,,0.0,-9.0,,-9,,-9,,-9,3.0,13.9,7.9,108
2021-01-26,1.7,1.7,6.92,,-9,,-9,,-9,1.7,7.4,5.3,108
2021-01-27,,,-9.0,,-9,,-9,,-9,-1.8,6.5,1.7,108
2021-01-28,2.0,2.0,1.33,,-9,,-9,,-9,-9.7,1.4,-2.6,108
2021-01-29,,0.2,-9.0,,-9,,-9,,-9,-11.6,-4.9,-8.8,108
2021-01-30,0.5,0.3,4.5,,-9,,-9,,-9,-8.1,5.2,-1.6,108
2021-01-31,,0.7,-9.0,,-9,,-9,,-9,-3.8,8.7,3.2,108
2021-02-01,0.7,,0.83,,-9,,-9,,-9,-2.3,9.5,5.0,108
2021-02-02,0.0,0.0,3.83,,-9,,-9,,-9,-8.2,-2.4,-5.6,108
2021-02-03,3.4,3.5,6.5,,-9,,-9,,-9,-9.4,1.4,-3.2,108
2021-02-04,0.1,,1.33,,-9,,-9,,-9,-7.4,0.7,-3.6,108
2021-02-05,,,-9.0,,-9,,-9,,-9,-4.4,6.7,1.4,108
2021-02-06,,,-9.0,,-9,,-9,,-9,4.3,9.5,6.8,108
2021-02-07,,,-9.0,,-9,,-9,,-9,-2.6,7.7,3.6,108
2021-02-08,,,-9.0,,-9,,-9,,-9,-5.4,0.2,-3.1,108
2021-02-09,,,-9.0,,-9,,-9,,-9,-6.1,4.7,-0.9,108
2021-02-10,,,-9.0,,-9,,-9,,-9,-1.5,7.2,3.4,108
2021-02-11,,,-9.0,,-9,,-9,,-9,1.3,10.9,5.5,108
2021-02-12,,,-9.0,,-9,,-9,,-9,0.6,14.0,6.5,108
2021-02-13,,0.0,-9.0,,-9,,-9,,-9,1.0,15.9,7.6,108
2021-02-14,0.0,1.4,0.17,,-9,,-9,,-9,6.4,13.8,9.5,108
2021-02-15,1.4,0.0,5.5,,-9,,-9,,-9,-5.2,8.2,1.2,108
2021-02-16,1.5,1.5,5.55,,-9,,-9,,-9,-7.0,-1.3,-5.1,108
2021-02-17,0.0,0.0,0.67,,-9,,-9,,-9,-10.4,-5.2,-8.3,108
2021-02-18,,,-9.0,,-9,,-9,,-9,-10.6,-0.4,-5.8,108
2021-02-19,,,-9.0,,-9,,-9,,-9,-7.1,8.9,1.6,108
2021-02-20,,,-9.0,,-9,,-9,,-9,5.5,14.9,8.8,108
2021-02-21,,,-9.0,,-9,,-9,,-9,4.7,17.4,10.8,108
2021-02-22,,,-9.0,,-9,,-9,,-9,0.4,12.6,7.8,108
2021-02-23,,,-9.0,,-9,,-9,,-9,-3.1,4.3,0.0,108
2021-02-24,,,-9.0,,-9,,-9,,-9,-3.0,10.1,2.9,108
2021-02-25,,,-9.0,,-9,,-9,,-9,0.7,8.2,4.2,108
2021-02-26,,,-9.0,,-9,,-9,,-9,0.5,15.8,8.2,108
2021-02-27,,,-9.0,,-9,,-9,,-9,4.3,16.2,9.5,108
2021-02-28,,16.3,-9.0,,-9,,-9,,-9,3.2,10.8,7.8,108
2021-03-01,67.5,51.3,22.92,,-9,,-9,,-9,0.5,9.0,4.7,108
2021-03-02,0.1,,1.33,,-9,,-9,,-9,0.2,6.9,2.3,108
2021-03-03,,,-9.0,,-9,,-9,,-9,-1.2,9.9,4.4,108
2021-03-04,,,-9.0,,-9,,-9,,-9,2.5,13.0,7.2,108
2021-03-05,,,-9.0,,-9,,-9,,-9,3.0,16.2,9.0,108
2021-03-06,,,-9.0,,-9,,-9,,-9,3.2,11.6,6.6,108
2021-03-07,,,-9.0,,-9,,-9,,-9,2.1,12.2,6.2,108
2021-03-08,,,-9.0,,-9,,-9,,-9,1.5,13.9,7.0,108
2021-03-09,,,-9.0,,-9,,-9,,-9,2.1,12.2,6.6,108
2021-03-10,,,-9.0,,-9,,-9,,-9,1.7,17.1,8.8,108
2021-03-11,,0.0,-9.0,,-9,,-9,,-9,4.7,17.1,10.2,108
2021-03-12,0.0,0.0,2.75,,-9,,-9,,-9,7.2,14.9,10.5,108
2021-03-13,,,-9.0,,-9,,-9,,-9,4.6,14.2,9.2,108
2021-03-14,,,-9.0,,-9,,-9,,-9,4.9,14.7,9.1,108
2021-03-15,1.7,3.0,1.25,,-9,,-9,,-9,5.1,15.7,10.6,108
2021-03-16,1.3,,2.42,,-9,,-9,,-9,4.9,13.1,8.4,108
2021-03-17,,,-9.0,,-9,,-9,,-9,1.8,17.5,8.8,108
2021-03-18,,,-9.0,,-9,,-9,,-9,5.0,18.4,11.7,108
2021-03-19,,0.0,-9.0,,-9,,-9,,-9,11.4,20.2,15.3,108
2021-03-20,5.1,5.1,10.5,,-9,,-9,,-9,7.4,14.7,9.9,108
2021-03-21,0.3,0.3,1.5,,-9,,-9,,-9,3.1,8.6,5.8,108
2021-03-22,,,-9.0,,-9,,-9,,-9,1.1,11.1,6.2,108
2021-03-23,,,-9.0,,-9,,-9,,-9,2.5,16.4,9.1,108
2021-03-24,,,-9.0,,-9,,-9,,-9,5.7,16.9,10.8,108
2021-03-25,,,-9.0,,-9,,-9,,-9,6.8,19.0,11.9,108
2021-03-26,,,-9.0,,-9,,-9,,-9,4.8,20.6,12.6,108
2021-03-27,25.5,33.2,13.08,,-9,,-9,,-9,10.2,15.0,12.1,108
2021-03-28,9.2,1.7,15.0,,-9,,-9,,-9,7.7,13.0,9.0,108
2021-03-29,0.2,,2.75,,-9,,-9,,-9,7.3,14.6,10.2,108
2021-03-30,,,-9.0,,-9,,-9,,-9,4.1,18.2,10.8,108
2021-03-31,,,-9.0,,-9,,-9,,-9,5.9,22.9,14.5,108
2021-04-01,,,-9.0,,-9,,-9,,-9,12.0,24.0,17.7,108
2021-04-02,0.0,0.0,0.83,0.0,-9,0.0,-9,,-9,12.5,23.0,17.8,108
2021-04-03,56.2,56.8,16.53,11.5,1110,2.9,1131,,-9,10.9,18.0,14.9,108
2021-04-04,0.6,,5.75,0.4,402,0.2,-9,,-9,9.0,15.8,11.9,108
2021-04-05,,,-9.0,,-9,,-9,,-9,5.4,19.3,11.9,108
2021-04-06,,,-9.0,,-9,,-9,,-9,9.4,19.2,13.9,108
2021-04-07,,,-9.0,,-9,,-9,,-9,8.1,20.4,14.1,108
2021-04-08,,,-9.0,,-9,,-9,,-9,7.2,18.0,13.0,108
2021-04-09,,,-9.0,,-9,,-9,,-9,7.6,19.6,13.6,108
2021-04-10,,,-9.0,,-9,,-9,,-9,7.7,18.8,12.6,108
2021-04-11,,,-9.0,,-9,,-9,,-9,7.5,21.8,15.0,108
2021-04-12,22.0,30.0,14.17,5.4,1831,1.6,2316,,-9,11.9,17.8,13.8,108
2021-04-13,8.0,,6.75,3.0,-2351,0.8,9,,-9,5.7,13.5,10.4,108
2021-04-14,,,-9.0,,-9,,-9,,-9,3.1,13.3,8.4,108
2021-04-15,,0.0,-9.0,,-9,,-9,,-9,6.3,18.3,11.6,108
2021-04-16,0.7,0.7,3.5,0.7,1057,0.3,1113,,-9,8.1,14.8,11.3,108
2021-04-17,0.0,0.0,1.58,0.0,-9,0.0,-9,,-9,6.0,14.6,9.6,108
2021-04-18,,,-9.0,,-9,,-9,,-9,5.6,15.3,9.9,108
2021-04-19,,,-9.0,,-9,,-9,,-9,5.8,19.4,12.2,108
2021-04-20,,,-9.0,,-9,,-9,,-9,8.1,22.0,14.8,108
2021-04-21,,,-9.0,,-9,,-9,,-9,10.3,28.2,19.1,108
2021-04-22,,0.0,-9.0,,-9,,-9,,-9,16.1,27.5,20.9,108
2021-04-23,0.0,0.0,4.0,0.0,-9,0.0,-9,,-9,17.0,21.7,19.0,108
2021-04-24,0.0,0.0,0.67,0.0,-9,0.0,-9,,-9,15.3,22.2,18.3,108
2021-04-25,,,-9.0,,-9,,-9,,-9,12.6,24.0,18.2,108
2021-04-26,,0.0,-9.0,,-9,,-9,,-9,12.3,20.6,16.2,108
2021-04-27,1.7,6.4,4.0,5.8,2331,2.2,2356,,-9,12.5,20.0,15.4,108
2021-04-28,4.7,,1.33,4.7,1,1.4,9,,-9,11.2,18.2,14.5,108
2021-04-29,3.9,30.2,4.33,4.3,2313,1.2,2355,,-9,10.9,20.1,14.6,108
2021-04-30,26.3,0.3,9.75,8.9,245,1.8,332,,-9,8.6,14.6,11.3,108
2021-05-01,8.0,9.4,11.67,5.3,1419,1.5,1424,,-9,8.5,15.3,10.2,108
2021-05-02,1.7,,2.5,1.2,24,0.4,110,,-9,7.3,18.7,12.4,108
2021-05-03,,0.2,-9.0,,-9,,-9,,-9,8.4,20.3,14.1,108
2021-05-04,19.6,19.5,16.25,5.1,1436,1.5,1446,,-9,11.4,15.8,13.8,108
2021-05-05,0.1,,0.5,0.4,-2331,0.1,-9,,-9,10.3,18.4,13.9,108
2021-05-06,,,-9.0,,-9,,-9,,-9,7.9,23.1,15.7,108
2021-05-07,8.8,8.8,1.5,8.8,915,5.9,942,,-9,10.7,17.2,14.4,108
2021-05-08,,,-9.0,,-9,,-9,,-9,8.9,21.0,14.3,108
2021-05-09,,0.0,-9.0,,-9,,-9,,-9,10.0,21.8,15.7,108
2021-05-10,0.0,0.0,3.08,0.0,-9,0.0,-9,,-9,11.7,14.6,13.2,108
2021-05-11,,,-9.0,,-9,,-9,,-9,9.4,25.7,18.5,108
2021-05-12,,,-9.0,,-9,,-9,,-9,16.9,27.7,22.0,108
2021-05-13,,,-9.0,,-9,,-9,,-9,16.6,29.6,22.9,108
2021-05-14,,0.0,-9.0,,-9,,-9,,-9,18.0,30.8,24.1,108
2021-05-15,15.0,33.1,14.0,5.8,1302,2.2,1338,,-9,20.8,26.2,22.1,108
2021-05-16,66.9,49.1,24.0,11.3,1853,2.6,1912,,-9,14.8,20.8,18.4,108
2021-05-17,3.1,2.8,13.83,1.7,1115,0.4,1118,,-9,14.2,16.7,15.3,108
2021-05-18,,,-9.0,,-9,,-9,,-9,13.6,24.5,17.9,108
2021-05-19,,0.0,-9.0,,-9,,-9,,-9,12.4,26.6,19.9,108
2021-05-20,0.9,5.8,11.15,0.5,2219,0.3,2011,,-9,15.6,22.9,18.7,108
2021-05-21,6.9,2.2,15.17,2.0,1401,1.3,1444,,-9,14.2,18.2,16.0,108
2021-05-22,0.2,,0.92,0.2,-9,0.2,-9,,-9,13.8,23.8,18.6,108
2021-05-23,,,-9.0,,-9,,-9,,-9,14.3,25.1,19.5,108
2021-05-24,,8.2,-9.0,,-9,,-9,,-9,16.4,24.5,19.4,108
2021-05-25,8.3,0.1,4.58,5.4,534,2.1,557,,-9,11.9,19.3,15.3,108
2021-05-26,0.0,7.9,0.67,0.0,-9,0.0,-9,,-9,11.5,23.0,18.0,108
2021-05-27,8.9,12.8,5.92,6.5,642,2.1,726,,-9,13.9,18.7,15.8,108
2021-05-28,12.3,0.5,7.83,4.7,502,1.7,505,,-9,12.4,19.7,15.3,108
2021-05-29,0.3,0.3,8.42,0.2,-9,0.2,-9,,-9,12.8,19.1,15.4,108
2021-05-30,18.1,22.1,4.0,11.3,2249,4.0,2249,,-9,10.8,26.3,18.4,108
2021-05-31,4.0,3.2,2.5,4.7,-2349,3.2,-2358,,-9,16.5,23.8,19.9,108
2021-06-01,3.2,0.0,4.42,2.3,712,1.3,754,,-9,15.9,23.9,20.2,108
2021-06-02,,,-9.0,,-9,,-9,,-9,16.6,29.7,23.2,108
2021-06-03,18.1,18.1,12.17,5.1,1944,2.5,2024,,-9,14.6,22.7,19.1,108
2021-06-04,,,-9.0,,-9,,-9,,-9,13.3,23.6,18.5,108
2021-06-05,,,-9.0,,-9,,-9,,-9,17.0,25.7,20.8,108
2021-06-06,,0.0,-9.0,,-9,,-9,,-9,18.4,28.2,23.0,108
2021-06-07,0.0,0.1,3.58,0.0,-9,0.0,-9,,-9,19.4,24.0,21.1,108
2021-06-08,0.1,,0.92,0.1,-9,0.1,-9,,-9,18.8,29.5,23.6,108
2021-06-09,,,-9.0,,-9,,-9,,-9,19.5,31.6,25.8,108
2021-06-10,6.1,10.7,6.67,5.1,2257,2.0,2318,,-9,20.5,29.8,24.9,108
2021-06-11,4.6,,4.17,2.6,219,1.0,256,,-9,19.9,24.4,21.5,108
2021-06-12,,,-9.0,,-9,,-9,,-9,18.2,30.2,24.2,108
2021-06-13,,,-9.0,,-9,,-9,,-9,20.9,29.7,24.8,108
2021-06-14,,0.5,-9.0,,-9,,-9,,-9,18.9,30.2,24.8,108
2021-06-15,1.9,1.4,7.92,0.9,1018,0.3,1057,,-9,21.5,25.3,22.5,108
2021-06-16,,,-9.0,,-9,,-9,,-9,20.3,28.9,24.3,108
2021-06-17,0.0,5.2,4.25,0.0,-9,0.0,-9,,-9,19.6,25.0,21.9,108
2021-06-18,6.3,1.1,12.0,1.7,553,0.5,620,,-9,19.0,21.4,20.0,108
2021-06-19,,,-9.0,,-9,,-9,,-9,17.5,27.4,22.3,108
2021-06-20,,,-9.0,,-9,,-9,,-9,17.6,29.0,22.9,108
2021-06-21,,0.0,-9.0,,-9,,-9,,-9,19.2,28.5,23.6,108
2021-06-22,0.0,0.0,2.08,0.0,-9,0.0,-9,,-9,19.7,28.6,22.8,108
2021-06-23,7.5,7.5,0.67,7.5,1530,5.0,1538,,-9,18.8,27.9,22.4,108
2021-06-24,,,-9.0,,-9,,-9,,-9,18.5,28.0,23.0,108
2021-06-25,,4.4,-9.0,,-9,,-9,,-9,19.5,29.5,24.1,108
2021-06-26,4.5,0.1,11.42,2.6,339,0.7,342,,-9,19.9,26.7,22.8,108
2021-06-27,38.2,38.2,3.42,37.7,1824,11.7,1832,,-9,19.8,30.8,24.5,108
2021-06-28,0.1,0.1,1.67,0.1,-9,0.1,-9,,-9,21.0,29.2,23.7,108
2021-06-29,8.0,8.0,1.67,8.0,1614,3.8,1631,,-9,21.3,28.4,23.9,108
2021-06-30,6.0,6.0,1.35,6.0,1159,3.4,1209,,-9,21.0,28.8,24.3,108
2021-07-01,,,-9.0,,-9,,-9,,-9,21.4,31.0,26.3,108
2021-07-02,,,-9.0,,-9,,-9,,-9,23.6,31.8,27.1,108
2021-07-03,60.0,78.5,9.42,13.8,1656,4.0,1736,,-9,19.6,25.7,22.6,108
2021-07-04,21.4,2.9,18.33,5.3,45,1.2,56,,-9,19.8,23.1,21.4,108
2021-07-05,,,-9.0,,-9,,-9,,-9,20.1,26.9,23.3,108
2021-07-06,,0.0,-9.0,,-9,,-9,,-9,21.0,30.1,25.3,108
2021-07-07,12.7,15.6,4.67,12.4,2025,8.5,2057,,-9,23.9,29.1,26.4,108
2021-07-08,2.9,0.0,2.0,2.7,2,1.0,27,,-9,23.8,29.8,26.0,108
2021-07-09,0.0,0.3,0.25,0.0,-9,0.0,-9,,-9,23.6,29.2,25.5,108
2021-07-10,0.5,0.6,2.8,0.2,-9,0.2,-9,,-9,23.1,29.2,25.9,108
2021-07-11,0.4,0.0,5.17,0.4,612,0.3,640,,-9,24.1,27.5,25.7,108
2021-07-12,,,-9.0,,-9,,-9,,-9,23.8,32.5,28.1,108
2021-07-13,,,-9.0,,-9,,-9,,-9,26.3,31.5,28.8,108
2021-07-14,,0.0,-9.0,,-9,,-9,,-9,26.1,33.5,29.7,108
2021-07-15,0.0,0.0,2.07,0.0,-9,0.0,-9,,-9,25.9,34.5,29.1,108
2021-07-16,,,-9.0,,-9,,-9,,-9,24.2,35.2,28.8,108
2021-07-17,0.0,0.0,0.17,0.0,-9,0.0,-9,,-9,24.7,32.8,29.1,108
2021-07-18,,,-9.0,,-9,,-9,,-9,25.7,34.1,29.6,108
2021-07-19,67.4,67.4,5.0,65.7,1406,26.6,1435,,-9,24.0,30.5,26.4,108
2021-07-20,0.0,0.0,0.83,0.0,-9,0.0,-9,,-9,23.6,31.8,27.9,108
2021-07-21,,,-9.0,,-9,,-9,,-9,25.3,35.3,30.5,108
2021-07-22,,,-9.0,,-9,,-9,,-9,26.5,35.9,31.2,108
2021-07-23,,,-9.0,,-9,,-9,,-9,27.2,35.8,31.2,108
2021-07-24,,,-9.0,,-9,,-9,,-9,26.9,36.5,31.7,108
2021-07-25,,,-9.0,,-9,,-9,,-9,27.2,35.9,31.5,108
2021-07-26,,,-9.0,,-9,,-9,,-9,27.4,35.4,31.2,108
2021-07-27,,,-9.0,,-9,,-9,,-9,27.8,35.7,31.1,108
2021-07-28,0.0,0.0,1.33,0.0,-9,0.0,-9,,-9,27.1,34.7,30.4,108
2021-07-29,,,-9.0,,-9,,-9,,-9,27.0,33.3,29.6,108
2021-07-30,,3.0,-9.0,,-9,,-9,,-9,25.8,35.4,30.5,108
2021-07-31,3.0,0.0,2.75,2.4,201,2.4,251,,-9,26.8,34.3,29.8,108
2021-08-01,21.0,22.7,13.42,8.7,1909,7.3,1917,,-9,25.1,28.8,27.1,108
2021-08-02,1.7,0.0,6.92,1.4,743,0.4,752,,-9,25.0,28.6,26.5,108
2021-08-03,0.0,0.0,0.35,0.0,-9,0.0,-9,,-9,24.1,31.4,28.0,108
2021-08-04,,,-9.0,,-9,,-9,,-9,26.3,33.2,28.9,108
2021-08-05,,,-9.0,,-9,,-9,,-9,25.6,33.7,29.4,108
2021-08-06,,,-9.0,,-9,,-9,,-9,26.0,32.2,28.1,108
2021-08-07,,,-9.0,,-9,,-9,,-9,23.4,32.3,28.0,108
2021-08-08,12.7,12.7,4.58,11.6,1522,7.8,1529,,-9,24.4,32.1,26.8,108
2021-08-09,,,-9.0,,-9,,-9,,-9,23.3,33.6,28.3,108
2021-08-10,,0.0,-9.0,,-9,,-9,,-9,24.3,32.2,27.7,108
2021-08-11,0.0,,1.25,0.0,-9,0.0,-9,,-9,24.1,31.6,27.4,108
2021-08-12,0.0,0.0,1.08,0.0,-9,0.0,-9,,-9,24.0,31.7,26.8,108
2021-08-13,,,-9.0,,-9,,-9,,-9,23.4,30.1,26.6,108
2021-08-14,,,-9.0,,-9,,-9,,-9,23.4,30.5,26.1,108
2021-08-15,,,-9.0,,-9,,-9,,-9,21.7,32.4,26.9,108
2021-08-16,0.0,0.0,0.92,0.0,-9,0.0,-9,,-9,22.5,32.8,27.3,108
2021-08-17,9.3,13.8,4.67,5.3,1944,1.2,1957,,-9,21.9,31.3,25.9,108
2021-08-18,5.6,1.1,3.97,2.9,713,1.3,742,,-9,20.6,31.0,24.3,108
2021-08-19,,0.0,-9.0,,-9,,-9,,-9,21.0,31.5,26.0,108
2021-08-20,0.0,0.8,0.58,0.0,-9,0.0,-9,,-9,22.6,30.7,26.6,108
2021-08-21,62.8,62.0,11.33,27.9,1219,11.9,1252,,-9,21.0,25.5,23.8,108
2021-08-22,0.0,,1.0,0.0,-9,0.0,-9,,-9,22.4,27.0,24.4,108
2021-08-23,7.4,8.2,11.33,2.0,1823,0.5,1849,,-9,21.0,24.0,22.4,108
2021-08-24,10.5,10.0,12.58,2.8,1215,1.3,1336,,-9,21.1,26.4,23.4,108
2021-08-25,0.3,0.0,4.25,0.3,150,0.2,-9,,-9,23.5,27.3,25.0,108
2021-08-26,0.7,0.8,1.17,0.7,1520,0.7,1526,,-9,22.9,27.9,25.5,108
2021-08-27,0.9,0.8,10.38,0.7,1318,0.3,1400,,-9,20.4,25.5,22.4,108
2021-08-28,,0.9,-9.0,,-9,,-9,,-9,19.7,28.2,23.6,108
2021-08-29,0.9,,3.17,0.7,122,0.5,126,,-9,21.9,26.3,23.7,108
2021-08-30,0.0,0.1,1.17,0.0,-9,0.0,-9,,-9,21.2,27.7,24.2,108
2021-08-31,77.4,78.1,16.55,12.4,1356,4.4,2230,,-9,18.1,23.1,20.5,108
2021-09-01,0.8,0.0,4.08,3.1,-2331,0.7,1,,-9,18.5,23.9,21.4,108
2021-09-02,,,-9.0,,-9,,-9,,-9,20.7,26.7,23.5,108
2021-09-03,,,-9.0,,-9,,-9,,-9,20.6,29.2,24.3,108
2021-09-04,,,-9.0,,-9,,-9,,-9,18.5,28.6,23.2,108
2021-09-05,,,-9.0,,-9,,-9,,-9,19.4,27.3,23.1,108
2021-09-06,12.0,23.7,9.17,4.0,2138,1.2,2014,,-9,18.0,26.4,22.3,108
2021-09-07,29.6,19.5,22.58,6.6,852,2.4,919,,-9,17.6,20.9,19.6,108
2021-09-08,1.6,,6.67,0.7,149,0.3,231,,-9,19.0,26.9,22.2,108
2021-09-09,,,-9.0,,-9,,-9,,-9,19.1,29.1,23.5,108
2021-09-10,,,-9.0,,-9,,-9,,-9,19.5,28.9,23.6,108
2021-09-11,,,-9.0,,-9,,-9,,-9,19.9,29.4,24.0,108
2021-09-12,,,-9.0,,-9,,-9,,-9,19.2,29.8,24.2,108
2021-09-13,,,-9.0,,-9,,-9,,-9,20.8,30.3,24.8,108
2021-09-14,,,-9.0,,-9,,-9,,-9,20.0,29.5,24.6,108
2021-09-15,,,-9.0,,-9,,-9,,-9,19.5,28.9,23.6,108
2021-09-16,,,-9.0,,-9,,-9,,-9,18.0,27.3,22.9,108
2021-09-17,,,-9.0,,-9,,-9,,-9,20.5,28.2,23.5,108
2021-09-18,,,-9.0,,-9,,-9,,-9,18.9,29.8,23.9,108
2021-09-19,,,-9.0,,-9,,-9,,-9,20.8,27.8,23.7,108
2021-09-20,,40.6,-9.0,,-9,,-9,,-9,19.0,28.4,23.7,108
2021-09-21,68.1,32.0,9.58,27.1,2312,7.5,2333,,-9,17.4,26.2,22.0,108
2021-09-22,4.5,0.0,2.0,4.2,1,1.9,5,,-9,16.8,24.3,20.2,108
2021-09-23,,,-9.0,,-9,,-9,,-9,16.9,25.9,20.9,108
2021-09-24,,,-9.0,,-9,,-9,,-9,16.7,26.9,21.8,108
2021-09-25,,,-9.0,,-9,,-9,,-9,18.7,23.1,21.2,108
2021-09-26,,,-9.0,,-9,,-9,,-9,18.4,27.3,22.6,108
2021-09-27,0.0,0.0,5.67,0.0,-9,0.0,-9,,-9,18.7,25.0,21.6,108
2021-09-28,1.3,9.0,9.28,0.7,2100,0.3,2000,,-9,19.6,24.4,21.5,108
2021-09-29,13.1,5.4,12.25,5.0,847,1.6,522,,-9,17.8,21.4,20.2,108
2021-09-30,,,-9.0,,-9,,-9,,-9,16.0,25.9,20.3,108
2021-10-01,13.3,13.3,2.17,12.7,2153,8.5,2202,,-9,16.9,27.5,21.1,108
2021-10-02,,,-9.0,,-9,,-9,,-9,16.4,26.6,20.7,108
2021-10-03,,,-9.0,,-9,,-9,,-9,17.1,28.8,22.3,108
2021-10-04,3.6,3.6,6.17,3.5,1714,1.1,1751,,-9,19.2,25.6,22.9,108
2021-10-05,0.0,4.2,2.92,0.0,-9,0.0,-9,,-9,21.7,26.5,23.6,108
2021-10-06,6.4,6.8,11.92,2.0,735,0.6,759,,-9,17.9,21.7,18.8,108
2021-10-07,4.6,0.0,6.08,3.8,505,1.2,524,,-9,17.9,21.9,19.4,108
2021-10-08,3.5,3.8,8.58,0.9,1044,0.3,1041,,-9,17.5,20.0,18.8,108
2021-10-09,0.4,0.1,3.5,0.3,635,0.2,-9,,-9,18.5,24.1,20.9,108
2021-10-10,14.2,14.5,13.33,4.4,1237,1.4,1236,,-9,14.9,24.3,19.9,108
2021-10-11,0.3,,4.83,0.3,-2331,0.2,-9,,-9,12.6,17.8,15.2,108
2021-10-12,,,-9.0,,-9,,-9,,-9,15.8,21.3,17.9,108
2021-10-13,,,-9.0,,-9,,-9,,-9,14.9,25.2,19.6,108
2021-10-14,,0.0,-9.0,,-9,,-9,,-9,17.4,23.9,19.7,108
2021-10-15,0.0,0.0,7.83,0.0,-9,0.0,-9,,-9,17.0,21.4,19.0,108
2021-10-16,0.0,,2.17,0.0,-9,0.0,-9,,-9,4.2,18.1,10.7,108
2021-10-17,,,-9.0,,-9,,-9,,-9,1.3,10.8,5.6,108
2021-10-18,5.6,10.0,4.08,4.8,2331,1.3,2341,,-9,2.8,16.1,9.6,108
2021-10-19,4.4,,2.75,3.1,1,1.0,-2356,,-9,7.1,15.0,10.9,108
2021-10-20,,,-9.0,,-9,,-9,,-9,4.6,15.8,9.5,108
2021-10-21,,,-9.0,,-9,,-9,,-9,4.9,16.2,9.8,108
2021-10-22,,,-9.0,,-9,,-9,,-9,5.2,17.2,10.8,108
2021-10-23,,,-9.0,,-9,,-9,,-9,5.7,18.4,11.4,108
2021-10-24,,,-9.0,,-9,,-9,,-9,6.0,18.1,11.4,108
2021-10-25,,,-9.0,,-9,,-9,,-9,6.3,17.6,11.7,108
2021-10-26,,0.0,-9.0,,-9,,-9,,-9,7.7,19.0,13.0,108
2021-10-27,0.0,,0.75,0.0,-9,0.0,-9,,-9,9.8,18.1,13.4,108
2021-10-28,,,-9.0,,-9,,-9,,-9,7.1,20.0,12.7,108
2021-10-29,,,-9.0,,-9,,-9,,-9,10.5,20.6,14.6,108
2021-10-30,,,-9.0,,-9,,-9,,-9,11.0,18.0,13.8,108
2021-10-31,0.7,0.7,0.58,0.7,2015,0.7,2035,,-9,9.2,20.3,14.1,108
2021-11-01,,,-9.0,,-9,,-9,,-9,10.3,16.9,12.9,108
2021-11-02,,,-9.0,,-9,,-9,,-9,7.9,16.9,11.5,108
2021-11-03,,,-9.0,,-9,,-9,,-9,7.6,17.1,12.1,108
2021-11-04,0.0,0.0,0.25,,-9,,-9,,-9,8.4,16.3,12.1,108
2021-11-05,,,-9.0,,-9,,-9,,-9,7.8,20.2,13.0,108
2021-11-06,,,-9.0,,-9,,-9,,-9,8.8,21.3,14.1,108
2021-11-07,,14.0,-9.0,,-9,,-9,,-9,9.7,21.3,15.3,108
2021-11-08,25.7,12.4,18.5,,-9,,-9,,-9,4.5,15.5,8.6,108
2021-11-09,2.0,1.6,11.08,,-9,,-9,,-9,3.0,6.5,4.9,108
2021-11-10,0.3,0.0,4.58,,-9,,-9,,-9,0.7,7.7,4.2,108
2021-11-11,0.0,0.0,0.17,,-9,,-9,,-9,2.1,9.7,5.3,108
2021-11-12,,,-9.0,,-9,,-9,,-9,1.3,8.6,4.5,108
2021-11-13,,,-9.0,,-9,,-9,,-9,0.5,13.4,7.3,108
2021-11-14,,,-9.0,,-9,,-9,,-9,7.8,16.4,11.3,108
2021-11-15,,,-9.0,,-9,,-9,,-9,5.8,15.7,10.1,108
2021-11-16,,,-9.0,,-9,,-9,,-9,4.4,13.6,8.5,108
2021-11-17,,0.0,-9.0,,-9,,-9,,-9,2.7,12.5,7.5,108
2021-11-18,0.0,0.0,2.08,,-9,,-9,,-9,7.7,16.2,11.9,108
2021-11-19,,,-9.0,,-9,,-9,,-9,10.2,16.7,12.9,108
2021-11-20,,,-9.0,,-9,,-9,,-9,6.8,15.6,10.4,108
2021-11-21,5.9,7.2,2.92,,-9,,-9,,-9,7.6,13.1,10.4,108
2021-11-22,1.3,,2.92,,-9,,-9,,-9,-0.6,7.5,2.7,108
2021-11-23,,,-9.0,,-9,,-9,,-9,-3.7,2.3,-0.6,108
2021-11-24,0.0,0.0,0.17,,-9,,-9,,-9,-2.6,9.1,4.1,108
2021-11-25,,,-9.0,,-9,,-9,,-9,2.6,9.9,5.7,108
2021-11-26,0.0,0.0,0.83,,-9,,-9,,-9,-0.5,7.2,2.9,108
2021-11-27,,,-9.0,,-9,,-9,,-9,-1.4,10.1,3.4,108
2021-11-28,,,-9.0,,-9,,-9,,-9,-1.3,12.4,5.1,108
2021-11-29,,16.9,-9.0,,-9,,-9,,-9,2.5,13.7,7.6,108
2021-11-30,27.2,10.3,13.75,,-9,,-9,,-9,0.7,8.9,5.7,108
2021-12-01,,,-9.0,,-9,,-9,,-9,-3.0,1.5,-1.3,108
2021-12-02,0.1,0.5,2.58,,-9,,-9,,-9,-4.6,5.0,1.3,108
2021-12-03,0.4,,2.0,,-9,,-9,,-9,-1.8,4.6,1.9,108
2021-12-04,,,-9.0,,-9,,-9,,-9,-2.7,7.0,1.4,108
2021-12-05,,,-9.0,,-9,,-9,,-9,-2.3,9.6,2.9,108
2021-12-06,,,-9.0,,-9,,-9,,-9,-0.7,12.1,5.4,108
2021-12-07,,,-9.0,,-9,,-9,,-9,2.6,13.3,6.8,108
2021-12-08,,,-9.0,,-9,,-9,,-9,1.9,13.3,6.7,108
2021-12-09,,,-9.0,,-9,,-9,,-9,2.7,9.7,6.5,108
2021-12-10,0.7,0.7,2.78,,-9,,-9,,-9,5.8,8.2,7.0,108
2021-12-11,,,-9.0,,-9,,-9,,-9,4.4,9.8,6.0,108
2021-12-12,,,-9.0,,-9,,-9,,-9,-3.8,5.1,1.2,108
2021-12-13,,,-9.0,,-9,,-9,,-9,-5.9,1.9,-2.2,108
2021-12-14,1.2,3.2,7.58,,-9,,-9,,-9,-0.7,8.2,3.7,108
2021-12-15,2.1,0.1,4.25,,-9,,-9,,-9,5.4,10.0,7.2,108
2021-12-16,0.0,0.0,0.38,,-9,,-9,,-9,3.3,9.8,6.4,108
2021-12-17,,,-9.0,,-9,,-9,,-9,-10.1,3.2,-5.6,108
2021-12-18,2.8,3.0,4.33,,-9,,-9,,-9,-11.2,-1.8,-5.7,108
2021-12-19,0.2,0.0,1.17,,-9,,-9,,-9,-5.8,4.2,-0.8,108
2021-12-20,0.0,,0.33,,-9,,-9,,-9,-0.9,11.1,5.2,108
2021-12-21,,,-9.0,,-9,,-9,,-9,0.8,8.9,5.2,108
2021-12-22,,,-9.0,,-9,,-9,,-9,-2.6,8.2,2.2,108
2021-12-23,,,-9.0,,-9,,-9,,-9,-1.5,8.3,2.7,108
2021-12-24,0.2,0.2,2.33,,-9,,-9,,-9,-7.3,3.2,-0.3,108
2021-12-25,,,-9.0,,-9,,-9,,-9,-14.4,-7.3,-11.7,108
2021-12-26,,,-9.0,,-9,,-9,,-9,-15.5,-7.3,-12.1,108
2021-12-27,0.0,0.0,2.08,,-9,,-9,,-9,-12.9,-3.9,-7.6,108
2021-12-28,,0.2,-9.0,,-9,,-9,,-9,-8.5,-0.9,-4.1,108
2021-12-29,0.2,0.0,1.58,,-9,,-9,,-9,-3.8,5.9,0.4,108
2021-12-30,0.0,0.0,0.5,,-9,,-9,,-9,-6.8,0.2,-3.9,108
2021-12-31,,,-9.0,,-9,,-9,,-9,-8.8,-3.9,-6.7,108
2022-01-01,,0.3,-9.0,,-9,,-9,,-9,-10.2,2.3,-4.3,108
2022-01-02,0.3,,4.17,,-9,,-9,,-9,-5.2,3.0,-1.3,108
2022-01-03,0.0,0.0,4.0,,-9,,-9,,-9,-8.0,2.5,-1.9,108
2022-01-04,0.0,,0.92,,-9,,-9,,-9,-5.6,1.0,-2.5,108
2022-01-05,,,-9.0,,-9,,-9,,-9,-7.8,1.9,-2.8,108
2022-01-06,,,-9.0,,-9,,-9,,-9,-5.9,3.3,-2.2,108
2022-01-07,,,-9.0,,-9,,-9,,-9,-5.9,4.5,-1.6,108
2022-01-08,0.0,0.0,0.17,,-9,,-9,,-9,-5.0,3.7,0.3,108
2022-01-09,,,-9.0,,-9,,-9,,-9,-1.2,5.6,1.3,108
2022-01-10,0.9,1.1,3.83,,-9,,-9,,-9,-3.4,4.4,0.5,108
2022-01-11,0.2,,1.5,,-9,,-9,,-9,-10.3,0.3,-7.4,108
2022-01-12,,,-9.0,,-9,,-9,,-9,-11.3,-3.4,-7.7,108
2022-01-13,,,-9.0,,-9,,-9,,-9,-8.9,-3.1,-6.4,108
2022-01-14,,,-9.0,,-9,,-9,,-9,-10.1,1.3,-4.8,108
2022-01-15,0.0,0.0,0.92,,-9,,-9,,-9,-5.3,1.8,-1.0,108
2022-01-16,0.0,,0.42,,-9,,-9,,-9,-7.2,2.4,-2.0,108
2022-01-17,0.5,0.5,4.92,,-9,,-9,,-9,-9.2,0.1,-5.8,108
2022-01-18,,0.0,-9.0,,-9,,-9,,-9,-9.9,-0.7,-5.6,108
2022-01-19,1.7,1.7,7.08,,-9,,-9,,-9,-7.7,-2.7,-5.3,108
2022-01-20,,,-9.0,,-9,,-9,,-9,-9.8,0.9,-5.0,108
2022-01-21,,,-9.0,,-9,,-9,,-9,-8.7,4.6,-2.7,108
2022-01-22,,,-9.0,,-9,,-9,,-9,-5.0,7.1,0.3,108
2022-01-23,,,-9.0,,-9,,-9,,-9,-0.6,6.7,2.0,108
2022-01-24,,0.5,-9.0,,-9,,-9,,-9,1.3,8.4,4.6,108
2022-01-25,0.7,0.2,11.75,,-9,,-9,,-9,1.9,4.5,2.8,108
2022-01-26,,,-9.0,,-9,,-9,,-9,-1.9,6.8,1.3,108
2022-01-27,,,-9.0,,-9,,-9,,-9,-4.6,4.0,-1.1,108
2022-01-28,,,-9.0,,-9,,-9,,-9,-5.9,2.1,-2.7,108
2022-01-29,,,-9.0,,-9,,-9,,-9,-7.2,0.9,-3.6,108
2022-01-30,,,-9.0,,-9,,-9,,-9,-8.0,2.4,-2.8,108
2022-01-31,1.2,2.9,2.75,,-9,,-9,,-9,-6.8,4.8,-0.7,108
2022-02-01,1.7,0.0,4.83,,-9,,-9,,-9,-2.7,0.9,-1.3,108
2022-02-02,,,-9.0,,-9,,-9,,-9,-6.0,0.0,-3.4,108
2022-02-03,,,-9.0,,-9,,-9,,-9,-6.9,0.4,-3.4,108
2022-02-04,0.0,0.0,0.67,,-9,,-9,,-9,-8.2,-0.7,-5.2,108
2022-02-05,,,-9.0,,-9,,-9,,-9,-9.7,-2.0,-6.6,108
2022-02-06,,,-9.0,,-9,,-9,,-9,-8.4,1.7,-3.9,108
2022-02-07,,,-9.0,,-9,,-9,,-9,-7.3,1.9,-2.5,108
2022-02-08,,,-9.0,,-9,,-9,,-9,-4.1,5.6,-0.1,108
2022-02-09,,,-9.0,,-9,,-9,,-9,-4.3,7.2,1.0,108
2022-02-10,,,-9.0,,-9,,-9,,-9,-3.2,6.7,1.4,108
2022-02-11,,,-9.0,,-9,,-9,,-9,-2.6,8.8,2.9,108
2022-02-12,,,-9.0,,-9,,-9,,-9,-0.1,10.4,4.8,108
2022-02-13,,,-9.0,,-9,,-9,,-9,1.6,9.5,4.8,108
2022-02-14,1.7,1.7,2.42,,-9,,-9,,-9,-1.3,8.1,2.5,108
2022-02-15,0.0,0.0,12.17,,-9,,-9,,-9,-7.7,-1.3,-4.7,108
2022-02-16,0.0,,0.33,,-9,,-9,,-9,-9.6,-4.1,-7.3,108
2022-02-17,,,-9.0,,-9,,-9,,-9,-10.7,-0.5,-6.2,108
2022-02-18,,,-9.0,,-9,,-9,,-9,-8.0,5.7,-1.2,108
2022-02-19,0.1,0.1,2.17,,-9,,-9,,-9,-6.2,3.7,-1.7,108
2022-02-20,,,-9.0,,-9,,-9,,-9,-8.4,-0.5,-4.8,108
2022-02-21,0.1,0.1,2.58,,-9,,-9,,-9,-8.1,3.6,-3.0,108
2022-02-22,,,-9.0,,-9,,-9,,-9,-8.0,0.5,-4.5,108
2022-02-23,,,-9.0,,-9,,-9,,-9,-10.0,-0.6,-5.6,108
2022-02-24,,,-9.0,,-9,,-9,,-9,-8.5,3.7,-2.4,108
2022-02-25,,,-9.0,,-9,,-9,,-9,-3.6,8.4,3.0,108
2022-02-26,1.1,1.1,3.58,,-9,,-9,,-9,1.0,9.3,5.4,108
2022-02-27,,,-9.0,,-9,,-9,,-9,-1.6,9.1,3.7,108
2022-02-28,,2.3,-9.0,,-9,,-9,,-9,2.7,11.5,6.8,108
2022-03-01,2.3,,7.08,,-9,,-9,,-9,0.3,9.7,5.8,108
2022-03-02,,,-9.0,,-9,,-9,,-9,-2.3,8.8,3.5,108
2022-03-03,,,-9.0,,-9,,-9,,-9,0.9,12.4,5.8,108
2022-03-04,,,-9.0,,-9,,-9,,-9,0.6,14.6,6.9,108
2022-03-05,,,-9.0,,-9,,-9,,-9,-0.7,6.7,2.3,108
2022-03-06,,,-9.0,,-9,,-9,,-9,-3.0,6.8,1.4,108
2022-03-07,,,-9.0,,-9,,-9,,-9,-2.7,8.7,2.8,108
2022-03-08,,,-9.0,,-9,,-9,,-9,1.1,12.3,6.0,108
2022-03-09,,,-9.0,,-9,,-9,,-9,1.7,14.8,7.1,108
2022-03-10,,,-9.0,,-9,,-9,,-9,4.2,15.8,9.3,108
2022-03-11,,,-9.0,,-9,,-9,,-9,5.1,18.4,11.2,108
2022-03-12,2.6,44.4,3.33,,-9,,-9,,-9,6.3,19.5,12.8,108
2022-03-13,42.1,0.3,12.42,,-9,,-9,,-9,10.7,12.6,11.7,108
2022-03-14,8.7,8.7,5.58,,-9,,-9,,-9,4.9,13.2,8.2,108
2022-03-15,,,-9.0,,-9,,-9,,-9,2.3,13.3,7.2,108
2022-03-16,,,-9.0,,-9,,-9,,-9,3.6,16.8,10.3,108
2022-03-17,1.2,1.2,5.5,,-9,,-9,,-9,7.8,15.1,10.7,108
2022-03-18,0.0,10.0,4.17,,-9,,-9,,-9,5.5,9.6,7.5,108
2022-03-19,14.6,4.6,11.58,,-9,,-9,,-9,0.9,6.1,3.4,108
2022-03-20,0.0,0.0,3.58,,-9,,-9,,-9,2.2,9.3,5.4,108
2022-03-21,,,-9.0,,-9,,-9,,-9,-0.3,10.9,5.0,108
2022-03-22,,,-9.0,,-9,,-9,,-9,1.1,13.6,7.1,108
2022-03-23,,,-9.0,,-9,,-9,,-9,4.9,8.2,6.2,108
2022-03-24,,,-9.0,,-9,,-9,,-9,3.9,12.4,8.2,108
2022-03-25,10.9,29.5,4.75,,-9,,-9,,-9,6.3,17.2,12.0,108
2022-03-26,19.8,1.2,11.08,,-9,,-9,,-9,9.5,14.7,11.8,108
2022-03-27,,,-9.0,,-9,,-9,,-9,5.0,12.6,8.1,108
2022-03-28,,,-9.0,,-9,,-9,,-9,1.5,15.1,8.2,108
2022-03-29,,,-9.0,,-9,,-9,,-9,3.3,15.6,9.7,108
2022-03-30,0.4,0.4,3.25,,-9,,-9,,-9,5.9,15.7,10.8,108
2022-03-31,,,-9.0,,-9,,-9,,-9,7.6,14.7,10.9,108
2022-04-01,,,-9.0,,-9,,-9,,-9,4.5,14.9,9.2,108
2022-04-02,,,-9.0,,-9,,-9,,-9,3.7,14.2,8.2,108
2022-04-03,,,-9.0,,-9,,-9,,-9,3.5,17.0,9.6,108
2022-04-04,,,-9.0,,-9,,-9,,-9,5.1,16.4,10.3,108
2022-04-05,,,-9.0,,-9,,-9,,-9,4.9,15.8,10.3,108
2022-04-06,,,-9.0,,-9,,-9,,-9,8.0,17.0,11.7,108
2022-04-07,,,-9.0,,-9,,-9,,-9,7.4,15.7,10.9,108
2022-04-08,,0.5,-9.0,,-9,,-9,,-9,5.1,20.0,12.9,108
2022-04-09,0.5,,1.08,0.5,710,0.4,736,,-9,12.4,24.2,17.8,108
2022-04-10,,,-9.0,,-9,,-9,,-9,12.7,25.1,18.2,108
2022-04-11,,0.0,-9.0,,-9,,-9,,-9,13.4,26.6,19.6,108
2022-04-12,0.5,1.8,4.0,0.4,2038,0.3,2128,,-9,15.9,26.4,19.3,108
2022-04-13,1.3,,5.5,0.8,128,0.3,211,,-9,12.0,15.9,13.1,108
2022-04-14,,,-9.0,,-9,,-9,,-9,11.4,15.3,13.2,108
2022-04-15,,,-9.0,,-9,,-9,,-9,7.5,19.3,13.3,108
2022-04-16,,,-9.0,,-9,,-9,,-9,7.1,20.2,13.2,108
2022-04-17,,,-9.0,,-9,,-9,,-9,7.2,21.9,14.0,108
2022-04-18,,,-9.0,,-9,,-9,,-9,11.4,21.6,15.2,108
2022-04-19,,,-9.0,,-9,,-9,,-9,8.9,22.1,15.2,108
2022-04-20,,,-9.0,,-9,,-9,,-9,9.7,22.1,15.7,108
2022-04-21,,,-9.0,,-9,,-9,,-9,9.6,22.7,16.3,108
2022-04-22,,,-9.0,,-9,,-9,,-9,13.2,16.8,15.0,108
2022-04-23,,0.3,-9.0,,-9,,-9,,-9,10.4,25.3,17.7,108
2022-04-24,0.3,1.1,4.75,0.2,-9,0.1,-9,,-9,15.0,24.5,18.5,108
2022-04-25,1.3,1.2,11.25,0.3,529,0.1,-9,,-9,17.0,23.6,20.0,108
2022-04-26,1.0,,4.83,0.8,237,0.3,249,,-9,17.0,28.7,21.9,108
2022-04-27,,,-9.0,,-9,,-9,,-9,12.6,23.9,17.7,108
2022-04-28,0.0,15.5,0.25,0.0,-9,0.0,-9,,-9,11.6,25.9,18.2,108
2022-04-29,15.5,0.0,9.75,4.0,423,0.9,454,,-9,10.7,16.5,13.4,108
2022-04-30,,,-9.0,,-9,,-9,,-9,10.5,17.8,13.0,108
2022-05-01,,,-9.0,,-9,,-9,,-9,7.9,19.2,13.4,108
2022-05-02,,,-9.0,,-9,,-9,,-9,9.1,19.4,14.2,108
2022-05-03,,,-9.0,,-9,,-9,,-9,9.1,20.8,14.8,108
2022-05-04,,,-9.0,,-9,,-9,,-9,10.0,25.2,17.8,108
2022-05-05,,,-9.0,,-9,,-9,,-9,12.5,25.8,18.9,108
2022-05-06,,0.5,-9.0,,-9,,-9,,-9,13.7,25.6,19.6,108
2022-05-07,0.5,,3.92,0.2,-9,0.2,-9,,-9,15.3,23.1,18.4,108
2022-05-08,2.0,2.0,5.58,1.1,2110,0.4,2113,,-9,11.7,18.2,15.3,108
2022-05-09,,,-9.0,,-9,,-9,,-9,11.0,25.3,17.9,108
2022-05-10,0.0,0.0,1.33,0.0,-9,0.0,-9,,-9,13.6,26.3,19.9,108
2022-05-11,0.0,,0.92,0.0,-9,0.0,-9,,-9,16.6,25.2,19.7,108
2022-05-12,,,-9.0,,-9,,-9,,-9,14.1,28.1,20.9,108
2022-05-13,,,-9.0,,-9,,-9,,-9,15.0,25.2,19.4,108
2022-05-14,,,-9.0,,-9,,-9,,-9,11.9,20.0,15.7,108
2022-05-15,,,-9.0,,-9,,-9,,-9,10.5,22.4,16.2,108
2022-05-16,,,-9.0,,-9,,-9,,-9,10.9,23.7,17.3,108
2022-05-17,,0.0,-9.0,,-9,,-9,,-9,13.0,27.4,20.0,108
2022-05-18,1.5,1.5,2.33,1.5,853,0.6,911,,-9,15.7,25.4,20.0,108
2022-05-19,,,-9.0,,-9,,-9,,-9,16.1,24.2,19.9,108
2022-05-20,,,-9.0,,-9,,-9,,-9,15.6,25.8,20.6,108
2022-05-21,,,-9.0,,-9,,-9,,-9,16.1,26.0,20.1,108
2022-05-22,,,-9.0,,-9,,-9,,-9,15.7,25.8,20.3,108
2022-05-23,,,-9.0,,-9,,-9,,-9,17.8,30.7,23.0,108
2022-05-24,,,-9.0,,-9,,-9,,-9,16.7,30.2,22.9,108
2022-05-25,3.5,3.5,4.92,2.9,2100,1.4,2112,,-9,16.7,26.7,21.0,108
2022-05-26,0.0,0.0,0.75,0.0,-9,0.0,-9,,-9,14.1,23.5,18.7,108
2022-05-27,0.0,,0.17,0.0,-9,0.0,-9,,-9,16.0,25.6,20.0,108
2022-05-28,,,-9.0,,-9,,-9,,-9,15.0,29.3,22.3,108
2022-05-29,,0.0,-9.0,,-9,,-9,,-9,19.3,29.7,23.1,108
2022-05-30,0.0,0.0,1.08,0.0,-9,0.0,-9,,-9,17.2,24.7,20.8,108
2022-05-31,,,-9.0,,-9,,-9,,-9,14.2,27.2,20.7,108
2022-06-01,,,-9.0,,-9,,-9,,-9,16.2,28.6,22.1,108
2022-06-02,,,-9.0,,-9,,-9,,-9,17.1,26.9,21.5,108
2022-06-03,,,-9.0,,-9,,-9,,-9,18.7,32.6,24.5,108
2022-06-04,,0.0,-9.0,,-9,,-9,,-9,20.3,29.7,25.6,108
2022-06-05,0.0,3.5,1.58,0.0,-9,0.0,-9,,-9,20.2,27.0,22.7,108
2022-06-06,4.3,0.8,8.0,1.7,638,1.2,233,,-9,16.7,24.5,19.7,108
2022-06-07,0.0,,0.67,0.0,-9,0.0,-9,,-9,15.1,25.1,20.6,108
2022-06-08,,0.1,-9.0,,-9,,-9,,-9,16.2,25.8,21.2,108
2022-06-09,2.6,2.5,4.33,2.5,1245,1.3,1259,,-9,18.5,24.5,20.9,108
2022-06-10,1.2,1.2,2.67,1.2,1338,0.7,1410,,-9,17.2,26.6,20.9,108
2022-06-11,,,-9.0,,-9,,-9,,-9,17.7,32.7,24.6,108
2022-06-12,,18.0,-9.0,,-9,,-9,,-9,18.9,31.5,24.6,108
2022-06-13,18.0,0.0,3.83,15.9,243,6.7,323,,-9,19.6,29.2,23.6,108
2022-06-14,0.0,10.5,1.67,0.0,-9,0.0,-9,,-9,17.7,27.1,21.5,108
2022-06-15,18.5,8.7,17.58,5.8,144,1.6,203,,-9,14.9,20.1,17.5,108
2022-06-16,0.7,,4.33,0.3,35,0.3,47,,-9,17.6,24.8,20.3,108
2022-06-17,,,-9.0,,-9,,-9,,-9,16.5,28.1,22.5,108
2022-06-18,0.0,0.0,0.25,0.0,-9,0.0,-9,,-9,22.0,25.1,23.3,108
2022-06-19,,,-9.0,,-9,,-9,,-9,22.3,25.1,23.4,108
2022-06-20,,,-9.0,,-9,,-9,,-9,22.0,29.0,25.2,108
2022-06-21,,,-9.0,,-9,,-9,,-9,21.2,32.6,26.5,108
2022-06-22,,0.8,-9.0,,-9,,-9,,-9,21.9,31.0,25.9,108
2022-06-23,103.0,121.3,13.5,34.4,1754,8.9,1839,,-9,23.3,26.4,24.3,108
2022-06-24,19.1,0.0,6.83,14.4,1,5.5,2,,-9,20.6,24.9,22.6,108
2022-06-25,,,-9.0,,-9,,-9,,-9,21.5,30.5,26.0,108
2022-06-26,,1.2,-9.0,,-9,,-9,,-9,24.8,28.1,26.5,108
2022-06-27,6.1,6.1,14.25,1.6,1145,1.2,1331,,-9,25.4,28.1,26.8,108
2022-06-28,6.3,16.5,14.08,3.2,1317,3.1,1403,,-9,25.7,27.9,26.9,108
2022-06-29,37.8,114.7,20.75,10.6,1133,6.9,1212,,-9,24.4,26.1,25.1,108
2022-06-30,176.2,87.9,22.83,24.0,953,10.9,1019,,-9,21.2,24.5,22.3,108
2022-07-01,,,-9.0,,-9,,-9,,-9,21.9,30.9,26.6,108
2022-07-02,,,-9.0,,-9,,-9,,-9,24.0,33.8,28.8,108
2022-07-03,,,-9.0,,-9,,-9,,-9,24.4,34.2,29.3,108
2022-07-04,0.0,0.0,0.83,0.0,-9,0.0,-9,,-9,26.4,32.6,29.3,108
2022-07-05,0.0,0.0,1.42,0.0,-9,0.0,-9,,-9,26.7,33.1,29.2,108
2022-07-06,16.1,16.1,2.5,15.6,2154,9.6,2202,,-9,26.2,33.3,29.5,108
2022-07-07,0.0,1.7,3.67,0.0,-9,0.0,-9,,-9,26.4,31.0,28.2,108
2022-07-08,1.7,0.1,6.25,1.7,55,1.7,127,,-9,24.0,27.9,25.8,108
2022-07-09,0.1,,6.0,0.1,-9,0.1,-9,,-9,24.0,30.9,26.9,108
2022-07-10,0.0,1.1,0.42,0.0,-9,0.0,-9,,-9,24.6,35.1,29.2,108
2022-07-11,9.0,7.9,2.5,7.7,1527,4.9,1603,,-9,24.7,30.6,27.0,108
2022-07-12,,2.2,-9.0,,-9,,-9,,-9,23.2,29.4,26.8,108
2022-07-13,114.5,113.2,19.98,30.3,1424,8.1,1514,,-9,24.0,27.1,25.0,108
2022-07-14,0.9,,5.92,0.5,427,0.2,-9,,-9,23.3,29.9,25.7,108
2022-07-15,,0.0,-9.0,,-9,,-9,,-9,23.0,30.3,26.0,108
2022-07-16,34.0,34.0,4.08,33.8,1630,14.1,1705,,-9,23.2,28.2,24.8,108
2022-07-17,0.0,0.0,1.5,0.0,-9,0.0,-9,,-9,22.5,29.7,25.5,108
2022-07-18,,,-9.0,,-9,,-9,,-9,23.1,30.1,26.8,108
2022-07-19,,,-9.0,,-9,,-9,,-9,24.3,31.1,27.4,108
2022-07-20,1.1,11.3,3.83,0.8,2238,0.6,2322,,-9,24.3,30.4,27.1,108
2022-07-21,10.4,0.2,10.83,3.4,522,1.7,522,,-9,20.8,25.2,23.2,108
2022-07-22,5.2,5.2,1.75,5.2,1235,4.0,1300,,-9,22.9,27.5,25.1,108
2022-07-23,9.9,11.1,8.58,4.2,2154,1.8,1937,,-9,22.3,28.0,24.8,108
2022-07-24,1.2,0.0,3.67,1.6,-2343,0.6,1,,-9,22.0,28.4,25.0,108
2022-07-25,,,-9.0,,-9,,-9,,-9,23.6,32.0,27.5,108
2022-07-26,,,-9.0,,-9,,-9,,-9,24.4,33.1,28.9,108
2022-07-27,,,-9.0,,-9,,-9,,-9,26.4,33.4,29.3,108
2022-07-28,,,-9.0,,-9,,-9,,-9,25.1,34.4,29.7,108
2022-07-29,,,-9.0,,-9,,-9,,-9,27.3,34.3,30.7,108
2022-07-30,1.0,1.0,2.33,1.0,1445,1.0,1452,,-9,27.3,36.1,30.9,108
2022-07-31,47.2,77.1,15.75,18.0,2141,8.1,2146,,-9,25.4,29.0,27.2,108
2022-08-01,30.0,15.8,14.83,13.3,517,5.1,537,,-9,25.4,32.4,28.6,108
2022-08-02,33.5,67.6,18.58,7.6,212,3.3,1734,,-9,25.5,28.5,26.8,108
2022-08-03,51.1,1.3,13.25,17.9,416,6.6,448,,-9,25.2,30.0,27.1,108
2022-08-04,0.0,0.0,0.42,0.0,-9,0.0,-9,,-9,26.0,32.9,28.9,108
2022-08-05,0.0,0.0,0.5,0.0,-9,0.0,-9,,-9,27.0,32.7,29.4,108
2022-08-06,13.6,14.5,1.67,11.4,1050,9.5,1110,,-9,27.4,30.3,28.7,108
2022-08-07,0.9,2.8,3.33,0.9,835,0.9,846,,-9,27.2,31.7,28.9,108
2022-08-08,129.6,133.4,20.92,38.1,1734,14.9,1747,,-9,,28.4,26.8,108
2022-08-09,123.1,122.3,21.5,27.1,1943,17.7,1746,,-9,22.0,26.5,25.1,108
2022-08-10,7.6,40.6,6.5,10.0,-2340,2.2,-2356,,-9,21.4,28.8,24.7,108
2022-08-11,38.8,0.0,10.67,25.6,351,6.9,412,,-9,23.4,27.5,25.0,108
2022-08-12,,,-9.0,,-9,,-9,,-9,23.0,32.4,27.0,108
2022-08-13,4.0,4.0,4.67,2.0,1218,0.7,1220,,-9,24.7,27.5,25.8,108
2022-08-14,3.0,3.0,1.5,3.0,1725,2.9,1728,,-9,24.5,31.5,27.6,108
2022-08-15,0.9,0.9,4.42,0.7,1801,0.6,1847,,-9,26.6,29.8,28.1,108
2022-08-16,0.0,,0.75,0.0,-9,0.0,-9,,-9,24.1,30.0,26.7,108
2022-08-17,0.0,0.0,0.75,0.0,-9,0.0,-9,,-9,22.8,30.5,26.0,108
2022-08-18,,,-9.0,,-9,,-9,,-9,22.4,29.8,25.6,108
2022-08-19,66.1,66.1,10.33,47.1,1543,14.2,1632,,-9,23.3,27.5,26.0,108
2022-08-20,0.0,,1.83,0.2,-9,0.0,-9,,-9,25.7,32.0,28.2,108
2022-08-21,,,-9.0,,-9,,-9,,-9,24.7,32.0,28.1,108
2022-08-22,3.2,5.4,2.0,2.7,2139,1.0,2146,,-9,22.9,30.2,26.8,108
2022-08-23,2.2,,6.17,1.0,418,0.3,419,,-9,22.4,30.2,25.4,108
2022-08-24,,0.0,-9.0,,-9,,-9,,-9,22.4,27.9,24.8,108
2022-08-25,1.6,1.6,7.08,0.8,1102,0.3,1125,,-9,21.1,24.0,22.2,108
2022-08-26,,17.6,-9.0,,-9,,-9,,-9,19.9,28.4,23.8,108
2022-08-27,17.6,,0.58,17.6,140,14.8,151,,-9,17.6,25.5,21.5,108
2022-08-28,,1.1,-9.0,,-9,,-9,,-9,16.1,28.4,22.6,108
2022-08-29,2.2,18.2,11.58,0.6,631,0.4,721,,-9,19.5,22.5,21.0,108
2022-08-30,35.8,18.7,21.42,4.2,250,0.9,250,,-9,17.9,20.3,19.1,108
2022-08-31,0.0,0.0,4.17,0.0,-9,0.0,-9,,-9,19.6,24.9,21.7,108
2022-09-01,,,-9.0,,-9,,-9,,-9,18.3,30.4,24.0,108
2022-09-02,,,-9.0,,-9,,-9,,-9,20.3,29.8,24.7,108
2022-09-03,,2.5,-9.0,,-9,,-9,,-9,20.5,29.2,24.2,108
2022-09-04,33.8,39.3,13.67,9.7,2135,3.8,1824,,-9,19.8,24.0,22.3,108
2022-09-05,120.0,137.1,24.0,12.8,1025,2.9,1544,,-9,17.7,22.7,19.2,108
2022-09-06,25.3,,8.92,8.9,151,1.8,238,,-9,17.0,26.3,21.0,108
2022-09-07,,,-9.0,,-9,,-9,,-9,17.9,28.1,22.8,108
2022-09-08,,,-9.0,,-9,,-9,,-9,16.7,29.5,23.2,108
2022-09-09,,,-9.0,,-9,,-9,,-9,18.9,30.8,24.3,108
2022-09-10,,,-9.0,,-9,,-9,,-9,19.0,28.4,23.6,108
2022-09-11,0.1,0.1,1.83,0.1,-9,0.1,-9,,-9,20.6,26.4,23.3,108
2022-09-12,,,-9.0,,-9,,-9,,-9,20.3,27.5,23.8,108
2022-09-13,0.0,0.0,4.83,0.0,-9,0.0,-9,,-9,21.8,26.4,24.3,108
2022-09-14,0.0,,1.17,0.0,-9,0.0,-9,,-9,22.7,27.9,24.6,108
2022-09-15,0.1,0.1,0.42,0.1,-9,0.1,-9,,-9,22.0,28.3,25.2,108
2022-09-16,14.6,18.9,5.5,8.6,2321,7.2,1645,,-9,23.4,29.9,25.7,108
2022-09-17,4.3,,1.92,4.3,1,2.0,8,,-9,23.3,29.4,25.6,108
2022-09-18,,,-9.0,,-9,,-9,,-9,23.0,32.5,27.1,108
2022-09-19,,,-9.0,,-9,,-9,,-9,19.5,29.6,24.6,108
2022-09-20,,,-9.0,,-9,,-9,,-9,16.1,24.6,19.9,108
2022-09-21,,,-9.0,,-9,,-9,,-9,13.0,25.6,19.4,108
2022-09-22,,,-9.0,,-9,,-9,,-9,14.2,24.7,19.8,108
2022-09-23,3.3,3.3,0.67,3.3,1115,3.3,1130,,-9,14.7,22.2,17.5,108
2022-09-24,,,-9.0,,-9,,-9,,-9,12.3,24.2,18.5,108
2022-09-25,,,-9.0,,-9,,-9,,-9,15.4,25.2,19.6,108
2022-09-26,,,-9.0,,-9,,-9,,-9,14.8,25.4,20.0,108
2022-09-27,,,-9.0,,-9,,-9,,-9,14.0,28.0,20.9,108
2022-09-28,,,-9.0,,-9,,-9,,-9,16.1,26.1,20.4,108
2022-09-29,,,-9.0,,-9,,-9,,-9,16.4,26.5,20.4,108
2022-09-30,,,-9.0,,-9,,-9,,-9,14.8,27.7,20.7,108
2022-10-01,,0.1,-9.0,,-9,,-9,,-9,14.4,27.6,20.9,108
2022-10-02,15.8,37.5,15.08,6.1,1725,1.7,2214,,-9,17.2,21.6,19.4,108
2022-10-03,76.0,66.0,22.58,14.7,2219,7.4,1143,,-9,17.5,23.4,21.4,108
2022-10-04,11.8,0.1,7.08,7.0,30,2.1,111,,-9,14.2,23.0,17.9,108
2022-10-05,0.1,,3.58,0.1,-9,0.1,-9,,-9,14.1,21.6,16.6,108
2022-10-06,0.0,0.0,2.25,0.0,-9,0.0,-9,,-9,12.7,19.1,15.8,108
2022-10-07,,,-9.0,,-9,,-9,,-9,11.0,18.6,14.3,108
2022-10-08,,0.3,-9.0,,-9,,-9,,-9,11.1,21.6,15.8,108
2022-10-09,20.4,20.1,13.67,4.2,1840,3.0,1843,,-9,10.7,14.5,13.1,108
2022-10-10,0.0,0.0,4.58,0.0,-9,0.0,-9,,-9,8.2,11.9,9.9,108
2022-10-11,,,-9.0,,-9,,-9,,-9,7.4,16.4,11.1,108
2022-10-12,,,-9.0,,-9,,-9,,-9,6.5,20.6,13.5,108
2022-10-13,,,-9.0,,-9,,-9,,-9,10.7,22.7,16.3,108
2022-10-14,,,-9.0,,-9,,-9,,-9,12.4,23.0,17.1,108
2022-10-15,,,-9.0,,-9,,-9,,-9,12.6,24.4,18.2,108
2022-10-16,,,-9.0,,-9,,-9,,-9,15.1,20.5,16.9,108
2022-10-17,,,-9.0,,-9,,-9,,-9,7.4,15.1,11.2,108
2022-10-18,,,-9.0,,-9,,-9,,-9,5.0,14.2,9.4,108
2022-10-19,,,-9.0,,-9,,-9,,-9,4.4,16.8,10.5,108
2022-10-20,,,-9.0,,-9,,-9,,-9,6.0,19.7,12.9,108
2022-10-21,,,-9.0,,-9,,-9,,-9,8.8,20.9,14.0,108
2022-10-22,,,-9.0,,-9,,-9,,-9,10.5,20.8,15.1,108
2022-10-23,,,-9.0,,-9,,-9,,-9,10.4,18.6,14.0,108
2022-10-24,,,-9.0,,-9,,-9,,-9,7.5,14.8,10.6,108
2022-10-25,,,-9.0,,-9,,-9,,-9,5.9,17.6,11.3,108
2022-10-26,,,-9.0,,-9,,-9,,-9,8.0,17.8,12.9,108
2022-10-27,,,-9.0,,-9,,-9,,-9,8.6,18.9,13.2,108
2022-10-28,,,-9.0,,-9,,-9,,-9,8.2,20.6,13.6,108
2022-10-29,,,-9.0,,-9,,-9,,-9,10.2,21.3,14.8,108
2022-10-30,,,-9.0,,-9,,-9,,-9,10.4,21.3,14.9,108
2022-10-31,,,-9.0,,-9,,-9,,-9,11.2,21.1,14.9,108
2022-11-01,,,-9.0,,-9,,-9,,-9,9.4,17.8,13.1,108
2022-11-02,,,-9.0,,-9,,-9,,-9,5.5,17.9,11.1,108
2022-11-03,0.0,0.0,1.75,,-9,,-9,,-9,5.6,13.4,9.3,108
2022-11-04,,,-9.0,,-9,,-9,,-9,1.6,9.8,4.9,108
2022-11-05,,,-9.0,,-9,,-9,,-9,0.8,13.6,6.5,108
2022-11-06,,,-9.0,,-9,,-9,,-9,3.7,16.4,9.6,108
2022-11-07,0.0,0.0,0.17,,-9,,-9,,-9,6.1,16.6,11.4,108
2022-11-08,,,-9.0,,-9,,-9,,-9,9.7,17.9,12.9,108
2022-11-09,,,-9.0,,-9,,-9,,-9,6.7,16.0,11.4,108
2022-11-10,,,-9.0,,-9,,-9,,-9,8.8,19.1,13.5,108
2022-11-11,,,-9.0,,-9,,-9,,-9,10.9,22.1,15.6,108
2022-11-12,57.9,57.9,7.5,,-9,,-9,,-9,11.6,22.0,16.3,108
2022-11-13,,,-9.0,,-9,,-9,,-9,8.7,17.3,10.3,108
2022-11-14,,,-9.0,,-9,,-9,,-9,5.9,13.8,9.7,108
2022-11-15,1.6,1.6,2.25,,-9,,-9,,-9,4.0,12.3,8.1,108
2022-11-16,,,-9.0,,-9,,-9,,-9,5.5,13.0,8.5,108
2022-11-17,,,-9.0,,-9,,-9,,-9,5.4,16.6,10.2,108
2022-11-18,,,-9.0,,-9,,-9,,-9,5.3,18.1,11.0,108
2022-11-19,,,-9.0,,-9,,-9,,-9,8.7,19.2,12.9,108
2022-11-20,,,-9.0,,-9,,-9,,-9,9.5,20.2,13.7,108
2022-11-21,,,-9.0,,-9,,-9,,-9,9.3,16.2,11.8,108
2022-11-22,0.0,0.0,2.17,,-9,,-9,,-9,7.0,13.7,10.7,108
2022-11-23,0.0,,1.5,,-9,,-9,,-9,6.8,15.2,10.8,108
2022-11-24,,,-9.0,,-9,,-9,,-9,5.9,14.1,9.4,108
2022-11-25,1.7,1.7,1.32,,-9,,-9,,-9,7.1,17.8,12.3,108
2022-11-26,,,-9.0,,-9,,-9,,-9,1.0,12.9,6.7,108
2022-11-27,,0.3,-9.0,,-9,,-9,,-9,-1.1,11.5,5.4,108
2022-11-28,19.5,23.0,11.58,,-9,,-9,,-9,7.5,15.0,12.3,108
2022-11-29,3.8,0.0,7.58,,-9,,-9,,-9,-1.6,15.0,6.9,108
2022-11-30,,,-9.0,,-9,,-9,,-9,-8.1,-1.6,-5.4,108
2022-12-01,,,-9.0,,-9,,-9,,-9,-9.4,-1.2,-5.4,108
2022-12-02,,1.1,-9.0,,-9,,-9,,-9,-7.6,3.0,-2.5,108
2022-12-03,1.1,0.0,7.33,,-9,,-9,,-9,-0.3,7.0,2.1,108
2022-12-04,,,-9.0,,-9,,-9,,-9,-5.2,-0.2,-3.5,108
2022-12-05,,0.1,-9.0,,-9,,-9,,-9,-7.0,1.9,-3.1,108
2022-12-06,0.1,0.1,4.75,,-9,,-9,,-9,-3.9,5.3,0.9,108
2022-12-07,0.1,,3.33,,-9,,-9,,-9,1.2,9.0,4.9,108
2022-12-08,,0.0,-9.0,,-9,,-9,,-9,0.1,9.1,3.7,108
2022-12-09,0.0,,0.58,,-9,,-9,,-9,0.9,10.2,4.5,108
2022-12-10,,,-9.0,,-9,,-9,,-9,-0.6,6.7,2.6,108
2022-12-11,,,-9.0,,-9,,-9,,-9,-1.5,6.8,1.6,108
2022-12-12,5.4,5.4,5.08,,-9,,-9,,-9,-2.0,6.3,2.0,108
2022-12-13,0.6,0.6,6.17,,-9,,-9,,-9,-6.4,3.1,0.0,108
2022-12-14,,0.0,-9.0,,-9,,-9,,-9,-11.0,-4.9,-8.4,108
2022-12-15,2.4,2.4,6.67,,-9,,-9,,-9,-8.5,-1.3,-4.5,108
2022-12-16,,0.2,-9.0,,-9,,-9,,-9,-9.6,-2.2,-6.3,108
2022-12-17,0.2,,2.33,,-9,,-9,,-9,-9.8,-3.2,-7.0,108
2022-12-18,,,-9.0,,-9,,-9,,-9,-12.4,-5.6,-9.5,108
2022-12-19,,,-9.0,,-9,,-9,,-9,-12.0,-2.5,-7.0,108
2022-12-20,,3.4,-9.0,,-9,,-9,,-9,-9.5,2.9,-3.2,108
2022-12-21,3.6,0.2,9.17,,-9,,-9,,-9,-2.6,2.6,-0.1,108
2022-12-22,,,-9.0,,-9,,-9,,-9,-11.3,-2.6,-7.8,108
2022-12-23,,,-9.0,,-9,,-9,,-9,-13.7,-8.6,-11.8,108
2022-12-24,,,-9.0,,-9,,-9,,-9,-13.5,-2.0,-8.4,108
2022-12-25,,,-9.0,,-9,,-9,,-9,-9.6,0.2,-5.4,108
2022-12-26,,,-9.0,,-9,,-9,,-9,-7.9,1.7,-3.9,108
2022-12-27,,0.1,-9.0,,-9,,-9,,-9,-7.3,3.3,-2.6,108
2022-12-28,0.1,,3.0,,-9,,-9,,-9,-6.0,0.1,-3.3,108
2022-12-29,0.0,0.0,4.33,,-9,,-9,,-9,-7.8,2.1,-2.9,108
2022-12-30,0.0,0.0,2.58,,-9,,-9,,-9,-4.4,2.3,-1.8,108
2022-12-31,0.0,0.0,1.42,,-9,,-9,,-9,-5.1,2.1,-1.2,108
2023-01-01,,,-9.0,,-9,,-9,,-9,-4.3,3.8,-0.2,108
2023-01-02,,,-9.0,,-9,,-9,,-9,-7.4,-0.4,-4.5,108
2023-01-03,,,-9.0,,-9,,-9,,-9,,0.6,-5.0,108
2023-01-04,,,-9.0,,-9,,-9,,-9,-5.7,3.3,-1.8,108
2023-01-05,,,-9.0,,-9,,-9,,-9,-5.6,3.6,-1.6,108
2023-01-06,3.9,4.0,4.78,,-9,,-9,,-9,-4.7,5.7,0.6,108
2023-01-07,0.1,,1.42,,-9,,-9,,-9,-1.4,3.8,1.5,108
2023-01-08,,,-9.0,,-9,,-9,,-9,-3.7,6.3,1.3,108
2023-01-09,,,-9.0,,-9,,-9,,-9,-1.3,7.0,3.1,108
2023-01-10,,,-9.0,,-9,,-9,,-9,-3.9,9.1,1.6,108
2023-01-11,,,-9.0,,-9,,-9,,-9,-2.0,9.2,2.6,108
2023-01-12,0.0,35.6,0.92,,-9,,-9,,-9,-0.6,12.5,5.9,108
2023-01-13,37.3,1.9,23.08,,-9,,-9,,-9,5.1,10.1,8.3,108
2023-01-14,1.6,4.1,16.33,,-9,,-9,,-9,3.8,8.4,6.6,108
2023-01-15,3.2,0.5,23.17,,-9,,-9,,-9,-3.5,3.8,-0.2,108
2023-01-16,0.0,,8.5,,-9,,-9,,-9,-6.8,-1.2,-4.6,108
2023-01-17,0.0,0.0,2.92,,-9,,-9,,-9,-7.0,-0.4,-3.7,108
2023-01-18,0.0,,1.5,,-9,,-9,,-9,-4.6,2.2,-1.9,108
2023-01-19,1.0,1.0,4.0,,-9,,-9,,-9,-6.0,4.3,-0.4,108
2023-01-20,,,-9.0,,-9,,-9,,-9,-7.7,2.0,-3.3,108
2023-01-21,,,-9.0,,-9,,-9,,-9,-10.5,1.5,-4.5,108
2023-01-22,0.0,0.0,2.0,,-9,,-9,,-9,-2.8,2.6,-0.6,108
2023-01-23,,0.0,-9.0,,-9,,-9,,-9,-6.9,4.6,-0.8,108
2023-01-24,0.0,,0.92,,-9,,-9,,-9,-17.0,-6.9,-14.7,108
2023-01-25,0.0,0.8,0.17,,-9,,-9,,-9,-17.3,-5.4,-11.3,108
2023-01-26,0.8,0.0,14.92,,-9,,-9,,-9,,-3.5,-6.0,108
2023-01-27,,,-9.0,,-9,,-9,,-9,-9.6,-3.8,-7.3,108
2023-01-28,0.0,0.0,0.17,,-9,,-9,,-9,-11.2,-0.6,-6.0,108
2023-01-29,,,-9.0,,-9,,-9,,-9,-8.0,4.9,-1.8,108
2023-01-30,,,-9.0,,-9,,-9,,-9,-4.4,4.2,-0.9,108
2023-01-31,,,-9.0,,-9,,-9,,-9,-3.5,7.8,2.4,108
2023-02-01,,,-9.0,,-9,,-9,,-9,-3.0,6.0,0.9,108
2023-02-02,,,-9.0,,-9,,-9,,-9,-5.1,1.4,-2.4,108
2023-02-03,,,-9.0,,-9,,-9,,-9,-3.9,3.4,-1.6,108
2023-02-04,,,-9.0,,-9,,-9,,-9,-5.2,6.0,-0.2,108
2023-02-05,,,-9.0,,-9,,-9,,-9,-3.3,7.1,1.7,108
2023-02-06,,,-9.0,,-9,,-9,,-9,-1.7,8.8,3.0,108
2023-02-07,,,-9.0,,-9,,-9,,-9,-0.6,9.5,3.5,108
2023-02-08,,,-9.0,,-9,,-9,,-9,-1.3,7.8,2.1,108
2023-02-09,0.0,0.6,0.67,,-9,,-9,,-9,-2.8,9.9,4.0,108
2023-02-10,0.6,0.0,9.92,,-9,,-9,,-9,1.1,6.2,3.8,108
2023-02-11,,,-9.0,,-9,,-9,,-9,-1.2,8.5,2.8,108
2023-02-12,,,-9.0,,-9,,-9,,-9,-0.9,7.6,3.7,108
2023-02-13,,,-9.0,,-9,,-9,,-9,2.7,8.4,5.9,108
2023-02-14,,,-9.0,,-9,,-9,,-9,-2.5,6.6,1.7,108
2023-02-15,,,-9.0,,-9,,-9,,-9,-1.2,8.9,3.2,108
2023-02-16,0.0,0.0,0.42,,-9,,-9,,-9,-0.7,4.5,2.3,108
2023-02-17,,,-9.0,,-9,,-9,,-9,-1.5,9.8,3.4,108
2023-02-18,,0.4,-9.0,,-9,,-9,,-9,3.0,8.1,5.7,108
2023-02-19,0.4,,2.92,,-9,,-9,,-9,0.2,6.1,3.5,108
2023-02-20,,,-9.0,,-9,,-9,,-9,-3.5,2.4,-0.5,108
2023-02-21,,,-9.0,,-9,,-9,,-9,-5.3,4.8,-1.3,108
2023-02-22,,,-9.0,,-9,,-9,,-9,-4.5,8.4,1.2,108
2023-02-23,,,-9.0,,-9,,-9,,-9,-1.8,9.2,2.9,108
2023-02-24,,,-9.0,,-9,,-9,,-9,-0.4,8.5,3.5,108
2023-02-25,,,-9.0,,-9,,-9,,-9,-2.9,5.7,0.7,108
2023-02-26,,,-9.0,,-9,,-9,,-9,-3.4,9.4,2.2,108
2023-02-27,,,-9.0,,-9,,-9,,-9,-1.8,12.4,4.4,108
2023-02-28,,,-9.0,,-9,,-9,,-9,-0.7,8.7,4.3,108
2023-03-01,,,-9.0,,-9,,-9,,-9,2.9,9.0,6.0,108
2023-03-02,,,-9.0,,-9,,-9,,-9,-1.8,6.6,2.2,108
2023-03-03,,,-9.0,,-9,,-9,,-9,-1.9,10.4,4.6,108
2023-03-04,,,-9.0,,-9,,-9,,-9,3.7,14.1,7.7,108
2023-03-05,,,-9.0,,-9,,-9,,-9,2.5,15.4,8.0,108
2023-03-06,,,-9.0,,-9,,-9,,-9,2.2,16.5,9.2,108
2023-03-07,,,-9.0,,-9,,-9,,-9,6.3,19.4,11.7,108
2023-03-08,1.2,4.8,1.08,,-9,,-9,,-9,7.4,17.7,12.5,108
2023-03-09,3.7,0.1,4.83,,-9,,-9,,-9,7.4,13.1,10.3,108
2023-03-10,,,-9.0,,-9,,-9,,-9,6.2,22.2,13.5,108
2023-03-11,,1.4,-9.0,,-9,,-9,,-9,10.2,22.8,15.2,108
2023-03-12,5.6,4.2,6.33,,-9,,-9,,-9,0.6,12.6,5.9,108
2023-03-13,,,-9.0,,-9,,-9,,-9,-1.9,7.6,2.9,108
2023-03-14,,,-9.0,,-9,,-9,,-9,3.3,15.4,9.2,108
2023-03-15,,,-9.0,,-9,,-9,,-9,3.5,14.4,8.6,108
2023-03-16,,,-9.0,,-9,,-9,,-9,0.4,9.0,4.6,108
2023-03-17,,,-9.0,,-9,,-9,,-9,0.7,12.7,7.2,108
2023-03-18,,,-9.0,,-9,,-9,,-9,2.5,14.0,7.7,108
2023-03-19,,,-9.0,,-9,,-9,,-9,2.3,15.2,8.3,108
2023-03-20,,,-9.0,,-9,,-9,,-9,2.6,17.1,9.5,108
2023-03-21,,,-9.0,,-9,,-9,,-9,5.0,22.2,13.0,108
2023-03-22,,0.0,-9.0,,-9,,-9,,-9,9.2,25.1,17.0,108
2023-03-23,0.0,,2.92,,-9,,-9,,-9,12.3,23.3,17.4,108
2023-03-24,,,-9.0,,-9,,-9,,-9,7.6,18.3,12.5,108
2023-03-25,,,-9.0,,-9,,-9,,-9,8.0,18.7,12.5,108
2023-03-26,,,-9.0,,-9,,-9,,-9,4.7,14.0,9.4,108
2023-03-27,,,-9.0,,-9,,-9,,-9,1.9,14.5,7.3,108
2023-03-28,,,-9.0,,-9,,-9,,-9,2.8,15.7,9.2,108
2023-03-29,,,-9.0,,-9,,-9,,-9,5.1,19.7,11.8,108
2023-03-30,,,-9.0,,-9,,-9,,-9,6.4,21.2,13.3,108
2023-03-31,,,-9.0,,-9,,-9,,-9,7.5,23.9,15.0,108
2023-04-01,,,-9.0,,-9,,-9,,-9,9.4,25.6,17.5,108
2023-04-02,,,-9.0,,-9,,-9,,-9,11.9,25.2,18.8,108
2023-04-03,,,-9.0,,-9,,-9,,-9,11.3,25.9,19.0,108
2023-04-04,6.9,34.3,5.08,3.1,2138,0.9,2220,,-9,12.7,21.7,17.6,108
2023-04-05,50.3,23.3,22.5,9.0,1210,2.4,1300,,-9,8.7,14.9,11.9,108
2023-04-06,2.7,2.3,19.17,1.5,1902,0.4,1924,,-9,7.4,9.7,8.8,108
2023-04-07,,,-9.0,,-9,,-9,,-9,4.6,15.7,8.9,108
2023-04-08,,,-9.0,,-9,,-9,,-9,3.1,14.9,8.8,108
2023-04-09,,,-9.0,,-9,,-9,,-9,3.5,17.8,10.8,108
2023-04-10,,,-9.0,,-9,,-9,,-9,6.2,19.1,13.2,108
2023-04-11,2.9,2.9,6.92,2.6,1254,2.2,1336,,-9,9.2,17.4,13.1,108
2023-04-12,,,-9.0,,-9,,-9,,-9,4.8,15.3,10.1,108
2023-04-13,0.0,0.0,0.25,0.0,-9,0.0,-9,,-9,5.1,17.2,11.9,108
2023-04-14,,,-9.0,,-9,,-9,,-9,11.9,21.3,16.2,108
2023-04-15,4.6,4.6,3.0,3.6,1037,1.8,1044,,-9,9.3,16.6,13.5,108
2023-04-16,0.0,0.0,0.48,0.0,-9,0.0,-9,,-9,7.5,16.1,10.8,108
2023-04-17,,0.9,-9.0,,-9,,-9,,-9,6.8,18.1,13.1,108
2023-04-18,1.5,0.6,8.42,0.6,920,0.2,-9,,-9,10.7,18.4,14.0,108
2023-04-19,,0.5,-9.0,,-9,,-9,,-9,11.5,28.4,19.1,108
2023-04-20,0.5,0.0,9.17,0.5,359,0.2,-9,,-9,14.5,18.9,15.8,108
2023-04-21,,,-9.0,,-9,,-9,,-9,11.4,22.8,16.7,108
2023-04-22,,,-9.0,,-9,,-9,,-9,12.2,22.5,16.9,108
2023-04-23,,,-9.0,,-9,,-9,,-9,10.7,22.1,16.1,108
2023-04-24,,0.0,-9.0,,-9,,-9,,-9,11.5,21.3,15.8,108
2023-04-25,0.4,0.4,13.25,0.4,1218,0.2,-9,,-9,9.0,13.2,10.9,108
2023-04-26,0.0,,0.58,0.0,-9,0.0,-9,,-9,7.4,13.5,10.2,108
2023-04-27,,,-9.0,,-9,,-9,,-9,5.1,20.0,12.9,108
2023-04-28,1.9,19.7,2.83,1.7,2251,0.6,2302,,-9,9.0,21.3,15.7,108
2023-04-29,25.1,7.3,13.83,4.9,303,1.6,346,,-9,9.9,15.8,13.2,108
2023-04-30,0.1,0.1,2.92,0.1,-9,0.1,-9,,-9,7.9,17.9,12.7,108
2023-05-01,,,-9.0,,-9,,-9,,-9,9.8,20.8,14.6,108
2023-05-02,,,-9.0,,-9,,-9,,-9,9.1,23.7,16.7,108
2023-05-03,,,-9.0,,-9,,-9,,-9,12.4,26.2,19.5,108
2023-05-04,,5.3,-9.0,,-9,,-9,,-9,15.6,25.8,21.4,108
2023-05-05,30.2,58.0,22.67,9.3,1538,3.7,1539,,-9,15.5,21.6,18.4,108
2023-05-06,47.5,14.4,16.42,9.3,230,2.4,251,,-9,11.7,15.5,12.6,108
2023-05-07,,,-9.0,,-9,,-9,,-9,11.1,18.6,14.4,108
2023-05-08,,,-9.0,,-9,,-9,,-9,7.9,22.0,15.3,108
2023-05-09,,,-9.0,,-9,,-9,,-9,10.0,24.4,17.0,108
2023-05-10,,,-9.0,,-9,,-9,,-9,10.7,26.0,18.4,108
2023-05-11,,,-9.0,,-9,,-9,,-9,12.8,26.7,19.5,108
2023-05-12,,,-9.0,,-9,,-9,,-9,13.1,24.7,18.4,108
2023-05-13,0.0,0.0,0.17,0.0,-9,0.0,-9,,-9,12.6,23.9,17.8,108
2023-05-14,,,-9.0,,-9,,-9,,-9,12.9,23.8,18.1,108
2023-05-15,,,-9.0,,-9,,-9,,-9,12.8,27.9,20.6,108
2023-05-16,,,-9.0,,-9,,-9,,-9,17.2,31.2,24.0,108
2023-05-17,,,-9.0,,-9,,-9,,-9,18.6,28.7,23.5,108
2023-05-18,1.3,1.3,0.83,1.3,1405,0.7,1415,,-9,18.8,27.6,21.2,108
2023-05-19,,,-9.0,,-9,,-9,,-9,16.7,27.8,22.3,108
2023-05-20,,0.2,-9.0,,-9,,-9,,-9,16.6,26.7,21.2,108
2023-05-21,0.2,,5.58,0.2,-9,0.2,-9,,-9,15.3,21.9,17.8,108
2023-05-22,0.0,0.0,0.33,0.0,-9,0.0,-9,,-9,15.9,26.8,20.3,108
2023-05-23,,,-9.0,,-9,,-9,,-9,14.1,26.9,20.5,108
2023-05-24,,,-9.0,,-9,,-9,,-9,14.8,25.9,20.6,108
2023-05-25,0.0,0.5,0.17,0.0,-9,0.0,-9,,-9,15.7,27.4,21.2,108
2023-05-26,0.5,0.0,2.0,0.5,-2345,0.4,35,,-9,15.8,27.3,21.4,108
2023-05-27,31.8,46.5,15.5,5.8,1810,2.0,1900,,-9,18.6,20.7,19.3,108
2023-05-28,41.8,29.4,24.0,4.9,56,1.6,133,,-9,18.4,20.2,19.2,108
2023-05-29,2.3,,7.5,1.4,35,0.4,102,,-9,19.0,28.5,23.2,108
2023-05-30,,,-9.0,,-9,,-9,,-9,20.5,28.9,24.0,108
2023-05-31,,,-9.0,,-9,,-9,,-9,18.8,28.2,22.8,108
2023-06-01,,,-9.0,,-9,,-9,,-9,19.7,26.3,22.8,108
2023-06-02,0.0,0.0,0.17,0.0,-9,0.0,-9,,-9,17.9,25.0,20.4,108
2023-06-03,,,-9.0,,-9,,-9,,-9,16.6,27.8,22.0,108
2023-06-04,,,-9.0,,-9,,-9,,-9,16.9,28.0,22.1,108
2023-06-05,,,-9.0,,-9,,-9,,-9,17.6,26.3,21.5,108
2023-06-06,0.0,0.0,0.92,0.0,-9,0.0,-9,,-9,17.3,25.2,20.3,108
2023-06-07,0.0,0.0,1.17,0.0,-9,0.0,-9,,-9,18.9,25.7,21.4,108
2023-06-08,1.9,3.1,5.33,1.5,2251,0.7,2300,,-9,18.3,23.9,20.4,108
2023-06-09,1.2,,3.42,0.6,113,0.5,20,,-9,18.3,28.4,23.3,108
2023-06-10,0.8,33.0,1.83,1.7,2331,0.6,2258,,-9,19.6,28.5,23.2,108
2023-06-11,32.2,0.0,5.42,16.1,312,9.5,355,,-9,17.9,27.3,22.1,108
2023-06-12,0.0,0.0,1.92,0.0,-9,0.0,-9,,-9,18.4,27.5,22.2,108
2023-06-13,0.0,,0.5,0.0,-9,0.0,-9,,-9,19.2,26.0,22.0,108
2023-06-14,30.6,30.6,2.25,30.6,1355,12.7,1412,,-9,17.5,25.0,20.6,108
2023-06-15,,,-9.0,,-9,,-9,,-9,17.7,28.3,22.7,108
2023-06-16,,,-9.0,,-9,,-9,,-9,19.1,28.9,23.7,108
2023-06-17,,,-9.0,,-9,,-9,,-9,18.9,30.2,24.2,108
2023-06-18,,,-9.0,,-9,,-9,,-9,20.8,32.6,25.9,108
2023-06-19,,,-9.0,,-9,,-9,,-9,23.3,34.0,28.5,108
2023-06-20,6.4,30.4,6.83,6.4,2331,2.3,2352,,-9,21.4,26.4,24.7,108
2023-06-21,24.9,0.9,14.67,8.4,302,3.3,339,,-9,19.2,22.1,20.5,108
2023-06-22,0.0,0.0,0.25,0.0,-9,0.0,-9,,-9,18.9,26.4,22.5,108
2023-06-23,,,-9.0,,-9,,-9,,-9,20.0,29.9,24.4,108
2023-06-24,,,-9.0,,-9,,-9,,-9,21.9,31.1,26.4,108
2023-06-25,,14.9,-9.0,,-9,,-9,,-9,22.8,33.1,28.2,108
2023-06-26,30.3,17.9,13.25,11.1,517,4.2,554,,-9,22.3,27.5,24.2,108
2023-06-27,2.5,0.0,2.5,2.5,113,1.0,153,,-9,21.4,29.1,25.3,108
2023-06-28,0.0,3.9,0.5,0.0,-9,0.0,-9,,-9,24.2,30.1,26.5,108
2023-06-29,63.8,60.5,17.83,33.8,1042,11.2,1115,,-9,23.2,25.9,24.2,108
2023-06-30,1.0,0.4,11.92,0.4,7,0.2,-9,,-9,23.2,29.1,25.3,108
2023-07-01,,,-9.0,,-9,,-9,,-9,23.3,32.9,27.7,108
2023-07-02,,,-9.0,,-9,,-9,,-9,23.5,30.6,26.7,108
2023-07-03,,,-9.0,,-9,,-9,,-9,24.1,34.9,29.1,108
2023-07-04,61.8,77.1,10.5,28.5,1921,11.1,1954,,-9,24.5,29.2,26.1,108
2023-07-05,15.3,,6.08,13.8,24,6.9,30,,-9,22.1,27.1,24.5,108
2023-07-06,,,-9.0,,-9,,-9,,-9,22.4,31.8,27.3,108
2023-07-07,,,-9.0,,-9,,-9,,-9,23.3,31.4,26.7,108
2023-07-08,,0.0,-9.0,,-9,,-9,,-9,22.4,29.7,25.6,108
2023-07-09,47.5,59.0,7.17,24.6,1027,18.1,1044,,-9,21.6,27.0,24.7,108
2023-07-10,11.5,2.2,0.67,11.5,530,10.8,540,,-9,22.9,30.9,26.3,108
2023-07-11,58.3,56.8,11.83,15.4,952,6.1,1014,,-9,21.6,25.9,23.5,108
2023-07-12,0.7,0.1,5.17,0.5,325,0.4,355,,-9,22.0,29.1,25.8,108
2023-07-13,91.6,152.3,20.67,35.0,1359,11.9,1441,,-9,24.7,26.5,25.2,108
2023-07-14,72.7,13.4,24.0,20.3,-2335,5.5,11,,-9,23.9,25.1,24.6,108
2023-07-15,2.3,0.9,14.25,0.6,203,0.4,240,,-9,23.7,25.7,24.5,108
2023-07-16,9.7,9.6,2.92,9.6,1155,9.3,1229,,-9,23.7,25.4,24.6,108
2023-07-17,1.4,2.0,3.75,1.5,2330,0.8,2340,,-9,23.7,27.8,25.5,108
2023-07-18,2.3,1.7,12.67,0.8,1046,0.5,115,,-9,24.1,27.7,25.2,108
2023-07-19,,,-9.0,,-9,,-9,,-9,22.5,32.4,27.2,108
2023-07-20,,,-9.0,,-9,,-9,,-9,24.0,32.8,27.9,108
2023-07-21,,,-9.0,,-9,,-9,,-9,24.6,34.3,29.5,108
2023-07-22,12.3,37.2,7.08,10.1,1823,6.2,1843,,-9,24.6,32.5,27.7,108
2023-07-23,40.2,15.7,19.0,9.1,657,2.1,729,,-9,24.5,25.8,25.2,108
2023-07-24,0.4,0.1,2.08,0.4,30,0.3,52,,-9,24.6,30.0,26.9,108
2023-07-25,5.6,5.5,1.75,5.5,-9,5.2,2127,,-9,25.8,30.5,27.8,108
2023-07-26,1.0,1.0,2.67,1.0,915,0.8,950,,-9,24.9,31.1,27.6,108
2023-07-27,0.0,0.0,0.25,0.0,-9,0.0,-9,,-9,24.4,32.2,28.4,108
2023-07-28,,,-9.0,,-9,,-9,,-9,25.4,34.1,29.5,108
2023-07-29,,,-9.0,,-9,,-9,,-9,26.1,33.3,29.1,108
2023-07-30,25.0,25.0,3.17,20.0,1801,6.1,1815,,-9,24.9,34.9,28.8,108
2023-07-31,0.3,0.3,0.67,0.3,1455,0.3,1513,,-9,25.6,33.4,28.7,108
2023-08-01,,,-9.0,,-9,,-9,,-9,25.5,34.2,29.9,108
2023-08-02,,,-9.0,,-9,,-9,,-9,26.8,33.7,29.7,108
2023-08-03,,,-9.0,,-9,,-9,,-9,25.8,33.8,29.5,108
2023-08-04,,,-9.0,,-9,,-9,,-9,26.5,34.4,30.0,108
2023-08-05,,,-9.0,,-9,,-9,,-9,26.4,34.9,30.3,108
2023-08-06,4.9,4.9,1.58,4.9,1511,3.7,1556,,-9,27.0,33.0,29.8,108
2023-08-07,,,-9.0,,-9,,-9,,-9,27.3,34.6,30.4,108
2023-08-08,,,-9.0,,-9,,-9,,-9,26.4,35.8,30.9,108
2023-08-09,0.2,5.2,1.58,0.2,-9,0.2,-9,,-9,25.1,31.6,28.3,108
2023-08-10,86.1,100.2,24.0,13.6,1618,3.7,1635,,-9,20.9,25.1,22.2,108
2023-08-11,46.7,27.8,21.5,13.6,1035,3.4,1116,,-9,21.6,24.9,23.5,108
2023-08-12,1.5,1.3,14.42,1.2,1438,0.5,1524,,-9,22.5,24.1,23.3,108
2023-08-13,,,-9.0,,-9,,-9,,-9,22.6,31.1,27.0,108
2023-08-14,,,-9.0,,-9,,-9,,-9,24.8,31.9,28.1,108
2023-08-15,,,-9.0,,-9,,-9,,-9,24.7,32.7,28.6,108
2023-08-16,0.3,0.3,0.92,0.3,1710,0.3,1715,,-9,24.7,31.6,27.3,108
2023-08-17,,,-9.0,,-9,,-9,,-9,24.5,32.4,28.2,108
2023-08-18,0.1,0.1,0.67,0.1,-9,0.1,-9,,-9,25.5,33.3,29.1,108
2023-08-19,,,-9.0,,-9,,-9,,-9,26.4,33.6,29.1,108
2023-08-20,0.0,0.0,1.83,0.0,-9,0.0,-9,,-9,25.5,31.8,28.3,108
2023-08-21,0.0,0.3,1.17,0.0,-9,0.0,-9,,-9,26.0,33.6,29.5,108
2023-08-22,42.6,42.4,7.75,29.0,1703,21.5,1703,,-9,25.8,32.2,27.6,108
2023-08-23,41.8,46.9,17.58,15.6,1154,9.7,1200,,-9,23.2,27.2,24.8,108
2023-08-24,5.2,0.0,4.33,4.3,336,1.2,346,,-9,22.3,27.8,25.1,108
2023-08-25,0.0,,0.17,0.0,-9,0.0,-9,,-9,24.0,30.0,26.5,108
2023-08-26,,,-9.0,,-9,,-9,,-9,23.3,30.3,26.4,108
2023-08-27,0.0,6.1,5.67,0.0,-9,0.0,-9,,-9,22.7,29.6,26.1,108
2023-08-28,10.4,7.0,20.67,2.9,722,0.7,801,,-9,20.8,25.6,22.7,108
2023-08-29,54.8,52.4,16.92,27.2,1058,7.0,1131,,-9,22.5,25.5,23.9,108
2023-08-30,3.5,3.2,10.42,2.3,1616,1.4,1618,,-9,21.5,24.5,22.8,108
2023-08-31,,,-9.0,,-9,,-9,,-9,21.0,28.9,23.9,108
2023-09-01,,,-9.0,,-9,,-9,,-9,19.7,29.6,24.5,108
2023-09-02,,0.1,-9.0,,-9,,-9,,-9,19.7,30.8,25.4,108
2023-09-03,0.1,0.3,2.75,0.1,-9,0.1,-9,,-9,23.1,28.8,25.8,108
2023-09-04,0.3,0.0,2.5,0.2,-9,0.1,-9,,-9,24.3,30.2,27.0,108
2023-09-05,0.0,,0.17,0.0,-9,0.0,-9,,-9,25.0,32.8,28.5,108
2023-09-06,,,-9.0,,-9,,-9,,-9,24.0,32.1,27.9,108
2023-09-07,,,-9.0,,-9,,-9,,-9,20.9,31.6,26.3,108
2023-09-08,,,-9.0,,-9,,-9,,-9,19.6,30.5,25.3,108
2023-09-09,,,-9.0,,-9,,-9,,-9,20.8,31.2,25.8,108
2023-09-10,,,-9.0,,-9,,-9,,-9,22.0,29.6,25.7,108
2023-09-11,,,-9.0,,-9,,-9,,-9,23.1,29.8,25.5,108
2023-09-12,,0.0,-9.0,,-9,,-9,,-9,21.7,29.8,25.7,108
2023-09-13,15.9,15.9,15.75,2.9,1556,0.8,1635,,-9,19.6,24.6,22.1,108
2023-09-14,,1.9,-9.0,,-9,,-9,,-9,19.2,27.2,23.4,108
2023-09-15,2.1,0.5,12.17,0.9,705,0.4,543,,-9,20.3,24.3,22.3,108
2023-09-16,38.7,41.4,9.75,28.0,2101,8.1,2131,,-9,22.0,26.6,23.9,108
2023-09-17,3.0,,2.08,11.4,-2331,1.8,1,,-9,22.0,28.0,24.7,108
2023-09-18,,,-9.0,,-9,,-9,,-9,22.1,28.9,24.7,108
2023-09-19,,2.6,-9.0,,-9,,-9,,-9,21.6,27.2,24.1,108
2023-09-20,35.8,33.2,18.83,9.6,1536,2.4,1540,,-9,18.8,23.9,20.6,108
2023-09-21,0.0,,0.83,0.0,-9,0.0,-9,,-9,17.5,23.6,20.1,108
2023-09-22,,,-9.0,,-9,,-9,,-9,15.2,26.7,20.5,108
2023-09-23,,,-9.0,,-9,,-9,,-9,16.3,27.6,21.8,108
2023-09-24,,0.3,-9.0,,-9,,-9,,-9,17.9,26.2,21.8,108
2023-09-25,1.9,17.7,8.08,1.0,2222,0.3,2041,,-9,17.9,26.0,21.6,108
2023-09-26,27.8,15.8,24.0,6.1,204,1.8,208,,-9,18.6,20.8,19.9,108
2023-09-27,4.4,0.3,11.75,1.4,344,0.4,424,,-9,20.0,23.7,21.5,108
2023-09-28,,,-9.0,,-9,,-9,,-9,19.6,27.3,22.7,108
2023-09-29,,0.3,-9.0,,-9,,-9,,-9,17.4,26.9,21.1,108
2023-09-30,4.5,4.2,6.83,4.2,1333,2.9,1400,,-9,17.1,22.2,19.7,108
2023-10-01,,,-9.0,,-9,,-9,,-9,14.4,23.7,18.4,108
2023-10-02,,,-9.0,,-9,,-9,,-9,12.9,24.6,18.2,108
2023-10-03,,,-9.0,,-9,,-9,,-9,14.4,22.5,17.5,108
2023-10-04,14.7,14.7,2.83,11.7,1607,2.8,1634,,-9,14.2,23.2,17.3,108
2023-10-05,,,-9.0,,-9,,-9,,-9,9.9,19.2,14.2,108
2023-10-06,,,-9.0,,-9,,-9,,-9,9.6,21.5,15.5,108
2023-10-07,,,-9.0,,-9,,-9,,-9,11.7,21.2,16.8,108
2023-10-08,0.0,0.4,2.08,0.0,-9,0.0,-9,,-9,15.2,19.5,17.1,108
2023-10-09,1.2,0.8,4.92,0.7,2055,0.7,2106,,-9,14.1,22.4,17.4,108
2023-10-10,,,-9.0,,-9,,-9,,-9,11.9,23.5,17.1,108
2023-10-11,,,-9.0,,-9,,-9,,-9,12.9,24.0,17.6,108
2023-10-12,,,-9.0,,-9,,-9,,-9,12.0,24.1,17.5,108
2023-10-13,,1.5,-9.0,,-9,,-9,,-9,14.3,21.5,17.5,108
2023-10-14,5.8,4.3,6.25,2.2,1111,1.0,1246,,-9,12.9,18.2,14.7,108
2023-10-15,,,-9.0,,-9,,-9,,-9,10.9,21.2,16.1,108
2023-10-16,,,-9.0,,-9,,-9,,-9,10.7,19.6,14.7,108
2023-10-17,,,-9.0,,-9,,-9,,-9,7.5,20.9,13.8,108
2023-10-18,,8.0,-9.0,,-9,,-9,,-9,9.2,21.6,15.7,108
2023-10-19,8.2,0.2,4.5,7.5,712,4.1,729,,-9,14.9,18.9,17.0,108
2023-10-20,,1.1,-9.0,,-9,,-9,,-9,7.2,15.1,11.6,108
2023-10-21,1.1,,1.17,1.1,740,0.7,801,,-9,5.9,16.6,10.4,108
2023-10-22,,,-9.0,,-9,,-9,,-9,5.4,18.7,12.5,108
2023-10-23,,,-9.0,,-9,,-9,,-9,11.1,21.4,15.2,108
2023-10-24,,,-9.0,,-9,,-9,,-9,11.2,19.3,15.6,108
2023-10-25,,,-9.0,,-9,,-9,,-9,12.7,21.9,16.6,108
2023-10-26,0.0,0.0,2.75,0.0,-9,0.0,-9,,-9,14.6,21.1,17.2,108
2023-10-27,,,-9.0,,-9,,-9,,-9,12.6,20.2,15.7,108
2023-10-28,,,-9.0,,-9,,-9,,-9,9.4,20.7,14.2,108
2023-10-29,,,-9.0,,-9,,-9,,-9,9.8,21.8,14.9,108
2023-10-30,,,-9.0,,-9,,-9,,-9,9.7,21.9,15.1,108
2023-10-31,,0.0,-9.0,,-9,,-9,,-9,12.7,20.8,16.5,108
2023-11-01,0.0,,0.83,,-9,,-9,,-9,17.2,20.6,19.0,108
2023-11-02,,,-9.0,,-9,,-9,,-9,18.7,25.9,20.8,108
2023-11-03,8.5,8.5,2.75,,-9,,-9,,-9,17.7,22.4,19.5,108
2023-11-04,,4.7,-9.0,,-9,,-9,,-9,14.1,20.9,17.4,108
2023-11-05,10.4,46.5,13.17,,-9,,-9,,-9,15.1,20.4,17.3,108
2023-11-06,45.8,5.0,20.25,,-9,,-9,,-9,6.6,19.3,13.3,108
2023-11-07,0.0,,0.25,,-9,,-9,,-9,3.6,9.9,5.8,108
2023-11-08,,,-9.0,,-9,,-9,,-9,1.8,16.1,8.4,108
2023-11-09,5.1,5.1,2.08,,-9,,-9,,-9,5.9,18.4,11.4,108
2023-11-10,,,-9.0,,-9,,-9,,-9,0.5,9.1,3.4,108
2023-11-11,,,-9.0,,-9,,-9,,-9,-1.9,6.7,1.7,108
2023-11-12,,,-9.0,,-9,,-9,,-9,-2.0,5.7,1.2,108
2023-11-13,,,-9.0,,-9,,-9,,-9,-2.2,6.7,2.0,108
2023-11-14,,,-9.0,,-9,,-9,,-9,-0.8,10.8,5.0,108
2023-11-15,,,-9.0,,-9,,-9,,-9,2.0,12.5,7.0,108
2023-11-16,8.4,8.4,11.25,,-9,,-9,,-9,5.7,7.4,6.6,108
2023-11-17,0.0,0.0,1.92,,-9,,-9,,-9,-1.9,5.9,1.6,108
2023-11-18,,,-9.0,,-9,,-9,,-9,-3.8,5.7,0.6,108
2023-11-19,,,-9.0,,-9,,-9,,-9,-0.3,13.4,5.9,108
2023-11-20,,,-9.0,,-9,,-9,,-9,1.8,12.8,6.2,108
2023-11-21,,,-9.0,,-9,,-9,,-9,1.4,14.8,7.4,108
2023-11-22,,0.1,-9.0,,-9,,-9,,-9,2.9,15.1,9.5,108
2023-11-23,0.1,,2.75,,-9,,-9,,-9,1.9,14.6,9.9,108
2023-11-24,,,-9.0,,-9,,-9,,-9,-4.4,2.2,-1.5,108
2023-11-25,,,-9.0,,-9,,-9,,-9,-5.9,4.0,-1.3,108
2023-11-26,0.0,2.1,1.67,,-9,,-9,,-9,-0.1,7.2,4.0,108
2023-11-27,3.6,1.5,12.83,,-9,,-9,,-9,4.4,9.3,6.2,108
2023-11-28,0.0,0.0,0.33,,-9,,-9,,-9,-1.2,5.2,1.3,108
2023-11-29,0.0,0.0,2.33,,-9,,-9,,-9,-4.0,3.0,-1.4,108
2023-11-30,,,-9.0,,-9,,-9,,-9,-7.3,-0.5,-4.3,108
2023-12-01,,,-9.0,,-9,,-9,,-9,-6.8,0.7,-3.2,108
2023-12-02,0.0,0.0,1.47,,-9,,-9,,-9,-4.4,8.0,2.0,108
2023-12-03,,,-9.0,,-9,,-9,,-9,-2.8,6.0,0.8,108
2023-12-04,,,-9.0,,-9,,-9,,-9,-3.0,9.4,2.7,108
2023-12-05,,,-9.0,,-9,,-9,,-9,3.8,12.6,6.8,108
2023-12-06,3.8,3.8,2.33,,-9,,-9,,-9,3.9,8.7,6.1,108
2023-12-07,,,-9.0,,-9,,-9,,-9,0.8,11.4,6.6,108
2023-12-08,,,-9.0,,-9,,-9,,-9,5.1,16.8,11.2,108
2023-12-09,,,-9.0,,-9,,-9,,-9,11.7,16.2,13.7,108
2023-12-10,0.0,1.2,0.08,,-9,,-9,,-9,6.7,15.5,11.4,108
2023-12-11,11.4,10.6,24.0,,-9,,-9,,-9,5.0,12.3,8.9,108
2023-12-12,0.4,,4.75,,-9,,-9,,-9,3.5,9.3,5.4,108
2023-12-13,,0.0,-9.0,,-9,,-9,,-9,2.6,10.3,6.8,108
2023-12-14,17.0,39.9,17.17,,-9,,-9,,-9,6.2,9.1,7.6,108
2023-12-15,31.1,9.7,21.0,,-9,,-9,,-9,3.7,6.2,4.9,108
2023-12-16,1.5,0.0,13.08,,-9,,-9,,-9,-9.9,3.8,-4.1,108
2023-12-17,,,-9.0,,-9,,-9,,-9,-12.4,-6.4,-9.8,108
2023-12-18,,,-9.0,,-9,,-9,,-9,-12.2,-3.6,-7.7,108
2023-12-19,0.3,1.1,10.08,,-9,,-9,,-9,-8.2,0.2,-3.7,108
2023-12-20,0.8,0.0,2.5,,-9,,-9,,-9,-11.9,-2.1,-7.4,108
2023-12-21,,,-9.0,,-9,,-9,,-9,-14.4,-8.0,-11.7,108
2023-12-22,,,-9.0,,-9,,-9,,-9,-14.7,-8.0,-11.6,108
2023-12-23,,1.1,-9.0,,-9,,-9,,-9,-12.7,-0.9,-6.8,108
2023-12-24,1.1,0.5,7.42,,-9,,-9,,-9,-5.6,3.0,-2.2,108
2023-12-25,0.7,0.2,11.33,,-9,,-9,,-9,-2.7,2.1,-0.7,108
2023-12-26,,,-9.0,,-9,,-9,,-9,-2.6,7.2,1.9,108
2023-12-27,,,-9.0,,-9,,-9,,-9,-2.8,6.8,1.5,108
2023-12-28,,,-9.0,,-9,,-9,,-9,-1.7,4.4,1.2,108
2023-12-29,,0.3,-9.0,,-9,,-9,,-9,-1.5,4.6,1.3,108
2023-12-30,13.1,17.5,16.67,,-9,,-9,,-9,-0.9,2.1,0.6,108
2023-12-31,4.7,0.0,9.83,,-9,,-9,,-9,0.6,4.3,2.1,108
2024-01-01,0.0,0.0,2.92,,-9,,-9,,-9,-0.3,7.3,3.3,108
2024-01-02,0.0,0.1,1.58,,-9,,-9,,-9,2.2,4.3,2.9,108
2024-01-03,0.6,0.5,6.25,,-9,,-9,,-9,-1.1,4.0,1.8,108
2024-01-04,,0.0,-9.0,,-9,,-9,,-9,-3.3,4.7,1.4,108
2024-01-05,0.0,,0.42,,-9,,-9,,-9,1.4,9.1,5.0,108
2024-01-06,2.4,2.4,3.08,,-9,,-9,,-9,-2.7,5.2,0.7,108
2024-01-07,,,-9.0,,-9,,-9,,-9,-8.3,-0.9,-4.4,108
2024-01-08,,0.4,-9.0,,-9,,-9,,-9,-10.3,0.0,-4.7,108
2024-01-09,1.6,1.2,13.17,,-9,,-9,,-9,-1.9,0.4,-0.6,108
2024-01-10,,,-9.0,,-9,,-9,,-9,-4.1,3.3,-1.0,108
2024-01-11,,,-9.0,,-9,,-9,,-9,-2.4,4.5,1.7,108
2024-01-12,,,-9.0,,-9,,-9,,-9,-1.4,4.2,0.9,108
2024-01-13,,,-9.0,,-9,,-9,,-9,-3.8,6.4,0.4,108
2024-01-14,3.1,3.1,3.67,,-9,,-9,,-9,-3.3,2.4,-0.6,108
2024-01-15,,,-9.0,,-9,,-9,,-9,-6.9,0.9,-3.7,108
2024-01-16,,,-9.0,,-9,,-9,,-9,-7.2,4.3,-2.1,108
2024-01-17,9.7,10.2,13.17,,-9,,-9,,-9,-2.3,1.9,0.6,108
2024-01-18,0.5,,2.58,,-9,,-9,,-9,1.4,9.4,4.5,108
2024-01-19,,,-9.0,,-9,,-9,,-9,4.0,9.0,5.4,108
2024-01-20,0.4,0.4,11.17,,-9,,-9,,-9,1.9,4.9,3.4,108
2024-01-21,0.4,0.6,8.58,,-9,,-9,,-9,-2.4,4.3,1.7,108
2024-01-22,0.2,,8.83,,-9,,-9,,-9,-11.9,-2.4,-8.7,108
2024-01-23,,,-9.0,,-9,,-9,,-9,-14.0,-8.2,-11.7,108
2024-01-24,,,-9.0,,-9,,-9,,-9,-11.2,-3.7,-8.0,108
2024-01-25,,,-9.0,,-9,,-9,,-9,-9.7,-0.5,-5.3,108
2024-01-26,,,-9.0,,-9,,-9,,-9,-6.9,4.0,-1.7,108
2024-01-27,,,-9.0,,-9,,-9,,-9,-4.6,4.6,-0.5,108
2024-01-28,,,-9.0,,-9,,-9,,-9,-5.0,3.8,-1.5,108
2024-01-29,,,-9.0,,-9,,-9,,-9,-4.8,4.6,-0.4,108
2024-01-30,,,-9.0,,-9,,-9,,-9,-4.0,8.1,1.4,108
2024-01-31,,,-9.0,,-9,,-9,,-9,0.7,10.6,4.7,108
2024-02-01,,,-9.0,,-9,,-9,,-9,-1.3,8.2,2.4,108
2024-02-02,,,-9.0,,-9,,-9,,-9,0.7,7.9,3.1,108
2024-02-03,0.0,0.0,1.83,,-9,,-9,,-9,-0.2,8.3,4.7,108
2024-02-04,,1.2,-9.0,,-9,,-9,,-9,3.7,12.2,7.3,108
2024-02-05,3.9,2.9,21.0,,-9,,-9,,-9,0.1,6.6,2.7,108
2024-02-06,0.2,0.0,7.83,,-9,,-9,,-9,0.0,2.9,1.2,108
2024-02-07,0.0,,3.25,,-9,,-9,,-9,-0.9,2.7,0.6,108
2024-02-08,,,-9.0,,-9,,-9,,-9,-3.0,6.2,0.6,108
2024-02-09,,,-9.0,,-9,,-9,,-9,-2.5,6.1,1.1,108
2024-02-10,,,-9.0,,-9,,-9,,-9,-1.5,7.4,1.7,108
2024-02-11,0.0,0.0,1.5,,-9,,-9,,-9,-3.1,5.5,1.0,108
2024-02-12,,,-9.0,,-9,,-9,,-9,-2.9,10.5,3.5,108
2024-02-13,,,-9.0,,-9,,-9,,-9,2.0,13.7,8.2,108
2024-02-14,,0.1,-9.0,,-9,,-9,,-9,8.8,18.3,12.9,108
2024-02-15,10.9,10.8,13.33,,-9,,-9,,-9,0.6,11.6,4.5,108
2024-02-16,,,-9.0,,-9,,-9,,-9,-1.5,8.1,2.3,108
2024-02-17,,,-9.0,,-9,,-9,,-9,-1.2,11.7,4.4,108
2024-02-18,17.1,24.6,10.08,,-9,,-9,,-9,1.2,9.4,6.2,108
2024-02-19,8.9,1.7,19.5,,-9,,-9,,-9,4.2,11.9,9.1,108
2024-02-20,2.6,8.7,10.08,,-9,,-9,,-9,2.8,6.8,4.3,108
2024-02-21,17.8,20.2,24.0,,-9,,-9,,-9,0.0,4.0,1.9,108
2024-02-22,8.8,0.4,17.17,,-9,,-9,,-9,-1.1,1.6,0.2,108
2024-02-23,0.4,,3.83,,-9,,-9,,-9,-1.0,6.1,1.8,108
2024-02-24,2.3,4.1,6.75,,-9,,-9,,-9,-1.3,5.9,2.0,108
2024-02-25,1.8,0.0,10.42,,-9,,-9,,-9,0.8,5.9,2.8,108
2024-02-26,,,-9.0,,-9,,-9,,-9,-1.2,9.7,3.8,108
2024-02-27,,,-9.0,,-9,,-9,,-9,1.2,9.8,5.3,108
2024-02-28,,,-9.0,,-9,,-9,,-9,3.2,10.1,6.4,108
2024-02-29,,,-9.0,,-9,,-9,,-9,0.3,9.6,4.8,108
2024-03-01,,,-9.0,,-9,,-9,,-9,-7.1,0.3,-4.1,108
2024-03-02,0.0,0.0,2.0,,-9,,-9,,-9,-8.1,4.1,-0.5,108
2024-03-03,,,-9.0,,-9,,-9,,-9,0.4,7.8,4.0,108
2024-03-04,,,-9.0,,-9,,-9,,-9,-1.8,11.7,5.4,108
2024-03-05,,,-9.0,,-9,,-9,,-9,5.5,11.0,8.0,108
2024-03-06,,0.0,-9.0,,-9,,-9,,-9,2.5,10.3,6.2,108
2024-03-07,2.1,2.1,3.83,,-9,,-9,,-9,1.2,8.2,3.9,108
2024-03-08,,,-9.0,,-9,,-9,,-9,-0.7,6.5,2.1,108
2024-03-09,,,-9.0,,-9,,-9,,-9,-2.1,7.1,2.0,108
2024-03-10,,,-9.0,,-9,,-9,,-9,-1.8,10.6,4.2,108
2024-03-11,,0.3,-9.0,,-9,,-9,,-9,2.0,10.8,6.2,108
2024-03-12,2.1,1.8,5.88,,-9,,-9,,-9,4.4,10.0,6.6,108
2024-03-13,,,-9.0,,-9,,-9,,-9,1.3,12.0,6.5,108
2024-03-14,,,-9.0,,-9,,-9,,-9,3.4,15.4,8.5,108
2024-03-15,,,-9.0,,-9,,-9,,-9,4.0,14.5,8.9,108
2024-03-16,,0.1,-9.0,,-9,,-9,,-9,4.4,18.3,10.9,108
2024-03-17,0.1,,0.75,,-9,,-9,,-9,5.4,12.2,8.8,108
2024-03-18,,0.0,-9.0,,-9,,-9,,-9,1.4,13.2,7.1,108
2024-03-19,0.2,0.2,1.5,,-9,,-9,,-9,3.9,9.8,6.7,108
2024-03-20,,,-9.0,,-9,,-9,,-9,1.2,8.7,4.4,108
2024-03-21,,,-9.0,,-9,,-9,,-9,-1.2,11.5,5.0,108
2024-03-22,5.4,5.5,7.25,,-9,,-9,,-9,3.8,15.2,10.4,108
2024-03-23,0.1,,2.75,,-9,,-9,,-9,9.3,18.2,13.0,108
2024-03-24,,,-9.0,,-9,,-9,,-9,10.5,23.4,16.2,108
2024-03-25,5.1,16.6,11.08,,-9,,-9,,-9,6.7,14.5,10.6,108
2024-03-26,11.5,0.0,10.42,,-9,,-9,,-9,3.2,12.4,7.4,108
2024-03-27,,1.5,-9.0,,-9,,-9,,-9,4.4,16.2,10.4,108
2024-03-28,1.9,0.4,10.83,,-9,,-9,,-9,7.8,12.2,10.3,108
2024-03-29,1.4,1.4,4.75,,-9,,-9,,-9,5.0,12.3,7.6,108
2024-03-30,,,-9.0,,-9,,-9,,-9,3.0,15.6,8.8,108
2024-03-31,,,-9.0,,-9,,-9,,-9,3.4,17.7,10.6,108
2024-04-01,,,-9.0,,-9,,-9,,-9,5.5,19.0,12.2,108
2024-04-02,,,-9.0,,-9,,-9,,-9,7.0,23.9,15.4,108
2024-04-03,0.0,0.0,0.25,0.0,-9,0.0,-9,,-9,13.9,19.7,16.6,108
2024-04-04,,,-9.0,,-9,,-9,,-9,12.4,20.3,15.5,108
2024-04-05,,,-9.0,,-9,,-9,,-9,10.2,18.8,14.0,108
2024-04-06,,,-9.0,,-9,,-9,,-9,8.0,18.9,12.7,108
2024-04-07,,,-9.0,,-9,,-9,,-9,7.7,23.4,14.8,108
2024-04-08,,,-9.0,,-9,,-9,,-9,11.0,22.8,16.2,108
2024-04-09,,,-9.0,,-9,,-9,,-9,10.6,20.8,15.3,108
2024-04-10,,0.0,-9.0,,-9,,-9,,-9,10.2,18.5,13.8,108
2024-04-11,0.0,,0.83,0.0,-9,0.0,-9,,-9,11.7,21.1,15.5,108
2024-04-12,,,-9.0,,-9,,-9,,-9,12.0,24.2,17.2,108
2024-04-13,,,-9.0,,-9,,-9,,-9,11.2,27.3,19.1,108
2024-04-14,,1.9,-9.0,,-9,,-9,,-9,13.6,29.4,20.8,108
2024-04-15,17.1,17.5,12.17,8.0,847,3.0,915,,-9,11.7,20.0,16.0,108
2024-04-16,2.3,0.0,6.08,1.2,729,0.4,752,,-9,11.5,17.9,13.3,108
2024-04-17,,,-9.0,,-9,,-9,,-9,9.7,21.8,15.0,108
2024-04-18,,,-9.0,,-9,,-9,,-9,10.7,24.9,17.3,108
2024-04-19,,,-9.0,,-9,,-9,,-9,11.5,24.3,17.6,108
2024-04-20,4.8,4.8,14.0,1.2,1819,0.4,1447,,-9,13.0,17.2,14.9,108
2024-04-21,,,-9.0,,-9,,-9,,-9,13.3,21.7,17.2,108
2024-04-22,,,-9.0,,-9,,-9,,-9,15.0,24.1,18.8,108
2024-04-23,0.0,8.5,3.33,0.0,-9,0.0,-9,,-9,13.2,24.2,17.3,108
2024-04-24,9.0,0.5,7.0,4.3,542,0.9,541,,-9,11.0,16.5,13.2,108
2024-04-25,,,-9.0,,-9,,-9,,-9,10.3,20.8,14.4,108
2024-04-26,,,-9.0,,-9,,-9,,-9,11.4,26.0,17.8,108
2024-04-27,,,-9.0,,-9,,-9,,-9,11.5,26.2,18.2,108
2024-04-28,,,-9.0,,-9,,-9,,-9,13.0,28.9,20.7,108
2024-04-29,,,-9.0,,-9,,-9,,-9,16.9,26.1,20.9,108
2024-04-30,,,-9.0,,-9,,-9,,-9,16.0,22.5,18.6,108
2024-05-01,,,-9.0,,-9,,-9,,-9,13.9,24.0,18.5,108
2024-05-02,,,-9.0,,-9,,-9,,-9,12.4,23.7,18.1,108
2024-05-03,,,-9.0,,-9,,-9,,-9,12.2,27.9,19.7,108
2024-05-04,0.0,3.2,0.17,0.0,-9,0.0,-9,,-9,14.6,28.5,21.4,108
2024-05-05,48.3,54.6,20.08,8.1,1410,3.9,1426,,-9,15.7,20.6,17.8,108
2024-05-06,12.3,5.2,20.17,4.1,128,1.1,127,,-9,13.4,15.7,13.9,108
2024-05-07,2.4,0.0,16.17,1.2,516,0.3,525,,-9,12.2,15.0,13.3,108
2024-05-08,,,-9.0,,-9,,-9,,-9,9.0,21.4,14.7,108
2024-05-09,,,-9.0,,-9,,-9,,-9,10.9,21.8,16.1,108
2024-05-10,,,-9.0,,-9,,-9,,-9,12.5,23.8,17.9,108
2024-05-11,31.7,31.7,9.0,7.7,1653,1.8,1703,,-9,14.0,22.0,17.0,108
2024-05-12,,,-9.0,,-9,,-9,,-9,11.9,21.6,16.6,108
2024-05-13,,,-9.0,,-9,,-9,,-9,11.9,24.5,18.3,108
2024-05-14,,,-9.0,,-9,,-9,,-9,12.7,24.7,18.8,108
2024-05-15,20.6,20.7,10.5,3.9,1525,0.9,1916,,-9,7.2,18.8,12.6,108
2024-05-16,0.1,,1.75,0.3,-2331,0.1,-9,,-9,6.9,19.8,13.7,108
2024-05-17,,,-9.0,,-9,,-9,,-9,10.8,24.9,18.3,108
2024-05-18,,,-9.0,,-9,,-9,,-9,16.0,26.5,20.7,108
2024-05-19,,,-9.0,,-9,,-9,,-9,15.9,27.9,21.5,108
2024-05-20,,,-9.0,,-9,,-9,,-9,16.8,22.8,19.4,108
2024-05-21,,,-9.0,,-9,,-9,,-9,16.3,28.3,21.7,108
2024-05-22,,,-9.0,,-9,,-9,,-9,16.4,25.5,20.5,108
2024-05-23,,,-9.0,,-9,,-9,,-9,15.8,26.4,20.2,108
2024-05-24,,,-9.0,,-9,,-9,,-9,15.7,24.7,20.1,108
2024-05-25,,,-9.0,,-9,,-9,,-9,18.7,24.7,21.4,108
2024-05-26,8.7,8.7,8.33,3.0,1656,1.1,1720,,-9,17.0,23.7,19.9,108
2024-05-27,,,-9.0,,-9,,-9,,-9,14.1,22.6,18.5,108
2024-05-28,,,-9.0,,-9,,-9,,-9,14.3,26.1,20.4,108
2024-05-29,,,-9.0,,-9,,-9,,-9,15.4,26.8,21.2,108
2024-05-30,,,-9.0,,-9,,-9,,-9,16.2,24.6,20.7,108
2024-05-31,1.0,1.0,1.75,1.0,-9,1.0,1828,,-9,16.9,25.4,20.4,108
2024-06-01,0.0,,0.67,0.0,-9,0.0,-9,,-9,17.5,25.2,20.7,108
2024-06-02,,,-9.0,,-9,,-9,,-9,15.7,25.8,20.4,108
2024-06-03,,,-9.0,,-9,,-9,,-9,15.7,28.7,22.2,108
2024-06-04,,,-9.0,,-9,,-9,,-9,16.3,29.3,22.8,108
2024-06-05,,,-9.0,,-9,,-9,,-9,18.1,30.1,23.6,108
2024-06-06,,,-9.0,,-9,,-9,,-9,19.3,31.4,24.1,108
2024-06-07,0.8,4.6,4.17,0.8,2259,0.6,2341,,-9,18.3,28.0,23.1,108
2024-06-08,16.9,13.1,11.5,12.4,903,3.5,926,,-9,17.9,25.0,20.3,108
2024-06-09,,,-9.0,,-9,,-9,,-9,17.4,28.8,22.9,108
2024-06-10,,,-9.0,,-9,,-9,,-9,19.0,31.1,24.7,108
2024-06-11,,,-9.0,,-9,,-9,,-9,21.7,31.6,25.4,108
2024-06-12,,,-9.0,,-9,,-9,,-9,19.2,31.8,24.8,108
2024-06-13,,,-9.0,,-9,,-9,,-9,20.0,32.8,26.4,108
2024-06-14,,5.7,-9.0,,-9,,-9,,-9,21.4,33.0,26.3,108
2024-06-15,6.1,0.4,6.0,5.1,328,3.0,349,,-9,21.8,28.2,24.2,108
2024-06-16,,,-9.0,,-9,,-9,,-9,19.9,29.5,24.3,108
2024-06-17,,,-9.0,,-9,,-9,,-9,18.9,30.2,24.8,108
2024-06-18,,,-9.0,,-9,,-9,,-9,20.4,32.9,26.0,108
2024-06-19,,,-9.0,,-9,,-9,,-9,21.4,35.8,28.8,108
2024-06-20,,,-9.0,,-9,,-9,,-9,23.4,35.4,29.4,108
2024-06-21,,0.0,-9.0,,-9,,-9,,-9,22.9,33.9,28.1,108
2024-06-22,16.5,18.6,13.67,4.7,1014,1.1,1038,,-9,22.6,26.1,24.2,108
2024-06-23,5.1,3.0,8.42,3.0,2049,3.0,2139,,-9,22.5,30.1,25.1,108
2024-06-24,0.0,,0.33,0.0,-9,0.0,-9,,-9,21.2,27.9,24.3,108
2024-06-25,,,-9.0,,-9,,-9,,-9,19.1,27.2,22.9,108
2024-06-26,,,-9.0,,-9,,-9,,-9,18.9,31.6,24.9,108
2024-06-27,,,-9.0,,-9,,-9,,-9,20.6,31.6,26.3,108
2024-06-28,,,-9.0,,-9,,-9,,-9,21.3,32.5,26.6,108
2024-06-29,38.3,70.4,5.42,20.7,2035,6.1,2102,,-9,21.6,32.3,26.7,108
2024-06-30,32.2,0.1,7.08,15.9,6,9.6,18,,-9,22.0,24.9,23.5,108
2024-07-01,,1.0,-9.0,,-9,,-9,,-9,22.0,31.3,26.3,108
2024-07-02,65.1,64.9,17.25,24.0,1127,5.6,1155,,-9,21.9,25.2,23.2,108
2024-07-03,0.8,0.0,3.67,1.2,-2331,0.3,29,,-9,23.6,25.9,24.7,108
2024-07-04,3.6,7.7,3.13,3.6,2155,3.0,2209,,-9,23.2,30.6,26.8,108
2024-07-05,4.1,2.5,6.92,3.3,-2344,2.6,9,,-9,21.3,26.1,23.4,108
2024-07-06,2.8,0.3,5.92,2.0,449,1.2,539,,-9,22.1,30.0,25.1,108
2024-07-07,28.7,38.2,5.17,26.8,1813,9.4,1856,,-9,21.5,28.2,24.4,108
2024-07-08,21.1,11.6,17.83,7.1,352,3.9,431,,-9,23.1,24.5,23.8,108
2024-07-09,0.3,1.7,6.17,0.2,-9,0.1,-9,,-9,22.7,26.7,24.5,108
2024-07-10,1.4,0.0,3.92,1.4,-2349,0.7,23,,-9,22.7,31.1,26.6,108
2024-07-11,,,-9.0,,-9,,-9,,-9,23.3,28.9,25.7,108
2024-07-12,,,-9.0,,-9,,-9,,-9,21.8,30.2,25.6,108
2024-07-13,0.0,0.0,0.5,0.0,-9,0.0,-9,,-9,23.5,33.3,28.1,108
2024-07-14,0.4,0.4,0.47,0.4,-9,0.4,1940,,-9,24.9,32.1,28.4,108
2024-07-15,0.0,0.0,0.17,0.0,-9,0.0,-9,,-9,24.5,31.3,28.4,108
2024-07-16,17.0,62.3,9.93,7.3,1904,5.3,1926,,-9,24.6,30.7,27.0,108
2024-07-17,98.8,109.2,18.58,63.3,825,16.5,905,,-9,24.1,28.1,25.4,108
2024-07-18,128.8,73.2,17.92,20.2,1410,9.3,352,,-9,23.1,25.6,24.3,108
2024-07-19,0.1,0.0,3.83,0.1,-9,0.1,-9,,-9,24.2,30.8,27.0,108
2024-07-20,14.9,22.3,4.42,13.8,1829,10.7,1850,,-9,25.1,30.6,27.2,108
2024-07-21,8.5,12.5,8.47,4.2,358,2.3,447,,-9,22.5,29.8,26.5,108
2024-07-22,79.9,68.6,10.33,32.2,2253,24.2,2328,,-9,24.3,27.9,26.6,108
2024-07-23,2.0,16.0,6.33,1.0,1039,0.8,1038,,-9,25.8,27.3,26.4,108
2024-07-24,14.7,0.6,6.25,12.4,447,10.2,514,,-9,26.0,30.9,28.1,108
2024-07-25,25.3,26.0,2.67,15.1,2110,9.8,2117,,-9,25.4,32.2,28.8,108
2024-07-26,5.5,4.8,3.0,5.0,-2331,2.8,1334,,-9,25.2,32.7,28.7,108
2024-07-27,33.5,33.5,4.92,15.1,1655,10.9,1656,,-9,27.5,31.7,28.9,108
2024-07-28,0.0,0.0,0.33,0.0,-9,0.0,-9,,-9,27.3,32.2,29.2,108
2024-07-29,0.0,0.0,5.5,0.0,-9,0.0,-9,,-9,26.8,27.8,27.4,108
2024-07-30,,,-9.0,,-9,,-9,,-9,26.3,31.9,28.6,108
2024-07-31,,0.3,-9.0,,-9,,-9,,-9,27.0,33.3,29.4,108
2024-08-01,0.3,,1.42,0.3,320,0.3,405,,-9,27.3,33.2,29.9,108
2024-08-02,,,-9.0,,-9,,-9,,-9,28.2,32.5,29.6,108
2024-08-03,,,-9.0,,-9,,-9,,-9,27.2,34.2,30.2,108
2024-08-04,,0.5,-9.0,,-9,,-9,,-9,27.3,36.2,31.8,108
2024-08-05,1.3,0.8,3.53,0.8,2255,0.5,350,,-9,26.9,33.7,30.0,108
2024-08-06,0.0,,0.75,0.0,-9,0.0,-9,,-9,25.6,33.5,29.5,108
2024-08-07,3.4,3.4,1.33,3.4,950,3.2,1014,,-9,27.2,33.4,29.6,108
2024-08-08,0.0,0.0,1.83,0.0,-9,0.0,-9,,-9,26.9,31.6,28.5,108
2024-08-09,,,-9.0,,-9,,-9,,-9,25.6,33.6,29.3,108
2024-08-10,,,-9.0,,-9,,-9,,-9,26.4,33.6,30.0,108
2024-08-11,,,-9.0,,-9,,-9,,-9,27.8,34.4,30.8,108
2024-08-12,,,-9.0,,-9,,-9,,-9,28.2,34.1,31.1,108
2024-08-13,0.0,0.0,2.08,0.0,-9,0.0,-9,,-9,28.1,36.4,31.3,108
2024-08-14,3.0,3.3,1.75,3.0,1645,2.7,1645,,-9,27.3,34.9,30.0,108
2024-08-15,6.4,6.1,3.25,6.1,1620,4.9,1631,,-9,26.7,34.6,29.2,108
2024-08-16,0.0,0.0,0.25,0.0,-9,0.0,-9,,-9,26.8,34.3,29.8,108
2024-08-17,11.0,11.0,1.5,11.0,1750,7.4,1806,,-9,27.2,34.0,29.8,108
2024-08-18,0.0,0.0,1.08,0.0,-9,0.0,-9,,-9,27.0,33.9,29.5,108
2024-08-19,2.3,2.3,0.92,2.3,1755,2.2,1813,,-9,26.3,35.3,29.7,108
2024-08-20,0.0,40.0,0.25,0.0,-9,0.0,-9,,-9,27.0,35.4,31.4,108
2024-08-21,42.2,2.2,12.75,14.7,733,6.3,550,,-9,26.9,30.8,28.4,108
2024-08-22,0.6,0.6,4.42,0.5,1550,0.5,1554,,-9,27.1,30.3,28.6,108
2024-08-23,0.0,,0.5,0.0,-9,0.0,-9,,-9,26.4,31.8,28.4,108
2024-08-24,2.0,2.0,3.42,1.5,1135,0.8,1153,,-9,25.1,30.9,27.6,108
2024-08-25,,,-9.0,,-9,,-9,,-9,24.9,32.7,28.5,108
2024-08-26,0.0,0.0,0.25,0.0,-9,0.0,-9,,-9,25.6,30.6,28.1,108
2024-08-27,0.3,0.3,5.58,0.3,827,0.2,-9,,-9,24.6,30.3,26.5,108
2024-08-28,,,-9.0,,-9,,-9,,-9,23.0,33.2,28.2,108
2024-08-29,,,-9.0,,-9,,-9,,-9,23.4,33.5,28.4,108
2024-08-30,,,-9.0,,-9,,-9,,-9,23.7,32.9,28.0,108
2024-08-31,,,-9.0,,-9,,-9,,-9,22.6,33.0,27.6,108
2024-09-01,,2.7,-9.0,,-9,,-9,,-9,24.6,31.6,27.1,108
2024-09-02,2.7,0.0,5.42,2.0,437,1.0,522,,-9,22.2,26.9,24.5,108
2024-09-03,,,-9.0,,-9,,-9,,-9,23.2,32.0,27.0,108
2024-09-04,,,-9.0,,-9,,-9,,-9,23.2,33.3,27.9,108
2024-09-05,6.9,7.3,4.42,4.7,1346,2.6,1437,,-9,25.6,28.8,26.3,108
2024-09-06,0.7,0.3,9.75,0.3,230,0.3,320,,-9,23.3,25.7,24.0,108
2024-09-07,0.0,,0.42,0.0,-9,0.0,-9,,-9,22.8,31.3,26.5,108
2024-09-08,,,-9.0,,-9,,-9,,-9,22.6,32.8,27.2,108
2024-09-09,,,-9.0,,-9,,-9,,-9,24.1,34.1,28.5,108
2024-09-10,,,-9.0,,-9,,-9,,-9,25.6,33.9,29.4,108
2024-09-11,0.4,26.6,2.25,0.4,2227,0.2,2307,,-9,25.4,34.6,29.0,108
2024-09-12,32.7,7.1,18.83,7.8,501,2.6,644,,-9,24.8,27.1,25.4,108
2024-09-13,7.6,7.0,18.67,2.6,1500,1.1,2108,,-9,24.2,28.0,25.9,108
2024-09-14,0.0,,0.33,0.0,-9,0.0,-9,,-9,25.2,32.2,28.0,108
2024-09-15,,9.5,-9.0,,-9,,-9,,-9,24.2,32.4,27.5,108
2024-09-16,9.5,,3.0,8.0,531,3.6,544,,-9,21.3,32.2,26.8,108
2024-09-17,,,-9.0,,-9,,-9,,-9,25.8,33.2,28.6,108
2024-09-18,0.7,0.7,0.5,0.7,2225,0.6,2243,,-9,26.5,33.6,29.4,108
2024-09-19,,7.5,-9.0,,-9,,-9,,-9,25.6,32.6,29.1,108
2024-09-20,54.5,73.4,15.33,15.8,2215,5.2,2248,,-9,17.9,28.6,25.0,108
2024-09-21,27.0,0.6,8.83,10.4,745,4.9,613,,-9,17.1,21.9,19.3,108
2024-09-22,,,-9.0,,-9,,-9,,-9,16.9,26.7,21.0,108
2024-09-23,,,-9.0,,-9,,-9,,-9,16.6,26.1,20.8,108
2024-09-24,,,-9.0,,-9,,-9,,-9,15.6,26.9,21.0,108
2024-09-25,0.0,1.2,0.5,0.0,-9,0.0,-9,,-9,18.6,27.3,23.3,108
2024-09-26,1.2,,3.58,1.1,510,0.9,551,,-9,21.1,28.0,23.6,108
2024-09-27,,,-9.0,,-9,,-9,,-9,19.1,28.0,22.7,108
2024-09-28,,,-9.0,,-9,,-9,,-9,19.2,27.9,23.2,108
2024-09-29,,,-9.0,,-9,,-9,,-9,19.1,29.0,23.5,108
2024-09-30,,2.2,-9.0,,-9,,-9,,-9,18.3,28.5,23.0,108
2024-10-01,2.5,0.3,4.5,2.1,515,1.3,550,,-9,13.3,21.7,18.3,108
2024-10-02,,,-9.0,,-9,,-9,,-9,11.6,19.9,14.9,108
2024-10-03,,,-9.0,,-9,,-9,,-9,10.8,22.5,16.4,108
2024-10-04,,,-9.0,,-9,,-9,,-9,11.9,24.2,17.6,108
2024-10-05,,,-9.0,,-9,,-9,,-9,11.6,24.4,17.5,108
2024-10-06,0.0,0.0,2.67,0.0,-9,0.0,-9,,-9,12.3,17.9,15.4,108
2024-10-07,,,-9.0,,-9,,-9,,-9,14.0,20.7,16.9,108
2024-10-08,,,-9.0,,-9,,-9,,-9,12.7,23.9,17.7,108
2024-10-09,,,-9.0,,-9,,-9,,-9,13.9,24.4,18.8,108
2024-10-10,0.0,0.0,0.17,0.0,-9,0.0,-9,,-9,15.3,24.1,18.8,108
2024-10-11,,,-9.0,,-9,,-9,,-9,13.9,24.4,18.6,108
2024-10-12,,,-9.0,,-9,,-9,,-9,13.4,24.7,18.3,108
2024-10-13,,,-9.0,,-9,,-9,,-9,12.6,22.6,18.3,108
2024-10-14,0.0,0.4,1.5,0.0,-9,0.0,-9,,-9,17.6,21.5,19.3,108
2024-10-15,0.5,0.1,5.58,0.4,301,0.2,-9,,-9,17.6,21.9,19.2,108
2024-10-16,,,-9.0,,-9,,-9,,-9,14.4,24.2,18.2,108
2024-10-17,,0.0,-9.0,,-9,,-9,,-9,13.8,25.7,19.0,108
2024-10-18,47.1,48.1,11.33,20.9,1432,9.0,1514,,-9,16.2,18.8,17.4,108
2024-10-19,1.0,,2.08,0.9,155,0.3,215,,-9,12.4,21.1,16.6,108
2024-10-20,,,-9.0,,-9,,-9,,-9,10.5,17.8,13.4,108
2024-10-21,0.0,1.0,2.33,0.0,-9,0.0,-9,,-9,9.7,19.3,14.8,108
2024-10-22,20.6,21.9,21.5,3.6,1713,1.4,1750,,-9,14.9,16.6,15.5,108
2024-10-23,2.3,,5.5,2.0,-2331,0.7,-2356,,-9,9.4,15.5,12.7,108
2024-10-24,,,-9.0,,-9,,-9,,-9,7.1,18.4,12.5,108
2024-10-25,,,-9.0,,-9,,-9,,-9,8.7,21.5,14.9,108
2024-10-26,,,-9.0,,-9,,-9,,-9,10.7,24.0,17.0,108
2024-10-27,0.0,0.0,0.58,0.0,-9,0.0,-9,,-9,14.0,18.8,16.0,108
2024-10-28,0.0,0.0,0.13,0.0,-9,0.0,-9,,-9,12.3,20.4,15.7,108
2024-10-29,0.0,0.0,1.0,0.0,-9,0.0,-9,,-9,13.4,18.3,15.0,108
2024-10-30,,,-9.0,,-9,,-9,,-9,11.4,21.4,15.7,108
2024-10-31,,,-9.0,,-9,,-9,,-9,11.0,22.6,15.9,108
2024-11-01,,,-9.0,,-9,,-9,,-9,12.9,18.7,15.3,108
2024-11-02,,,-9.0,,-9,,-9,,-9,13.0,25.1,18.1,108
2024-11-03,0.0,0.1,0.15,,-9,,-9,,-9,13.0,23.5,17.6,108
2024-11-04,0.1,,0.5,,-9,,-9,,-9,8.9,18.3,14.8,108
2024-11-05,,,-9.0,,-9,,-9,,-9,5.6,14.7,9.1,108
2024-11-06,,,-9.0,,-9,,-9,,-9,4.1,12.5,7.5,108
2024-11-07,,,-9.0,,-9,,-9,,-9,1.6,15.7,7.8,108
2024-11-08,,,-9.0,,-9,,-9,,-9,3.1,18.1,10.2,108
2024-11-09,,,-9.0,,-9,,-9,,-9,6.8,20.3,12.9,108
2024-11-10,,,-9.0,,-9,,-9,,-9,10.3,21.0,14.4,108
2024-11-11,,,-9.0,,-9,,-9,,-9,9.7,21.8,14.6,108
2024-11-12,,,-9.0,,-9,,-9,,-9,11.0,19.2,14.3,108
2024-11-13,,,-9.0,,-9,,-9,,-9,8.3,21.3,14.2,108
2024-11-14,0.1,0.1,4.0,,-9,,-9,,-9,13.2,16.8,14.8,108
2024-11-15,0.0,,0.75,,-9,,-9,,-9,13.7,21.5,17.0,108
2024-11-16,6.5,6.5,5.92,,-9,,-9,,-9,14.4,22.6,17.0,108
2024-11-17,,,-9.0,,-9,,-9,,-9,2.1,14.4,7.0,108
2024-11-18,,,-9.0,,-9,,-9,,-9,-0.7,7.9,2.8,108
2024-11-19,,,-9.0,,-9,,-9,,-9,0.3,11.3,5.7,108
2024-11-20,,0.0,-9.0,,-9,,-9,,-9,2.4,9.6,6.5,108
2024-11-21,0.0,0.0,1.83,,-9,,-9,,-9,6.0,14.1,9.7,108
2024-11-22,,,-9.0,,-9,,-9,,-9,3.3,10.6,6.2,108
2024-11-23,,,-9.0,,-9,,-9,,-9,1.5,12.6,6.4,108
2024-11-24,,,-9.0,,-9,,-9,,-9,2.6,14.2,7.4,108
2024-11-25,0.0,16.0,0.42,,-9,,-9,,-9,3.6,15.4,10.1,108
2024-11-26,26.0,26.3,21.67,,-9,,-9,,-9,1.0,12.7,5.8,108
2024-11-27,22.4,11.0,19.17,,-9,,-9,,-9,-1.3,1.2,-0.4,108
2024-11-28,4.9,,8.83,,-9,,-9,,-9,-1.7,3.4,0.8,108
2024-11-29,0.0,0.0,2.58,,-9,,-9,,-9,-3.4,3.4,0.2,108
2024-11-30,0.0,0.0,1.42,,-9,,-9,,-9,-0.5,5.6,2.5,108
2024-12-01,0.5,0.5,2.08,,-9,,-9,,-9,1.6,8.2,5.2,108
2024-12-02,0.0,0.0,0.25,,-9,,-9,,-9,0.6,13.0,6.4,108
2024-12-03,0.0,0.0,1.08,,-9,,-9,,-9,-2.4,5.2,1.3,108
2024-12-04,0.0,,0.5,,-9,,-9,,-9,-0.6,6.9,3.1,108
2024-12-05,1.8,1.8,0.88,,-9,,-9,,-9,-0.1,8.8,3.9,108
2024-12-06,,,-9.0,,-9,,-9,,-9,-0.4,5.2,2.1,108
2024-12-07,,,-9.0,,-9,,-9,,-9,-2.5,4.6,0.2,108
2024-12-08,,,-9.0,,-9,,-9,,-9,-3.9,4.1,-0.2,108
2024-12-09,,,-9.0,,-9,,-9,,-9,-3.8,7.4,1.0,108
2024-12-10,,,-9.0,,-9,,-9,,-9,-1.9,6.9,2.6,108
2024-12-11,,,-9.0,,-9,,-9,,-9,0.2,8.2,3.0,108
2024-12-12,,,-9.0,,-9,,-9,,-9,-3.2,5.4,0.5,108
2024-12-13,,,-9.0,,-9,,-9,,-9,-1.5,4.5,1.0,108
2024-12-14,,0.0,-9.0,,-9,,-9,,-9,-3.6,2.5,-0.8,108
2024-12-15,0.0,0.0,0.33,,-9,,-9,,-9,-2.2,5.4,1.2,108
2024-12-16,0.0,0.0,4.75,,-9,,-9,,-9,-3.3,3.9,-0.2,108
2024-12-17,,,-9.0,,-9,,-9,,-9,-3.5,3.8,-0.8,108
2024-12-18,,,-9.0,,-9,,-9,,-9,-6.2,0.9,-3.4,108
2024-12-19,,,-9.0,,-9,,-9,,-9,-6.7,4.9,-1.4,108
2024-12-20,0.4,3.3,4.07,,-9,,-9,,-9,-2.1,5.3,1.4,108
2024-12-21,2.9,,6.25,,-9,,-9,,-9,-4.7,1.9,-0.7,108
2024-12-22,,,-9.0,,-9,,-9,,-9,-7.7,1.0,-3.4,108
2024-12-23,,,-9.0,,-9,,-9,,-9,-5.0,6.7,0.3,108
2024-12-24,,,-9.0,,-9,,-9,,-9,-4.3,5.1,-0.4,108
2024-12-25,0.1,0.1,0.5,,-9,,-9,,-9,-1.1,6.5,2.7,108
2024-12-26,0.0,,0.25,,-9,,-9,,-9,-4.8,4.2,0.1,108
2024-12-27,0.0,0.0,2.0,,-9,,-9,,-9,-5.9,1.8,-2.6,108
2024-12-28,,,-9.0,,-9,,-9,,-9,-6.7,1.1,-3.0,108
2024-12-29,,,-9.0,,-9,,-9,,-9,-4.2,6.1,1.1,108
2024-12-30,0.0,0.0,0.25,,-9,,-9,,-9,1.9,10.1,5.5,108
2024-12-31,0.0,,0.33,,-9,,-9,,-9,-2.0,4.9,0.6,108
